0 verbose cli C:\Program Files\nodejs\node.exe C:\Program Files\nodejs\node_modules\npm\bin\npm-cli.js
1 info using npm@11.8.0
2 info using node@v24.13.1
3 silly config load:file:C:\Program Files\nodejs\node_modules\npm\npmrc
4 silly config load:file:C:\Users\Maurice Ogada\cholesterol\.npmrc
5 silly config load:file:C:\Users\Maurice Ogada\.npmrc
6 silly config load:file:C:\Users\Maurice Ogada\cholesterol\Users OgadaAppDataRoamingnpm\etc\npmrc
7 verbose title npm install
8 verbose argv "install" "--ignore-scripts"
9 verbose logfile logs-max:10 dir:C:\Users\Maurice Ogada\cholesterol\Users OgadaAppDataLocalnpm-cache\_logs\2026-02-24T04_35_12_471Z-
10 verbose logfile C:\Users\Maurice Ogada\cholesterol\Users OgadaAppDataLocalnpm-cache\_logs\2026-02-24T04_35_12_471Z-debug-0.log
11 silly logfile done cleaning log files
12 silly packumentCache heap:2348810240 maxSize:587202560 maxEntrySize:293601280
13 silly idealTree buildDeps
14 silly fetch manifest @angular/common@^21.1.0
15 silly packumentCache full:https://registry.npmjs.org/@angular%2fcommon cache-miss
16 http fetch GET 200 https://registry.npmjs.org/npm 347ms
17 http fetch GET 200 https://registry.npmjs.org/@angular%2fcommon 438ms (cache miss)
18 silly packumentCache full:https://registry.npmjs.org/@angular%2fcommon set size:undefined disposed:false
19 silly fetch manifest @angular/core@^21.1.0
20 silly packumentCache full:https://registry.npmjs.org/@angular%2fcore cache-miss
21 http fetch GET 200 https://registry.npmjs.org/@angular%2fcore 241ms (cache miss)
22 silly packumentCache full:https://registry.npmjs.org/@angular%2fcore set size:undefined disposed:false
23 silly fetch manifest @angular/compiler@^21.1.0
24 silly packumentCache full:https://registry.npmjs.org/@angular%2fcompiler cache-miss
25 http fetch GET 200 https://registry.npmjs.org/@angular%2fcompiler 338ms (cache miss)
26 silly packumentCache full:https://registry.npmjs.org/@angular%2fcompiler set size:undefined disposed:false
27 silly fetch manifest rxjs@~7.8.0
28 silly packumentCache full:https://registry.npmjs.org/rxjs cache-miss
29 http fetch GET 200 https://registry.npmjs.org/rxjs 121ms (cache miss)
30 silly packumentCache full:https://registry.npmjs.org/rxjs set size:undefined disposed:false
31 silly fetch manifest zone.js@~0.15.0 || ~0.16.0
32 silly packumentCache full:https://registry.npmjs.org/zone.js cache-miss
33 http fetch GET 200 https://registry.npmjs.org/zone.js 159ms (cache miss)
34 silly packumentCache full:https://registry.npmjs.org/zone.js set size:undefined disposed:false
35 silly fetch manifest @angular/forms@^21.1.0
36 silly packumentCache full:https://registry.npmjs.org/@angular%2fforms cache-miss
37 http fetch GET 200 https://registry.npmjs.org/@angular%2fforms 198ms (cache miss)
38 silly packumentCache full:https://registry.npmjs.org/@angular%2fforms set size:undefined disposed:false
39 silly fetch manifest @angular/platform-browser@^21.1.0
40 silly packumentCache full:https://registry.npmjs.org/@angular%2fplatform-browser cache-miss
41 http fetch GET 200 https://registry.npmjs.org/@angular%2fplatform-browser 231ms (cache miss)
42 silly packumentCache full:https://registry.npmjs.org/@angular%2fplatform-browser set size:undefined disposed:false
43 silly fetch manifest @angular/animations@21.1.5
44 silly packumentCache full:https://registry.npmjs.org/@angular%2fanimations cache-miss
45 http fetch GET 200 https://registry.npmjs.org/@angular%2fanimations 1836ms (cache miss)
46 silly packumentCache full:https://registry.npmjs.org/@angular%2fanimations set size:undefined disposed:false
47 silly fetch manifest @angular/router@^21.1.0
48 silly packumentCache full:https://registry.npmjs.org/@angular%2frouter cache-miss
49 http fetch GET 200 https://registry.npmjs.org/@angular%2frouter 1281ms (cache miss)
50 silly packumentCache full:https://registry.npmjs.org/@angular%2frouter set size:undefined disposed:false
51 silly fetch manifest tslib@^2.3.0
52 silly packumentCache full:https://registry.npmjs.org/tslib cache-miss
53 http fetch GET 200 https://registry.npmjs.org/tslib 80ms (cache miss)
54 silly packumentCache full:https://registry.npmjs.org/tslib set size:undefined disposed:false
55 silly fetch manifest @angular/build@^21.1.4
56 silly packumentCache full:https://registry.npmjs.org/@angular%2fbuild cache-miss
57 http fetch GET 200 https://registry.npmjs.org/@angular%2fbuild 278ms (cache miss)
58 silly packumentCache full:https://registry.npmjs.org/@angular%2fbuild set size:undefined disposed:false
59 silly fetch manifest @angular/compiler-cli@^21.1.0
60 silly packumentCache full:https://registry.npmjs.org/@angular%2fcompiler-cli cache-miss
61 http fetch GET 200 https://registry.npmjs.org/@angular%2fcompiler-cli 205ms (cache miss)
62 silly packumentCache full:https://registry.npmjs.org/@angular%2fcompiler-cli set size:undefined disposed:false
63 silly fetch manifest typescript@~5.9.2
64 silly packumentCache full:https://registry.npmjs.org/typescript cache-miss
65 http fetch GET 200 https://registry.npmjs.org/typescript 401ms (cache miss)
66 silly packumentCache full:https://registry.npmjs.org/typescript set size:undefined disposed:false
67 silly fetch manifest @angular/localize@^21.0.0
68 silly packumentCache full:https://registry.npmjs.org/@angular%2flocalize cache-miss
69 http fetch GET 200 https://registry.npmjs.org/@angular%2flocalize 149ms (cache miss)
70 silly packumentCache full:https://registry.npmjs.org/@angular%2flocalize set size:undefined disposed:false
71 silly fetch manifest @angular/platform-server@^21.0.0
72 silly packumentCache full:https://registry.npmjs.org/@angular%2fplatform-server cache-miss
73 http fetch GET 200 https://registry.npmjs.org/@angular%2fplatform-server 142ms (cache miss)
74 silly packumentCache full:https://registry.npmjs.org/@angular%2fplatform-server set size:undefined disposed:false
75 silly fetch manifest @angular/service-worker@^21.0.0
76 silly packumentCache full:https://registry.npmjs.org/@angular%2fservice-worker cache-miss
77 http fetch GET 200 https://registry.npmjs.org/@angular%2fservice-worker 244ms (cache miss)
78 silly packumentCache full:https://registry.npmjs.org/@angular%2fservice-worker set size:undefined disposed:false
79 silly fetch manifest @angular/ssr@^21.1.5
80 silly packumentCache full:https://registry.npmjs.org/@angular%2fssr cache-miss
81 http fetch GET 200 https://registry.npmjs.org/@angular%2fssr 135ms (cache miss)
82 silly packumentCache full:https://registry.npmjs.org/@angular%2fssr set size:undefined disposed:false
83 silly fetch manifest karma@^6.4.0
84 silly packumentCache full:https://registry.npmjs.org/karma cache-miss
85 http fetch GET 200 https://registry.npmjs.org/karma 235ms (cache miss)
86 silly packumentCache full:https://registry.npmjs.org/karma set size:undefined disposed:false
87 silly fetch manifest less@^4.2.0
88 silly packumentCache full:https://registry.npmjs.org/less cache-miss
89 http fetch GET 200 https://registry.npmjs.org/less 51ms (cache miss)
90 silly packumentCache full:https://registry.npmjs.org/less set size:undefined disposed:false
91 silly fetch manifest ng-packagr@^21.0.0
92 silly packumentCache full:https://registry.npmjs.org/ng-packagr cache-miss
93 http fetch GET 200 https://registry.npmjs.org/ng-packagr 62ms (cache miss)
94 silly packumentCache full:https://registry.npmjs.org/ng-packagr set size:undefined disposed:false
95 silly fetch manifest tailwindcss@^2.0.0 || ^3.0.0 || ^4.0.0
96 silly packumentCache full:https://registry.npmjs.org/tailwindcss cache-miss
97 http fetch GET 200 https://registry.npmjs.org/tailwindcss 259ms (cache miss)
98 silly packumentCache full:https://registry.npmjs.org/tailwindcss set size:undefined disposed:false
99 silly fetch manifest postcss@^8.4.0
100 silly packumentCache full:https://registry.npmjs.org/postcss cache-miss
101 http fetch GET 200 https://registry.npmjs.org/postcss 56ms (cache miss)
102 silly packumentCache full:https://registry.npmjs.org/postcss set size:undefined disposed:false
103 silly fetch manifest vitest@^4.0.8
104 silly packumentCache full:https://registry.npmjs.org/vitest cache-miss
105 http fetch GET 200 https://registry.npmjs.org/vitest 194ms (cache miss)
106 silly packumentCache full:https://registry.npmjs.org/vitest set size:undefined disposed:false
107 silly fetch manifest @edge-runtime/vm@*
108 silly packumentCache full:https://registry.npmjs.org/@edge-runtime%2fvm cache-miss
109 http fetch GET 200 https://registry.npmjs.org/@edge-runtime%2fvm 465ms (cache miss)
110 silly packumentCache full:https://registry.npmjs.org/@edge-runtime%2fvm set size:undefined disposed:false
111 silly fetch manifest @opentelemetry/api@^1.9.0
112 silly packumentCache full:https://registry.npmjs.org/@opentelemetry%2fapi cache-miss
113 http fetch GET 200 https://registry.npmjs.org/@opentelemetry%2fapi 81ms (cache miss)
114 silly packumentCache full:https://registry.npmjs.org/@opentelemetry%2fapi set size:undefined disposed:false
115 silly fetch manifest @types/node@^20.0.0 || ^22.0.0 || >=24.0.0
116 silly packumentCache full:https://registry.npmjs.org/@types%2fnode cache-miss
117 http fetch GET 200 https://registry.npmjs.org/@types%2fnode 448ms (cache miss)
118 silly packumentCache full:https://registry.npmjs.org/@types%2fnode set size:undefined disposed:false
119 silly fetch manifest @vitest/browser-playwright@4.0.18
120 silly packumentCache full:https://registry.npmjs.org/@vitest%2fbrowser-playwright cache-miss
121 http fetch GET 200 https://registry.npmjs.org/@vitest%2fbrowser-playwright 73ms (cache miss)
122 silly packumentCache full:https://registry.npmjs.org/@vitest%2fbrowser-playwright set size:undefined disposed:false
123 silly fetch manifest playwright@*
124 silly packumentCache full:https://registry.npmjs.org/playwright cache-miss
125 http fetch GET 200 https://registry.npmjs.org/playwright 495ms (cache miss)
126 silly packumentCache full:https://registry.npmjs.org/playwright set size:undefined disposed:false
127 silly fetch manifest @vitest/browser-preview@4.0.18
128 silly packumentCache full:https://registry.npmjs.org/@vitest%2fbrowser-preview cache-miss
129 http fetch GET 200 https://registry.npmjs.org/@vitest%2fbrowser-preview 387ms (cache miss)
130 silly packumentCache full:https://registry.npmjs.org/@vitest%2fbrowser-preview set size:undefined disposed:false
131 silly fetch manifest @vitest/browser-webdriverio@4.0.18
132 silly packumentCache full:https://registry.npmjs.org/@vitest%2fbrowser-webdriverio cache-miss
133 http fetch GET 200 https://registry.npmjs.org/@vitest%2fbrowser-webdriverio 188ms (cache miss)
134 silly packumentCache full:https://registry.npmjs.org/@vitest%2fbrowser-webdriverio set size:undefined disposed:false
135 silly fetch manifest webdriverio@*
136 silly packumentCache full:https://registry.npmjs.org/webdriverio cache-miss
137 http fetch GET 200 https://registry.npmjs.org/webdriverio 88ms (cache miss)
138 silly packumentCache full:https://registry.npmjs.org/webdriverio set size:undefined disposed:false
139 silly fetch manifest puppeteer-core@>=22.x || <=24.x
140 silly packumentCache full:https://registry.npmjs.org/puppeteer-core cache-miss
141 http fetch GET 200 https://registry.npmjs.org/puppeteer-core 82ms (cache miss)
142 silly packumentCache full:https://registry.npmjs.org/puppeteer-core set size:undefined disposed:false
143 silly fetch manifest @vitest/ui@4.0.18
144 silly packumentCache full:https://registry.npmjs.org/@vitest%2fui cache-miss
145 http fetch GET 200 https://registry.npmjs.org/@vitest%2fui 120ms (cache miss)
146 silly packumentCache full:https://registry.npmjs.org/@vitest%2fui set size:undefined disposed:false
147 silly fetch manifest happy-dom@*
148 silly packumentCache full:https://registry.npmjs.org/happy-dom cache-miss
149 http fetch GET 200 https://registry.npmjs.org/happy-dom 103ms (cache miss)
150 silly packumentCache full:https://registry.npmjs.org/happy-dom set size:undefined disposed:false
151 silly fetch manifest jsdom@^27.1.0
152 silly packumentCache full:https://registry.npmjs.org/jsdom cache-miss
153 http fetch GET 200 https://registry.npmjs.org/jsdom 506ms (cache miss)
154 silly packumentCache full:https://registry.npmjs.org/jsdom set size:undefined disposed:false
155 silly fetch manifest canvas@^3.0.0
156 silly packumentCache full:https://registry.npmjs.org/canvas cache-miss
157 http fetch GET 200 https://registry.npmjs.org/canvas 54ms (cache miss)
158 silly packumentCache full:https://registry.npmjs.org/canvas set size:undefined disposed:false
159 silly fetch manifest @angular/cli@^21.1.4
160 silly packumentCache full:https://registry.npmjs.org/@angular%2fcli cache-miss
161 http fetch GET 200 https://registry.npmjs.org/@angular%2fcli 1378ms (cache miss)
162 silly packumentCache full:https://registry.npmjs.org/@angular%2fcli set size:undefined disposed:false
163 silly placeDep ROOT @angular/build@21.1.5 OK for: cholesterol@0.0.0 want: ^21.1.4
164 silly placeDep ROOT tslib@2.8.1 OK for: @angular/build@21.1.5 want: ^2.3.0
165 silly placeDep ROOT typescript@5.9.3 OK for: @angular/build@21.1.5 want: >=5.9 <6.0
166 silly placeDep ROOT @angular/compiler@21.1.5 OK for: @angular/build@21.1.5 want: ^21.0.0
167 silly placeDep ROOT @angular/compiler-cli@21.1.5 OK for: @angular/build@21.1.5 want: ^21.0.0
168 silly placeDep ROOT @angular/cli@21.1.5 OK for: cholesterol@0.0.0 want: ^21.1.4
169 silly placeDep ROOT @angular/common@21.1.5 OK for: cholesterol@0.0.0 want: ^21.1.0
170 silly placeDep ROOT rxjs@7.8.2 OK for: @angular/common@21.1.5 want: ^6.5.3 || ^7.4.0
171 silly placeDep ROOT @angular/core@21.1.5 OK for: @angular/common@21.1.5 want: 21.1.5
172 silly placeDep ROOT @angular/forms@21.1.5 OK for: cholesterol@0.0.0 want: ^21.1.0
173 silly placeDep ROOT @angular/platform-browser@21.1.5 OK for: @angular/forms@21.1.5 want: 21.1.5
174 silly placeDep ROOT @angular/router@21.1.5 OK for: cholesterol@0.0.0 want: ^21.1.0
175 silly placeDep ROOT jsdom@27.4.0 OK for: cholesterol@0.0.0 want: ^27.1.0
176 silly placeDep ROOT vitest@4.0.18 OK for: cholesterol@0.0.0 want: ^4.0.8
177 silly fetch manifest sass@1.97.1
178 silly packumentCache full:https://registry.npmjs.org/sass cache-miss
179 http fetch GET 200 https://registry.npmjs.org/sass 218ms (cache miss)
180 silly packumentCache full:https://registry.npmjs.org/sass set size:undefined disposed:false
181 silly fetch manifest vite@7.3.0
182 silly packumentCache full:https://registry.npmjs.org/vite cache-miss
183 http fetch GET 200 https://registry.npmjs.org/vite 1160ms (cache miss)
184 silly packumentCache full:https://registry.npmjs.org/vite set size:undefined disposed:false
185 silly fetch manifest listr2@9.0.5
186 silly packumentCache full:https://registry.npmjs.org/listr2 cache-miss
187 http fetch GET 200 https://registry.npmjs.org/listr2 131ms (cache miss)
188 silly packumentCache full:https://registry.npmjs.org/listr2 set size:undefined disposed:false
189 silly fetch manifest mrmime@2.0.1
190 silly packumentCache full:https://registry.npmjs.org/mrmime cache-miss
191 http fetch GET 200 https://registry.npmjs.org/mrmime 49ms (cache miss)
192 silly packumentCache full:https://registry.npmjs.org/mrmime set size:undefined disposed:false
193 silly fetch manifest semver@7.7.3
194 silly packumentCache full:https://registry.npmjs.org/semver cache-miss
195 http fetch GET 200 https://registry.npmjs.org/semver 58ms (cache miss)
196 silly packumentCache full:https://registry.npmjs.org/semver set size:undefined disposed:false
197 silly fetch manifest undici@7.20.0
198 silly packumentCache full:https://registry.npmjs.org/undici cache-miss
199 http fetch GET 200 https://registry.npmjs.org/undici 66ms (cache miss)
200 silly packumentCache full:https://registry.npmjs.org/undici set size:undefined disposed:false
201 silly fetch manifest esbuild@0.27.2
202 silly packumentCache full:https://registry.npmjs.org/esbuild cache-miss
203 http fetch GET 200 https://registry.npmjs.org/esbuild 91ms (cache miss)
204 silly packumentCache full:https://registry.npmjs.org/esbuild set size:undefined disposed:false
205 silly fetch manifest piscina@5.1.4
206 silly packumentCache full:https://registry.npmjs.org/piscina cache-miss
207 http fetch GET 200 https://registry.npmjs.org/piscina 42ms (cache miss)
208 silly packumentCache full:https://registry.npmjs.org/piscina set size:undefined disposed:false
209 silly fetch manifest beasties@0.3.5
210 silly packumentCache full:https://registry.npmjs.org/beasties cache-miss
211 http fetch GET 200 https://registry.npmjs.org/beasties 49ms (cache miss)
212 silly packumentCache full:https://registry.npmjs.org/beasties set size:undefined disposed:false
213 silly fetch manifest rolldown@1.0.0-beta.58
214 silly packumentCache full:https://registry.npmjs.org/rolldown cache-miss
215 http fetch GET 200 https://registry.npmjs.org/rolldown 103ms (cache miss)
216 silly packumentCache full:https://registry.npmjs.org/rolldown set size:undefined disposed:false
217 silly fetch manifest picomatch@4.0.3
218 silly packumentCache full:https://registry.npmjs.org/picomatch cache-miss
219 http fetch GET 200 https://registry.npmjs.org/picomatch 43ms (cache miss)
220 silly packumentCache full:https://registry.npmjs.org/picomatch set size:undefined disposed:false
221 silly fetch manifest watchpack@2.5.0
222 silly packumentCache full:https://registry.npmjs.org/watchpack cache-miss
223 http fetch GET 200 https://registry.npmjs.org/watchpack 306ms (cache miss)
224 silly packumentCache full:https://registry.npmjs.org/watchpack set size:undefined disposed:false
225 silly fetch manifest tinyglobby@0.2.15
226 silly packumentCache full:https://registry.npmjs.org/tinyglobby cache-miss
227 http fetch GET 200 https://registry.npmjs.org/tinyglobby 59ms (cache miss)
228 silly packumentCache full:https://registry.npmjs.org/tinyglobby set size:undefined disposed:false
229 silly fetch manifest @babel/core@7.28.5
230 silly packumentCache full:https://registry.npmjs.org/@babel%2fcore cache-miss
231 http fetch GET 200 https://registry.npmjs.org/@babel%2fcore 71ms (cache miss)
232 silly packumentCache full:https://registry.npmjs.org/@babel%2fcore set size:undefined disposed:false
233 silly fetch manifest browserslist@^4.26.0
234 silly packumentCache full:https://registry.npmjs.org/browserslist cache-miss
235 http fetch GET 200 https://registry.npmjs.org/browserslist 69ms (cache miss)
236 silly packumentCache full:https://registry.npmjs.org/browserslist set size:undefined disposed:false
237 silly fetch manifest jsonc-parser@3.3.1
238 silly packumentCache full:https://registry.npmjs.org/jsonc-parser cache-miss
239 http fetch GET 200 https://registry.npmjs.org/jsonc-parser 61ms (cache miss)
240 silly packumentCache full:https://registry.npmjs.org/jsonc-parser set size:undefined disposed:false
241 silly fetch manifest magic-string@0.30.21
242 silly packumentCache full:https://registry.npmjs.org/magic-string cache-miss
243 http fetch GET 200 https://registry.npmjs.org/magic-string 54ms (cache miss)
244 silly packumentCache full:https://registry.npmjs.org/magic-string set size:undefined disposed:false
245 silly fetch manifest @inquirer/confirm@5.1.21
246 silly packumentCache full:https://registry.npmjs.org/@inquirer%2fconfirm cache-miss
247 http fetch GET 200 https://registry.npmjs.org/@inquirer%2fconfirm 115ms (cache miss)
248 silly packumentCache full:https://registry.npmjs.org/@inquirer%2fconfirm set size:undefined disposed:false
249 silly fetch manifest https-proxy-agent@7.0.6
250 silly packumentCache full:https://registry.npmjs.org/https-proxy-agent cache-miss
251 http fetch GET 200 https://registry.npmjs.org/https-proxy-agent 38ms (cache miss)
252 silly packumentCache full:https://registry.npmjs.org/https-proxy-agent set size:undefined disposed:false
253 silly fetch manifest source-map-support@0.5.21
254 silly packumentCache full:https://registry.npmjs.org/source-map-support cache-miss
255 http fetch GET 200 https://registry.npmjs.org/source-map-support 48ms (cache miss)
256 silly packumentCache full:https://registry.npmjs.org/source-map-support set size:undefined disposed:false
257 silly fetch manifest @ampproject/remapping@2.3.0
258 silly packumentCache full:https://registry.npmjs.org/@ampproject%2fremapping cache-miss
259 http fetch GET 200 https://registry.npmjs.org/@ampproject%2fremapping 59ms (cache miss)
260 silly packumentCache full:https://registry.npmjs.org/@ampproject%2fremapping set size:undefined disposed:false
261 silly fetch manifest istanbul-lib-instrument@6.0.3
262 silly packumentCache full:https://registry.npmjs.org/istanbul-lib-instrument cache-miss
263 http fetch GET 200 https://registry.npmjs.org/istanbul-lib-instrument 59ms (cache miss)
264 silly packumentCache full:https://registry.npmjs.org/istanbul-lib-instrument set size:undefined disposed:false
265 silly fetch manifest @vitejs/plugin-basic-ssl@2.1.0
266 silly packumentCache full:https://registry.npmjs.org/@vitejs%2fplugin-basic-ssl cache-miss
267 http fetch GET 200 https://registry.npmjs.org/@vitejs%2fplugin-basic-ssl 403ms (cache miss)
268 silly packumentCache full:https://registry.npmjs.org/@vitejs%2fplugin-basic-ssl set size:undefined disposed:false
269 silly fetch manifest @angular-devkit/architect@0.2101.5
270 silly packumentCache full:https://registry.npmjs.org/@angular-devkit%2farchitect cache-miss
271 http fetch GET 200 https://registry.npmjs.org/@angular-devkit%2farchitect 210ms (cache miss)
272 silly packumentCache full:https://registry.npmjs.org/@angular-devkit%2farchitect set size:undefined disposed:false
273 silly fetch manifest parse5-html-rewriting-stream@8.0.0
274 silly packumentCache full:https://registry.npmjs.org/parse5-html-rewriting-stream cache-miss
275 http fetch GET 200 https://registry.npmjs.org/parse5-html-rewriting-stream 49ms (cache miss)
276 silly packumentCache full:https://registry.npmjs.org/parse5-html-rewriting-stream set size:undefined disposed:false
277 silly fetch manifest @babel/helper-annotate-as-pure@7.27.3
278 silly packumentCache full:https://registry.npmjs.org/@babel%2fhelper-annotate-as-pure cache-miss
279 http fetch GET 200 https://registry.npmjs.org/@babel%2fhelper-annotate-as-pure 76ms (cache miss)
280 silly packumentCache full:https://registry.npmjs.org/@babel%2fhelper-annotate-as-pure set size:undefined disposed:false
281 silly fetch manifest @babel/helper-split-export-declaration@7.24.7
282 silly packumentCache full:https://registry.npmjs.org/@babel%2fhelper-split-export-declaration cache-miss
283 http fetch GET 200 https://registry.npmjs.org/@babel%2fhelper-split-export-declaration 55ms (cache miss)
284 silly packumentCache full:https://registry.npmjs.org/@babel%2fhelper-split-export-declaration set size:undefined disposed:false
285 silly fetch manifest lmdb@3.4.4
286 silly packumentCache full:https://registry.npmjs.org/lmdb cache-miss
287 http fetch GET 200 https://registry.npmjs.org/lmdb 60ms (cache miss)
288 silly packumentCache full:https://registry.npmjs.org/lmdb set size:undefined disposed:false
289 silly fetch manifest yargs@^18.0.0
290 silly packumentCache full:https://registry.npmjs.org/yargs cache-miss
291 http fetch GET 200 https://registry.npmjs.org/yargs 53ms (cache miss)
292 silly packumentCache full:https://registry.npmjs.org/yargs set size:undefined disposed:false
293 silly fetch manifest semver@^7.0.0
294 silly packumentCache full:https://registry.npmjs.org/semver cache-miss
295 http cache https://registry.npmjs.org/semver 15ms (cache hit)
296 silly packumentCache full:https://registry.npmjs.org/semver set size:229678 disposed:false
297 silly fetch manifest chokidar@^5.0.0
298 silly packumentCache full:https://registry.npmjs.org/chokidar cache-miss
299 http fetch GET 200 https://registry.npmjs.org/chokidar 71ms (cache miss)
300 silly packumentCache full:https://registry.npmjs.org/chokidar set size:undefined disposed:false
301 silly fetch manifest reflect-metadata@^0.2.0
302 silly packumentCache full:https://registry.npmjs.org/reflect-metadata cache-miss
303 http fetch GET 200 https://registry.npmjs.org/reflect-metadata 52ms (cache miss)
304 silly packumentCache full:https://registry.npmjs.org/reflect-metadata set size:undefined disposed:false
305 silly fetch manifest convert-source-map@^1.5.1
306 silly packumentCache full:https://registry.npmjs.org/convert-source-map cache-miss
307 http fetch GET 200 https://registry.npmjs.org/convert-source-map 51ms (cache miss)
308 silly packumentCache full:https://registry.npmjs.org/convert-source-map set size:undefined disposed:false
309 silly fetch manifest @jridgewell/sourcemap-codec@^1.4.14
310 silly packumentCache full:https://registry.npmjs.org/@jridgewell%2fsourcemap-codec cache-miss
311 http fetch GET 200 https://registry.npmjs.org/@jridgewell%2fsourcemap-codec 140ms (cache miss)
312 silly packumentCache full:https://registry.npmjs.org/@jridgewell%2fsourcemap-codec set size:undefined disposed:false
313 silly fetch manifest ini@6.0.0
314 silly packumentCache full:https://registry.npmjs.org/ini cache-miss
315 http fetch GET 200 https://registry.npmjs.org/ini 46ms (cache miss)
316 silly packumentCache full:https://registry.npmjs.org/ini set size:undefined disposed:false
317 silly fetch manifest zod@4.3.5
318 silly packumentCache full:https://registry.npmjs.org/zod cache-miss
319 http fetch GET 200 https://registry.npmjs.org/zod 108ms (cache miss)
320 silly packumentCache full:https://registry.npmjs.org/zod set size:undefined disposed:false
321 silly fetch manifest yargs@18.0.0
322 silly packumentCache full:https://registry.npmjs.org/yargs cache-miss
323 http cache https://registry.npmjs.org/yargs 62ms (cache hit)
324 silly packumentCache full:https://registry.npmjs.org/yargs set size:743056 disposed:false
325 silly fetch manifest pacote@21.0.4
326 silly packumentCache full:https://registry.npmjs.org/pacote cache-miss
327 http fetch GET 200 https://registry.npmjs.org/pacote 148ms (cache miss)
328 silly packumentCache full:https://registry.npmjs.org/pacote set size:undefined disposed:false
329 silly fetch manifest resolve@1.22.11
330 silly packumentCache full:https://registry.npmjs.org/resolve cache-miss
331 http fetch GET 200 https://registry.npmjs.org/resolve 54ms (cache miss)
332 silly packumentCache full:https://registry.npmjs.org/resolve set size:undefined disposed:false
333 silly fetch manifest algoliasearch@5.46.2
334 silly packumentCache full:https://registry.npmjs.org/algoliasearch cache-miss
335 http fetch GET 200 https://registry.npmjs.org/algoliasearch 77ms (cache miss)
336 silly packumentCache full:https://registry.npmjs.org/algoliasearch set size:undefined disposed:false
337 silly fetch manifest npm-package-arg@13.0.2
338 silly packumentCache full:https://registry.npmjs.org/npm-package-arg cache-miss
339 http fetch GET 200 https://registry.npmjs.org/npm-package-arg 63ms (cache miss)
340 silly packumentCache full:https://registry.npmjs.org/npm-package-arg set size:undefined disposed:false
341 silly fetch manifest @inquirer/prompts@7.10.1
342 silly packumentCache full:https://registry.npmjs.org/@inquirer%2fprompts cache-miss
343 http fetch GET 200 https://registry.npmjs.org/@inquirer%2fprompts 420ms (cache miss)
344 silly packumentCache full:https://registry.npmjs.org/@inquirer%2fprompts set size:undefined disposed:false
345 silly fetch manifest @yarnpkg/lockfile@1.1.0
346 silly packumentCache full:https://registry.npmjs.org/@yarnpkg%2flockfile cache-miss
347 http fetch GET 200 https://registry.npmjs.org/@yarnpkg%2flockfile 57ms (cache miss)
348 silly packumentCache full:https://registry.npmjs.org/@yarnpkg%2flockfile set size:undefined disposed:false
349 silly fetch manifest @schematics/angular@21.1.5
350 silly packumentCache full:https://registry.npmjs.org/@schematics%2fangular cache-miss
351 http fetch GET 200 https://registry.npmjs.org/@schematics%2fangular 175ms (cache miss)
352 silly packumentCache full:https://registry.npmjs.org/@schematics%2fangular set size:undefined disposed:false
353 silly fetch manifest @angular-devkit/core@21.1.5
354 silly packumentCache full:https://registry.npmjs.org/@angular-devkit%2fcore cache-miss
355 http fetch GET 200 https://registry.npmjs.org/@angular-devkit%2fcore 1193ms (cache miss)
356 silly packumentCache full:https://registry.npmjs.org/@angular-devkit%2fcore set size:undefined disposed:false
357 silly fetch manifest @modelcontextprotocol/sdk@1.26.0
358 silly packumentCache full:https://registry.npmjs.org/@modelcontextprotocol%2fsdk cache-miss
359 http fetch GET 200 https://registry.npmjs.org/@modelcontextprotocol%2fsdk 113ms (cache miss)
360 silly packumentCache full:https://registry.npmjs.org/@modelcontextprotocol%2fsdk set size:undefined disposed:false
361 silly fetch manifest @angular-devkit/schematics@21.1.5
362 silly packumentCache full:https://registry.npmjs.org/@angular-devkit%2fschematics cache-miss
363 http fetch GET 200 https://registry.npmjs.org/@angular-devkit%2fschematics 251ms (cache miss)
364 silly packumentCache full:https://registry.npmjs.org/@angular-devkit%2fschematics set size:undefined disposed:false
365 silly fetch manifest @listr2/prompt-adapter-inquirer@3.0.5
366 silly packumentCache full:https://registry.npmjs.org/@listr2%2fprompt-adapter-inquirer cache-miss
367 http fetch GET 200 https://registry.npmjs.org/@listr2%2fprompt-adapter-inquirer 132ms (cache miss)
368 silly packumentCache full:https://registry.npmjs.org/@listr2%2fprompt-adapter-inquirer set size:undefined disposed:false
369 silly fetch manifest @standard-schema/spec@^1.0.0
370 silly packumentCache full:https://registry.npmjs.org/@standard-schema%2fspec cache-miss
371 http fetch GET 200 https://registry.npmjs.org/@standard-schema%2fspec 1036ms (cache miss)
372 silly packumentCache full:https://registry.npmjs.org/@standard-schema%2fspec set size:undefined disposed:false
373 silly fetch manifest ws@^8.18.3
374 silly packumentCache full:https://registry.npmjs.org/ws cache-miss
375 http fetch GET 200 https://registry.npmjs.org/ws 110ms (cache miss)
376 silly packumentCache full:https://registry.npmjs.org/ws set size:undefined disposed:false
377 silly fetch manifest saxes@^6.0.0
378 silly packumentCache full:https://registry.npmjs.org/saxes cache-miss
379 http fetch GET 200 https://registry.npmjs.org/saxes 71ms (cache miss)
380 silly packumentCache full:https://registry.npmjs.org/saxes set size:undefined disposed:false
381 silly fetch manifest parse5@^8.0.0
382 silly packumentCache full:https://registry.npmjs.org/parse5 cache-miss
383 http fetch GET 200 https://registry.npmjs.org/parse5 196ms (cache miss)
384 silly packumentCache full:https://registry.npmjs.org/parse5 set size:undefined disposed:false
385 silly fetch manifest cssstyle@^5.3.4
386 silly packumentCache full:https://registry.npmjs.org/cssstyle cache-miss
387 http fetch GET 200 https://registry.npmjs.org/cssstyle 146ms (cache miss)
388 silly packumentCache full:https://registry.npmjs.org/cssstyle set size:undefined disposed:false
389 silly fetch manifest data-urls@^6.0.0
390 silly packumentCache full:https://registry.npmjs.org/data-urls cache-miss
391 http fetch GET 200 https://registry.npmjs.org/data-urls 87ms (cache miss)
392 silly packumentCache full:https://registry.npmjs.org/data-urls set size:undefined disposed:false
393 silly fetch manifest decimal.js@^10.6.0
394 silly packumentCache full:https://registry.npmjs.org/decimal.js cache-miss
395 http fetch GET 200 https://registry.npmjs.org/decimal.js 896ms (cache miss)
396 silly packumentCache full:https://registry.npmjs.org/decimal.js set size:undefined disposed:false
397 silly fetch manifest whatwg-url@^15.1.0
398 silly packumentCache full:https://registry.npmjs.org/whatwg-url cache-miss
399 http fetch GET 200 https://registry.npmjs.org/whatwg-url 626ms (cache miss)
400 silly packumentCache full:https://registry.npmjs.org/whatwg-url set size:undefined disposed:false
401 silly fetch manifest symbol-tree@^3.2.4
402 silly packumentCache full:https://registry.npmjs.org/symbol-tree cache-miss
403 http fetch GET 200 https://registry.npmjs.org/symbol-tree 60ms (cache miss)
404 silly packumentCache full:https://registry.npmjs.org/symbol-tree set size:undefined disposed:false
405 silly fetch manifest tough-cookie@^6.0.0
406 silly packumentCache full:https://registry.npmjs.org/tough-cookie cache-miss
407 http fetch GET 200 https://registry.npmjs.org/tough-cookie 81ms (cache miss)
408 silly packumentCache full:https://registry.npmjs.org/tough-cookie set size:undefined disposed:false
409 silly fetch manifest @acemir/cssom@^0.9.28
410 silly packumentCache full:https://registry.npmjs.org/@acemir%2fcssom cache-miss
411 http fetch GET 200 https://registry.npmjs.org/@acemir%2fcssom 81ms (cache miss)
412 silly packumentCache full:https://registry.npmjs.org/@acemir%2fcssom set size:undefined disposed:false
413 silly fetch manifest @exodus/bytes@^1.6.0
414 silly packumentCache full:https://registry.npmjs.org/@exodus%2fbytes cache-miss
415 http fetch GET 200 https://registry.npmjs.org/@exodus%2fbytes 74ms (cache miss)
416 silly packumentCache full:https://registry.npmjs.org/@exodus%2fbytes set size:undefined disposed:false
417 silly fetch manifest whatwg-mimetype@^4.0.0
418 silly packumentCache full:https://registry.npmjs.org/whatwg-mimetype cache-miss
419 http fetch GET 200 https://registry.npmjs.org/whatwg-mimetype 44ms (cache miss)
420 silly packumentCache full:https://registry.npmjs.org/whatwg-mimetype set size:undefined disposed:false
421 silly fetch manifest http-proxy-agent@^7.0.2
422 silly packumentCache full:https://registry.npmjs.org/http-proxy-agent cache-miss
423 http fetch GET 200 https://registry.npmjs.org/http-proxy-agent 58ms (cache miss)
424 silly packumentCache full:https://registry.npmjs.org/http-proxy-agent set size:undefined disposed:false
425 silly fetch manifest https-proxy-agent@^7.0.6
426 silly packumentCache full:https://registry.npmjs.org/https-proxy-agent cache-miss
427 http cache https://registry.npmjs.org/https-proxy-agent 13ms (cache hit)
428 silly packumentCache full:https://registry.npmjs.org/https-proxy-agent set size:76241 disposed:false
429 silly fetch manifest w3c-xmlserializer@^5.0.0
430 silly packumentCache full:https://registry.npmjs.org/w3c-xmlserializer cache-miss
431 http fetch GET 200 https://registry.npmjs.org/w3c-xmlserializer 52ms (cache miss)
432 silly packumentCache full:https://registry.npmjs.org/w3c-xmlserializer set size:undefined disposed:false
433 silly fetch manifest webidl-conversions@^8.0.0
434 silly packumentCache full:https://registry.npmjs.org/webidl-conversions cache-miss
435 http fetch GET 200 https://registry.npmjs.org/webidl-conversions 49ms (cache miss)
436 silly packumentCache full:https://registry.npmjs.org/webidl-conversions set size:undefined disposed:false
437 silly fetch manifest xml-name-validator@^5.0.0
438 silly packumentCache full:https://registry.npmjs.org/xml-name-validator cache-miss
439 http fetch GET 200 https://registry.npmjs.org/xml-name-validator 49ms (cache miss)
440 silly packumentCache full:https://registry.npmjs.org/xml-name-validator set size:undefined disposed:false
441 silly fetch manifest html-encoding-sniffer@^6.0.0
442 silly packumentCache full:https://registry.npmjs.org/html-encoding-sniffer cache-miss
443 http fetch GET 200 https://registry.npmjs.org/html-encoding-sniffer 120ms (cache miss)
444 silly packumentCache full:https://registry.npmjs.org/html-encoding-sniffer set size:undefined disposed:false
445 silly fetch manifest @asamuzakjp/dom-selector@^6.7.6
446 silly packumentCache full:https://registry.npmjs.org/@asamuzakjp%2fdom-selector cache-miss
447 http fetch GET 200 https://registry.npmjs.org/@asamuzakjp%2fdom-selector 70ms (cache miss)
448 silly packumentCache full:https://registry.npmjs.org/@asamuzakjp%2fdom-selector set size:undefined disposed:false
449 silly fetch manifest is-potential-custom-element-name@^1.0.1
450 silly packumentCache full:https://registry.npmjs.org/is-potential-custom-element-name cache-miss
451 http fetch GET 200 https://registry.npmjs.org/is-potential-custom-element-name 58ms (cache miss)
452 silly packumentCache full:https://registry.npmjs.org/is-potential-custom-element-name set size:undefined disposed:false
453 silly fetch manifest obug@^2.1.1
454 silly packumentCache full:https://registry.npmjs.org/obug cache-miss
455 http fetch GET 200 https://registry.npmjs.org/obug 44ms (cache miss)
456 silly packumentCache full:https://registry.npmjs.org/obug set size:undefined disposed:false
457 silly fetch manifest vite@^6.0.0 || ^7.0.0
458 silly packumentCache full:https://registry.npmjs.org/vite cache-miss
459 http cache https://registry.npmjs.org/vite 134ms (cache hit)
460 silly packumentCache full:https://registry.npmjs.org/vite set size:38728544 disposed:false
461 silly fetch manifest pathe@^2.0.3
462 silly packumentCache full:https://registry.npmjs.org/pathe cache-miss
463 http fetch GET 200 https://registry.npmjs.org/pathe 68ms (cache miss)
464 silly packumentCache full:https://registry.npmjs.org/pathe set size:undefined disposed:false
465 silly fetch manifest std-env@^3.10.0
466 silly packumentCache full:https://registry.npmjs.org/std-env cache-miss
467 http fetch GET 200 https://registry.npmjs.org/std-env 41ms (cache miss)
468 silly packumentCache full:https://registry.npmjs.org/std-env set size:undefined disposed:false
469 silly fetch manifest tinyexec@^1.0.2
470 silly packumentCache full:https://registry.npmjs.org/tinyexec cache-miss
471 http fetch GET 200 https://registry.npmjs.org/tinyexec 40ms (cache miss)
472 silly packumentCache full:https://registry.npmjs.org/tinyexec set size:undefined disposed:false
473 silly fetch manifest picomatch@^4.0.3
474 silly packumentCache full:https://registry.npmjs.org/picomatch cache-miss
475 http cache https://registry.npmjs.org/picomatch 11ms (cache hit)
476 silly packumentCache full:https://registry.npmjs.org/picomatch set size:118818 disposed:false
477 silly fetch manifest tinybench@^2.9.0
478 silly packumentCache full:https://registry.npmjs.org/tinybench cache-miss
479 http fetch GET 200 https://registry.npmjs.org/tinybench 37ms (cache miss)
480 silly packumentCache full:https://registry.npmjs.org/tinybench set size:undefined disposed:false
481 silly fetch manifest tinyglobby@^0.2.15
482 silly packumentCache full:https://registry.npmjs.org/tinyglobby cache-miss
483 http cache https://registry.npmjs.org/tinyglobby 8ms (cache hit)
484 silly packumentCache full:https://registry.npmjs.org/tinyglobby set size:49812 disposed:false
485 silly fetch manifest @vitest/spy@4.0.18
486 silly packumentCache full:https://registry.npmjs.org/@vitest%2fspy cache-miss
487 http fetch GET 200 https://registry.npmjs.org/@vitest%2fspy 63ms (cache miss)
488 silly packumentCache full:https://registry.npmjs.org/@vitest%2fspy set size:undefined disposed:false
489 silly fetch manifest expect-type@^1.2.2
490 silly packumentCache full:https://registry.npmjs.org/expect-type cache-miss
491 http fetch GET 200 https://registry.npmjs.org/expect-type 55ms (cache miss)
492 silly packumentCache full:https://registry.npmjs.org/expect-type set size:undefined disposed:false
493 silly fetch manifest tinyrainbow@^3.0.3
494 silly packumentCache full:https://registry.npmjs.org/tinyrainbow cache-miss
495 http fetch GET 200 https://registry.npmjs.org/tinyrainbow 42ms (cache miss)
496 silly packumentCache full:https://registry.npmjs.org/tinyrainbow set size:undefined disposed:false
497 silly fetch manifest magic-string@^0.30.21
498 silly packumentCache full:https://registry.npmjs.org/magic-string cache-miss
499 http cache https://registry.npmjs.org/magic-string 9ms (cache hit)
500 silly packumentCache full:https://registry.npmjs.org/magic-string set size:331817 disposed:false
501 silly fetch manifest @vitest/utils@4.0.18
502 silly packumentCache full:https://registry.npmjs.org/@vitest%2futils cache-miss
503 http fetch GET 200 https://registry.npmjs.org/@vitest%2futils 61ms (cache miss)
504 silly packumentCache full:https://registry.npmjs.org/@vitest%2futils set size:undefined disposed:false
505 silly fetch manifest @vitest/expect@4.0.18
506 silly packumentCache full:https://registry.npmjs.org/@vitest%2fexpect cache-miss
507 http fetch GET 200 https://registry.npmjs.org/@vitest%2fexpect 69ms (cache miss)
508 silly packumentCache full:https://registry.npmjs.org/@vitest%2fexpect set size:undefined disposed:false
509 silly fetch manifest @vitest/mocker@4.0.18
510 silly packumentCache full:https://registry.npmjs.org/@vitest%2fmocker cache-miss
511 http fetch GET 200 https://registry.npmjs.org/@vitest%2fmocker 55ms (cache miss)
512 silly packumentCache full:https://registry.npmjs.org/@vitest%2fmocker set size:undefined disposed:false
513 silly fetch manifest @vitest/runner@4.0.18
514 silly packumentCache full:https://registry.npmjs.org/@vitest%2frunner cache-miss
515 http fetch GET 200 https://registry.npmjs.org/@vitest%2frunner 105ms (cache miss)
516 silly packumentCache full:https://registry.npmjs.org/@vitest%2frunner set size:undefined disposed:false
517 silly fetch manifest es-module-lexer@^1.7.0
518 silly packumentCache full:https://registry.npmjs.org/es-module-lexer cache-miss
519 http fetch GET 200 https://registry.npmjs.org/es-module-lexer 116ms (cache miss)
520 silly packumentCache full:https://registry.npmjs.org/es-module-lexer set size:undefined disposed:false
521 silly fetch manifest @vitest/snapshot@4.0.18
522 silly packumentCache full:https://registry.npmjs.org/@vitest%2fsnapshot cache-miss
523 http fetch GET 200 https://registry.npmjs.org/@vitest%2fsnapshot 69ms (cache miss)
524 silly packumentCache full:https://registry.npmjs.org/@vitest%2fsnapshot set size:undefined disposed:false
525 silly fetch manifest why-is-node-running@^2.3.0
526 silly packumentCache full:https://registry.npmjs.org/why-is-node-running cache-miss
527 http fetch GET 200 https://registry.npmjs.org/why-is-node-running 48ms (cache miss)
528 silly packumentCache full:https://registry.npmjs.org/why-is-node-running set size:undefined disposed:false
529 silly fetch manifest @vitest/pretty-format@4.0.18
530 silly packumentCache full:https://registry.npmjs.org/@vitest%2fpretty-format cache-miss
531 http fetch GET 200 https://registry.npmjs.org/@vitest%2fpretty-format 70ms (cache miss)
532 silly packumentCache full:https://registry.npmjs.org/@vitest%2fpretty-format set size:undefined disposed:false
533 silly fetch manifest @types/node@^20.19.0 || >=22.12.0
534 silly packumentCache full:https://registry.npmjs.org/@types%2fnode cache-miss
535 http cache https://registry.npmjs.org/@types%2fnode 56ms (cache hit)
536 silly packumentCache full:https://registry.npmjs.org/@types%2fnode set size:10864169 disposed:false
537 silly fetch manifest jiti@>=1.21.0
538 silly packumentCache full:https://registry.npmjs.org/jiti cache-miss
539 http fetch GET 200 https://registry.npmjs.org/jiti 286ms (cache miss)
540 silly packumentCache full:https://registry.npmjs.org/jiti set size:undefined disposed:false
541 silly fetch manifest lightningcss@^1.21.0
542 silly packumentCache full:https://registry.npmjs.org/lightningcss cache-miss
543 http fetch GET 200 https://registry.npmjs.org/lightningcss 197ms (cache miss)
544 silly packumentCache full:https://registry.npmjs.org/lightningcss set size:undefined disposed:false
545 silly fetch manifest sass-embedded@^1.70.0
546 silly packumentCache full:https://registry.npmjs.org/sass-embedded cache-miss
547 http fetch GET 200 https://registry.npmjs.org/sass-embedded 58ms (cache miss)
548 silly packumentCache full:https://registry.npmjs.org/sass-embedded set size:undefined disposed:false
549 silly fetch manifest stylus@>=0.54.8
550 silly packumentCache full:https://registry.npmjs.org/stylus cache-miss
551 http fetch GET 200 https://registry.npmjs.org/stylus 54ms (cache miss)
552 silly packumentCache full:https://registry.npmjs.org/stylus set size:undefined disposed:false
553 silly fetch manifest sugarss@^5.0.0
554 silly packumentCache full:https://registry.npmjs.org/sugarss cache-miss
555 http fetch GET 200 https://registry.npmjs.org/sugarss 39ms (cache miss)
556 silly packumentCache full:https://registry.npmjs.org/sugarss set size:undefined disposed:false
557 silly fetch manifest terser@^5.16.0
558 silly packumentCache full:https://registry.npmjs.org/terser cache-miss
559 http fetch GET 200 https://registry.npmjs.org/terser 126ms (cache miss)
560 silly packumentCache full:https://registry.npmjs.org/terser set size:undefined disposed:false
561 silly fetch manifest tsx@^4.8.1
562 silly packumentCache full:https://registry.npmjs.org/tsx cache-miss
563 http fetch GET 200 https://registry.npmjs.org/tsx 80ms (cache miss)
564 silly packumentCache full:https://registry.npmjs.org/tsx set size:undefined disposed:false
565 silly fetch manifest yaml@^2.4.2
566 silly packumentCache full:https://registry.npmjs.org/yaml cache-miss
567 http fetch GET 200 https://registry.npmjs.org/yaml 49ms (cache miss)
568 silly packumentCache full:https://registry.npmjs.org/yaml set size:undefined disposed:false
569 silly fetch manifest @types/node@>=18
570 silly packumentCache full:https://registry.npmjs.org/@types%2fnode cache-miss
571 http cache https://registry.npmjs.org/@types%2fnode 66ms (cache hit)
572 silly packumentCache full:https://registry.npmjs.org/@types%2fnode set size:10864169 disposed:false
573 silly placeDep ROOT @ampproject/remapping@2.3.0 OK for: @angular/build@21.1.5 want: 2.3.0
574 silly placeDep ROOT @angular-devkit/architect@0.2101.5 OK for: @angular/build@21.1.5 want: 0.2101.5
575 silly placeDep ROOT @babel/core@7.28.5 OK for: @angular/build@21.1.5 want: 7.28.5
576 silly placeDep ROOT @babel/helper-annotate-as-pure@7.27.3 OK for: @angular/build@21.1.5 want: 7.27.3
577 silly placeDep ROOT @babel/helper-split-export-declaration@7.24.7 OK for: @angular/build@21.1.5 want: 7.24.7
578 silly placeDep ROOT @inquirer/confirm@5.1.21 OK for: @angular/build@21.1.5 want: 5.1.21
579 silly placeDep ROOT @vitejs/plugin-basic-ssl@2.1.0 OK for: @angular/build@21.1.5 want: 2.1.0
580 silly placeDep ROOT vite@7.3.0 OK for: @vitejs/plugin-basic-ssl@2.1.0 want: ^6.0.0 || ^7.0.0
581 silly placeDep ROOT beasties@0.3.5 OK for: @angular/build@21.1.5 want: 0.3.5
582 silly placeDep ROOT browserslist@4.28.1 OK for: @angular/build@21.1.5 want: ^4.26.0
583 silly placeDep ROOT esbuild@0.27.2 OK for: @angular/build@21.1.5 want: 0.27.2
584 silly placeDep ROOT https-proxy-agent@7.0.6 OK for: @angular/build@21.1.5 want: 7.0.6
585 silly placeDep ROOT istanbul-lib-instrument@6.0.3 OK for: @angular/build@21.1.5 want: 6.0.3
586 silly placeDep ROOT jsonc-parser@3.3.1 OK for: @angular/build@21.1.5 want: 3.3.1
587 silly placeDep ROOT listr2@9.0.5 OK for: @angular/build@21.1.5 want: 9.0.5
588 silly placeDep ROOT lmdb@3.4.4 OK for: @angular/build@21.1.5 want: 3.4.4
589 silly placeDep ROOT magic-string@0.30.21 OK for: @angular/build@21.1.5 want: 0.30.21
590 silly placeDep ROOT mrmime@2.0.1 OK for: @angular/build@21.1.5 want: 2.0.1
591 silly placeDep ROOT parse5-html-rewriting-stream@8.0.0 OK for: @angular/build@21.1.5 want: 8.0.0
592 silly placeDep ROOT picomatch@4.0.3 OK for: @angular/build@21.1.5 want: 4.0.3
593 silly placeDep ROOT piscina@5.1.4 OK for: @angular/build@21.1.5 want: 5.1.4
594 silly placeDep ROOT rolldown@1.0.0-beta.58 OK for: @angular/build@21.1.5 want: 1.0.0-beta.58
595 silly placeDep ROOT sass@1.97.1 OK for: @angular/build@21.1.5 want: 1.97.1
596 silly placeDep ROOT semver@7.7.3 OK for: @angular/build@21.1.5 want: 7.7.3
597 silly placeDep ROOT source-map-support@0.5.21 OK for: @angular/build@21.1.5 want: 0.5.21
598 silly placeDep ROOT tinyglobby@0.2.15 OK for: @angular/build@21.1.5 want: 0.2.15
599 silly placeDep ROOT undici@7.20.0 OK for: @angular/build@21.1.5 want: 7.20.0
600 silly placeDep ROOT watchpack@2.5.0 OK for: @angular/build@21.1.5 want: 2.5.0
601 silly fetch manifest @jridgewell/gen-mapping@^0.3.5
602 silly packumentCache full:https://registry.npmjs.org/@jridgewell%2fgen-mapping cache-miss
603 http fetch GET 200 https://registry.npmjs.org/@jridgewell%2fgen-mapping 59ms (cache miss)
604 silly packumentCache full:https://registry.npmjs.org/@jridgewell%2fgen-mapping set size:undefined disposed:false
605 silly fetch manifest @jridgewell/trace-mapping@^0.3.24
606 silly packumentCache full:https://registry.npmjs.org/@jridgewell%2ftrace-mapping cache-miss
607 http fetch GET 200 https://registry.npmjs.org/@jridgewell%2ftrace-mapping 747ms (cache miss)
608 silly packumentCache full:https://registry.npmjs.org/@jridgewell%2ftrace-mapping set size:undefined disposed:false
609 silly fetch manifest debug@^4.1.0
610 silly packumentCache full:https://registry.npmjs.org/debug cache-miss
611 http fetch GET 200 https://registry.npmjs.org/debug 121ms (cache miss)
612 silly packumentCache full:https://registry.npmjs.org/debug set size:undefined disposed:false
613 silly fetch manifest json5@^2.2.3
614 silly packumentCache full:https://registry.npmjs.org/json5 cache-miss
615 http fetch GET 200 https://registry.npmjs.org/json5 84ms (cache miss)
616 silly packumentCache full:https://registry.npmjs.org/json5 set size:undefined disposed:false
617 silly fetch manifest semver@^6.3.1
618 silly packumentCache full:https://registry.npmjs.org/semver cache-hit
619 silly fetch manifest gensync@^1.0.0-beta.2
620 silly packumentCache full:https://registry.npmjs.org/gensync cache-miss
621 http fetch GET 200 https://registry.npmjs.org/gensync 82ms (cache miss)
622 silly packumentCache full:https://registry.npmjs.org/gensync set size:undefined disposed:false
623 silly fetch manifest @babel/types@^7.28.5
624 silly packumentCache full:https://registry.npmjs.org/@babel%2ftypes cache-miss
625 http fetch GET 200 https://registry.npmjs.org/@babel%2ftypes 104ms (cache miss)
626 silly packumentCache full:https://registry.npmjs.org/@babel%2ftypes set size:undefined disposed:false
627 silly fetch manifest @babel/parser@^7.28.5
628 silly packumentCache full:https://registry.npmjs.org/@babel%2fparser cache-miss
629 http fetch GET 200 https://registry.npmjs.org/@babel%2fparser 66ms (cache miss)
630 silly packumentCache full:https://registry.npmjs.org/@babel%2fparser set size:undefined disposed:false
631 silly fetch manifest @babel/helpers@^7.28.4
632 silly packumentCache full:https://registry.npmjs.org/@babel%2fhelpers cache-miss
633 http fetch GET 200 https://registry.npmjs.org/@babel%2fhelpers 58ms (cache miss)
634 silly packumentCache full:https://registry.npmjs.org/@babel%2fhelpers set size:undefined disposed:false
635 silly fetch manifest @babel/template@^7.27.2
636 silly packumentCache full:https://registry.npmjs.org/@babel%2ftemplate cache-miss
637 http fetch GET 200 https://registry.npmjs.org/@babel%2ftemplate 49ms (cache miss)
638 silly packumentCache full:https://registry.npmjs.org/@babel%2ftemplate set size:undefined disposed:false
639 silly fetch manifest @babel/traverse@^7.28.5
640 silly packumentCache full:https://registry.npmjs.org/@babel%2ftraverse cache-miss
641 http fetch GET 200 https://registry.npmjs.org/@babel%2ftraverse 63ms (cache miss)
642 silly packumentCache full:https://registry.npmjs.org/@babel%2ftraverse set size:undefined disposed:false
643 silly fetch manifest @babel/generator@^7.28.5
644 silly packumentCache full:https://registry.npmjs.org/@babel%2fgenerator cache-miss
645 http fetch GET 200 https://registry.npmjs.org/@babel%2fgenerator 63ms (cache miss)
646 silly packumentCache full:https://registry.npmjs.org/@babel%2fgenerator set size:undefined disposed:false
647 silly fetch manifest @babel/code-frame@^7.27.1
648 silly packumentCache full:https://registry.npmjs.org/@babel%2fcode-frame cache-miss
649 http fetch GET 200 https://registry.npmjs.org/@babel%2fcode-frame 52ms (cache miss)
650 silly packumentCache full:https://registry.npmjs.org/@babel%2fcode-frame set size:undefined disposed:false
651 silly fetch manifest convert-source-map@^2.0.0
652 silly packumentCache full:https://registry.npmjs.org/convert-source-map cache-miss
653 http cache https://registry.npmjs.org/convert-source-map 16ms (cache hit)
654 silly packumentCache full:https://registry.npmjs.org/convert-source-map set size:66997 disposed:false
655 silly fetch manifest @jridgewell/remapping@^2.3.5
656 silly packumentCache full:https://registry.npmjs.org/@jridgewell%2fremapping cache-miss
657 http fetch GET 200 https://registry.npmjs.org/@jridgewell%2fremapping 68ms (cache miss)
658 silly packumentCache full:https://registry.npmjs.org/@jridgewell%2fremapping set size:undefined disposed:false
659 silly fetch manifest @babel/helper-module-transforms@^7.28.3
660 silly packumentCache full:https://registry.npmjs.org/@babel%2fhelper-module-transforms cache-miss
661 http fetch GET 200 https://registry.npmjs.org/@babel%2fhelper-module-transforms 68ms (cache miss)
662 silly packumentCache full:https://registry.npmjs.org/@babel%2fhelper-module-transforms set size:undefined disposed:false
663 silly fetch manifest @babel/helper-compilation-targets@^7.27.2
664 silly packumentCache full:https://registry.npmjs.org/@babel%2fhelper-compilation-targets cache-miss
665 http fetch GET 200 https://registry.npmjs.org/@babel%2fhelper-compilation-targets 106ms (cache miss)
666 silly packumentCache full:https://registry.npmjs.org/@babel%2fhelper-compilation-targets set size:undefined disposed:false
667 silly fetch manifest @babel/types@^7.27.3
668 silly packumentCache full:https://registry.npmjs.org/@babel%2ftypes cache-miss
669 http cache https://registry.npmjs.org/@babel%2ftypes 29ms (cache hit)
670 silly packumentCache full:https://registry.npmjs.org/@babel%2ftypes set size:485839 disposed:false
671 silly fetch manifest @babel/types@^7.24.7
672 silly packumentCache full:https://registry.npmjs.org/@babel%2ftypes cache-hit
673 silly fetch manifest @inquirer/core@^10.3.2
674 silly packumentCache full:https://registry.npmjs.org/@inquirer%2fcore cache-miss
675 http fetch GET 200 https://registry.npmjs.org/@inquirer%2fcore 86ms (cache miss)
676 silly packumentCache full:https://registry.npmjs.org/@inquirer%2fcore set size:undefined disposed:false
677 silly fetch manifest @inquirer/type@^3.0.10
678 silly packumentCache full:https://registry.npmjs.org/@inquirer%2ftype cache-miss
679 http fetch GET 200 https://registry.npmjs.org/@inquirer%2ftype 76ms (cache miss)
680 silly packumentCache full:https://registry.npmjs.org/@inquirer%2ftype set size:undefined disposed:false
681 silly fetch manifest fdir@^6.5.0
682 silly packumentCache full:https://registry.npmjs.org/fdir cache-miss
683 http fetch GET 200 https://registry.npmjs.org/fdir 122ms (cache miss)
684 silly packumentCache full:https://registry.npmjs.org/fdir set size:undefined disposed:false
685 silly fetch manifest rollup@^4.43.0
686 silly packumentCache full:https://registry.npmjs.org/rollup cache-miss
687 http fetch GET 200 https://registry.npmjs.org/rollup 240ms (cache miss)
688 silly packumentCache full:https://registry.npmjs.org/rollup set size:undefined disposed:false
689 silly fetch manifest esbuild@^0.27.0
690 silly packumentCache full:https://registry.npmjs.org/esbuild cache-miss
691 http cache https://registry.npmjs.org/esbuild 14ms (cache hit)
692 silly packumentCache full:https://registry.npmjs.org/esbuild set size:1242223 disposed:false
693 silly fetch manifest postcss@^8.5.6
694 silly packumentCache full:https://registry.npmjs.org/postcss cache-miss
695 http cache https://registry.npmjs.org/postcss 8ms (cache hit)
696 silly packumentCache full:https://registry.npmjs.org/postcss set size:696248 disposed:false
697 silly fetch manifest fsevents@~2.3.3
698 silly packumentCache full:https://registry.npmjs.org/fsevents cache-miss
699 http fetch GET 200 https://registry.npmjs.org/fsevents 42ms (cache miss)
700 silly packumentCache full:https://registry.npmjs.org/fsevents set size:undefined disposed:false
701 silly fetch manifest postcss@^8.4.49
702 silly packumentCache full:https://registry.npmjs.org/postcss cache-hit
703 silly fetch manifest css-what@^7.0.0
704 silly packumentCache full:https://registry.npmjs.org/css-what cache-miss
705 http fetch GET 200 https://registry.npmjs.org/css-what 45ms (cache miss)
706 silly packumentCache full:https://registry.npmjs.org/css-what set size:undefined disposed:false
707 silly fetch manifest css-select@^6.0.0
708 silly packumentCache full:https://registry.npmjs.org/css-select cache-miss
709 http fetch GET 200 https://registry.npmjs.org/css-select 531ms (cache miss)
710 silly packumentCache full:https://registry.npmjs.org/css-select set size:undefined disposed:false
711 silly fetch manifest domhandler@^5.0.3
712 silly packumentCache full:https://registry.npmjs.org/domhandler cache-miss
713 http fetch GET 200 https://registry.npmjs.org/domhandler 395ms (cache miss)
714 silly packumentCache full:https://registry.npmjs.org/domhandler set size:undefined disposed:false
715 silly fetch manifest picocolors@^1.1.1
716 silly packumentCache full:https://registry.npmjs.org/picocolors cache-miss
717 http fetch GET 200 https://registry.npmjs.org/picocolors 70ms (cache miss)
718 silly packumentCache full:https://registry.npmjs.org/picocolors set size:undefined disposed:false
719 silly fetch manifest htmlparser2@^10.0.0
720 silly packumentCache full:https://registry.npmjs.org/htmlparser2 cache-miss
721 http fetch GET 200 https://registry.npmjs.org/htmlparser2 73ms (cache miss)
722 silly packumentCache full:https://registry.npmjs.org/htmlparser2 set size:undefined disposed:false
723 silly fetch manifest dom-serializer@^2.0.0
724 silly packumentCache full:https://registry.npmjs.org/dom-serializer cache-miss
725 http fetch GET 200 https://registry.npmjs.org/dom-serializer 79ms (cache miss)
726 silly packumentCache full:https://registry.npmjs.org/dom-serializer set size:undefined disposed:false
727 silly fetch manifest postcss-media-query-parser@^0.2.3
728 silly packumentCache full:https://registry.npmjs.org/postcss-media-query-parser cache-miss
729 http fetch GET 200 https://registry.npmjs.org/postcss-media-query-parser 81ms (cache miss)
730 silly packumentCache full:https://registry.npmjs.org/postcss-media-query-parser set size:undefined disposed:false
731 silly fetch manifest baseline-browser-mapping@^2.9.0
732 silly packumentCache full:https://registry.npmjs.org/baseline-browser-mapping cache-miss
733 http fetch GET 200 https://registry.npmjs.org/baseline-browser-mapping 203ms (cache miss)
734 silly packumentCache full:https://registry.npmjs.org/baseline-browser-mapping set size:undefined disposed:false
735 silly fetch manifest caniuse-lite@^1.0.30001759
736 silly packumentCache full:https://registry.npmjs.org/caniuse-lite cache-miss
737 http fetch GET 200 https://registry.npmjs.org/caniuse-lite 292ms (cache miss)
738 silly packumentCache full:https://registry.npmjs.org/caniuse-lite set size:undefined disposed:false
739 silly fetch manifest electron-to-chromium@^1.5.263
740 silly packumentCache full:https://registry.npmjs.org/electron-to-chromium cache-miss
741 http fetch GET 200 https://registry.npmjs.org/electron-to-chromium 186ms (cache miss)
742 silly packumentCache full:https://registry.npmjs.org/electron-to-chromium set size:undefined disposed:false
743 silly fetch manifest node-releases@^2.0.27
744 silly packumentCache full:https://registry.npmjs.org/node-releases cache-miss
745 http fetch GET 200 https://registry.npmjs.org/node-releases 259ms (cache miss)
746 silly packumentCache full:https://registry.npmjs.org/node-releases set size:undefined disposed:false
747 silly fetch manifest update-browserslist-db@^1.2.0
748 silly packumentCache full:https://registry.npmjs.org/update-browserslist-db cache-miss
749 http fetch GET 200 https://registry.npmjs.org/update-browserslist-db 152ms (cache miss)
750 silly packumentCache full:https://registry.npmjs.org/update-browserslist-db set size:undefined disposed:false
751 silly fetch manifest @esbuild/aix-ppc64@0.27.2
752 silly packumentCache full:https://registry.npmjs.org/@esbuild%2faix-ppc64 cache-miss
753 http fetch GET 200 https://registry.npmjs.org/@esbuild%2faix-ppc64 172ms (cache miss)
754 silly packumentCache full:https://registry.npmjs.org/@esbuild%2faix-ppc64 set size:undefined disposed:false
755 silly fetch manifest @esbuild/linux-arm@0.27.2
756 silly packumentCache full:https://registry.npmjs.org/@esbuild%2flinux-arm cache-miss
757 http fetch GET 200 https://registry.npmjs.org/@esbuild%2flinux-arm 106ms (cache miss)
758 silly packumentCache full:https://registry.npmjs.org/@esbuild%2flinux-arm set size:undefined disposed:false
759 silly fetch manifest @esbuild/linux-x64@0.27.2
760 silly packumentCache full:https://registry.npmjs.org/@esbuild%2flinux-x64 cache-miss
761 http fetch GET 200 https://registry.npmjs.org/@esbuild%2flinux-x64 85ms (cache miss)
762 silly packumentCache full:https://registry.npmjs.org/@esbuild%2flinux-x64 set size:undefined disposed:false
763 silly fetch manifest @esbuild/sunos-x64@0.27.2
764 silly packumentCache full:https://registry.npmjs.org/@esbuild%2fsunos-x64 cache-miss
765 http fetch GET 200 https://registry.npmjs.org/@esbuild%2fsunos-x64 126ms (cache miss)
766 silly packumentCache full:https://registry.npmjs.org/@esbuild%2fsunos-x64 set size:undefined disposed:false
767 silly fetch manifest @esbuild/win32-x64@0.27.2
768 silly packumentCache full:https://registry.npmjs.org/@esbuild%2fwin32-x64 cache-miss
769 http fetch GET 200 https://registry.npmjs.org/@esbuild%2fwin32-x64 203ms (cache miss)
770 silly packumentCache full:https://registry.npmjs.org/@esbuild%2fwin32-x64 set size:undefined disposed:false
771 silly fetch manifest @esbuild/darwin-x64@0.27.2
772 silly packumentCache full:https://registry.npmjs.org/@esbuild%2fdarwin-x64 cache-miss
773 http fetch GET 200 https://registry.npmjs.org/@esbuild%2fdarwin-x64 84ms (cache miss)
774 silly packumentCache full:https://registry.npmjs.org/@esbuild%2fdarwin-x64 set size:undefined disposed:false
775 silly fetch manifest @esbuild/linux-ia32@0.27.2
776 silly packumentCache full:https://registry.npmjs.org/@esbuild%2flinux-ia32 cache-miss
777 http fetch GET 200 https://registry.npmjs.org/@esbuild%2flinux-ia32 75ms (cache miss)
778 silly packumentCache full:https://registry.npmjs.org/@esbuild%2flinux-ia32 set size:undefined disposed:false
779 silly fetch manifest @esbuild/netbsd-x64@0.27.2
780 silly packumentCache full:https://registry.npmjs.org/@esbuild%2fnetbsd-x64 cache-miss
781 http fetch GET 200 https://registry.npmjs.org/@esbuild%2fnetbsd-x64 104ms (cache miss)
782 silly packumentCache full:https://registry.npmjs.org/@esbuild%2fnetbsd-x64 set size:undefined disposed:false
783 silly fetch manifest @esbuild/win32-ia32@0.27.2
784 silly packumentCache full:https://registry.npmjs.org/@esbuild%2fwin32-ia32 cache-miss
785 http fetch GET 200 https://registry.npmjs.org/@esbuild%2fwin32-ia32 274ms (cache miss)
786 silly packumentCache full:https://registry.npmjs.org/@esbuild%2fwin32-ia32 set size:undefined disposed:false
787 silly fetch manifest @esbuild/android-arm@0.27.2
788 silly packumentCache full:https://registry.npmjs.org/@esbuild%2fandroid-arm cache-miss
789 http fetch GET 200 https://registry.npmjs.org/@esbuild%2fandroid-arm 160ms (cache miss)
790 silly packumentCache full:https://registry.npmjs.org/@esbuild%2fandroid-arm set size:undefined disposed:false
791 silly fetch manifest @esbuild/android-x64@0.27.2
792 silly packumentCache full:https://registry.npmjs.org/@esbuild%2fandroid-x64 cache-miss
793 http fetch GET 200 https://registry.npmjs.org/@esbuild%2fandroid-x64 184ms (cache miss)
794 silly packumentCache full:https://registry.npmjs.org/@esbuild%2fandroid-x64 set size:undefined disposed:false
795 silly fetch manifest @esbuild/freebsd-x64@0.27.2
796 silly packumentCache full:https://registry.npmjs.org/@esbuild%2ffreebsd-x64 cache-miss
797 http fetch GET 200 https://registry.npmjs.org/@esbuild%2ffreebsd-x64 74ms (cache miss)
798 silly packumentCache full:https://registry.npmjs.org/@esbuild%2ffreebsd-x64 set size:undefined disposed:false
799 silly fetch manifest @esbuild/linux-arm64@0.27.2
800 silly packumentCache full:https://registry.npmjs.org/@esbuild%2flinux-arm64 cache-miss
801 http fetch GET 200 https://registry.npmjs.org/@esbuild%2flinux-arm64 400ms (cache miss)
802 silly packumentCache full:https://registry.npmjs.org/@esbuild%2flinux-arm64 set size:undefined disposed:false
803 silly fetch manifest @esbuild/linux-ppc64@0.27.2
804 silly packumentCache full:https://registry.npmjs.org/@esbuild%2flinux-ppc64 cache-miss
805 http fetch GET 200 https://registry.npmjs.org/@esbuild%2flinux-ppc64 79ms (cache miss)
806 silly packumentCache full:https://registry.npmjs.org/@esbuild%2flinux-ppc64 set size:undefined disposed:false
807 silly fetch manifest @esbuild/linux-s390x@0.27.2
808 silly packumentCache full:https://registry.npmjs.org/@esbuild%2flinux-s390x cache-miss
809 http fetch GET 200 https://registry.npmjs.org/@esbuild%2flinux-s390x 1577ms (cache miss)
810 silly packumentCache full:https://registry.npmjs.org/@esbuild%2flinux-s390x set size:undefined disposed:false
811 silly fetch manifest @esbuild/openbsd-x64@0.27.2
812 silly packumentCache full:https://registry.npmjs.org/@esbuild%2fopenbsd-x64 cache-miss
813 http fetch GET 200 https://registry.npmjs.org/@esbuild%2fopenbsd-x64 134ms (cache miss)
814 silly packumentCache full:https://registry.npmjs.org/@esbuild%2fopenbsd-x64 set size:undefined disposed:false
815 silly fetch manifest @esbuild/win32-arm64@0.27.2
816 silly packumentCache full:https://registry.npmjs.org/@esbuild%2fwin32-arm64 cache-miss
817 http fetch GET 200 https://registry.npmjs.org/@esbuild%2fwin32-arm64 111ms (cache miss)
818 silly packumentCache full:https://registry.npmjs.org/@esbuild%2fwin32-arm64 set size:undefined disposed:false
819 silly fetch manifest @esbuild/darwin-arm64@0.27.2
820 silly packumentCache full:https://registry.npmjs.org/@esbuild%2fdarwin-arm64 cache-miss
821 http fetch GET 200 https://registry.npmjs.org/@esbuild%2fdarwin-arm64 590ms (cache miss)
822 silly packumentCache full:https://registry.npmjs.org/@esbuild%2fdarwin-arm64 set size:undefined disposed:false
823 silly fetch manifest @esbuild/netbsd-arm64@0.27.2
824 silly packumentCache full:https://registry.npmjs.org/@esbuild%2fnetbsd-arm64 cache-miss
825 http fetch GET 200 https://registry.npmjs.org/@esbuild%2fnetbsd-arm64 97ms (cache miss)
826 silly packumentCache full:https://registry.npmjs.org/@esbuild%2fnetbsd-arm64 set size:undefined disposed:false
827 silly fetch manifest @esbuild/android-arm64@0.27.2
828 silly packumentCache full:https://registry.npmjs.org/@esbuild%2fandroid-arm64 cache-miss
829 http fetch GET 200 https://registry.npmjs.org/@esbuild%2fandroid-arm64 170ms (cache miss)
830 silly packumentCache full:https://registry.npmjs.org/@esbuild%2fandroid-arm64 set size:undefined disposed:false
831 silly fetch manifest @esbuild/freebsd-arm64@0.27.2
832 silly packumentCache full:https://registry.npmjs.org/@esbuild%2ffreebsd-arm64 cache-miss
833 http fetch GET 200 https://registry.npmjs.org/@esbuild%2ffreebsd-arm64 69ms (cache miss)
834 silly packumentCache full:https://registry.npmjs.org/@esbuild%2ffreebsd-arm64 set size:undefined disposed:false
835 silly fetch manifest @esbuild/linux-loong64@0.27.2
836 silly packumentCache full:https://registry.npmjs.org/@esbuild%2flinux-loong64 cache-miss
837 http fetch GET 200 https://registry.npmjs.org/@esbuild%2flinux-loong64 118ms (cache miss)
838 silly packumentCache full:https://registry.npmjs.org/@esbuild%2flinux-loong64 set size:undefined disposed:false
839 silly fetch manifest @esbuild/linux-riscv64@0.27.2
840 silly packumentCache full:https://registry.npmjs.org/@esbuild%2flinux-riscv64 cache-miss
841 http fetch GET 200 https://registry.npmjs.org/@esbuild%2flinux-riscv64 171ms (cache miss)
842 silly packumentCache full:https://registry.npmjs.org/@esbuild%2flinux-riscv64 set size:undefined disposed:false
843 silly fetch manifest @esbuild/openbsd-arm64@0.27.2
844 silly packumentCache full:https://registry.npmjs.org/@esbuild%2fopenbsd-arm64 cache-miss
845 http fetch GET 200 https://registry.npmjs.org/@esbuild%2fopenbsd-arm64 147ms (cache miss)
846 silly packumentCache full:https://registry.npmjs.org/@esbuild%2fopenbsd-arm64 set size:undefined disposed:false
847 silly fetch manifest @esbuild/linux-mips64el@0.27.2
848 silly packumentCache full:https://registry.npmjs.org/@esbuild%2flinux-mips64el cache-miss
849 http fetch GET 200 https://registry.npmjs.org/@esbuild%2flinux-mips64el 128ms (cache miss)
850 silly packumentCache full:https://registry.npmjs.org/@esbuild%2flinux-mips64el set size:undefined disposed:false
851 silly fetch manifest @esbuild/openharmony-arm64@0.27.2
852 silly packumentCache full:https://registry.npmjs.org/@esbuild%2fopenharmony-arm64 cache-miss
853 http fetch GET 200 https://registry.npmjs.org/@esbuild%2fopenharmony-arm64 61ms (cache miss)
854 silly packumentCache full:https://registry.npmjs.org/@esbuild%2fopenharmony-arm64 set size:undefined disposed:false
855 silly fetch manifest debug@4
856 silly packumentCache full:https://registry.npmjs.org/debug cache-miss
857 http cache https://registry.npmjs.org/debug 14ms (cache hit)
858 silly packumentCache full:https://registry.npmjs.org/debug set size:195840 disposed:false
859 silly fetch manifest agent-base@^7.1.2
860 silly packumentCache full:https://registry.npmjs.org/agent-base cache-miss
861 http fetch GET 200 https://registry.npmjs.org/agent-base 234ms (cache miss)
862 silly packumentCache full:https://registry.npmjs.org/agent-base set size:undefined disposed:false
863 silly fetch manifest @babel/parser@^7.23.9
864 silly packumentCache full:https://registry.npmjs.org/@babel%2fparser cache-miss
865 http cache https://registry.npmjs.org/@babel%2fparser 24ms (cache hit)
866 silly packumentCache full:https://registry.npmjs.org/@babel%2fparser set size:714217 disposed:false
867 silly fetch manifest @istanbuljs/schema@^0.1.3
868 silly packumentCache full:https://registry.npmjs.org/@istanbuljs%2fschema cache-miss
869 http fetch GET 200 https://registry.npmjs.org/@istanbuljs%2fschema 73ms (cache miss)
870 silly packumentCache full:https://registry.npmjs.org/@istanbuljs%2fschema set size:undefined disposed:false
871 silly fetch manifest istanbul-lib-coverage@^3.2.0
872 silly packumentCache full:https://registry.npmjs.org/istanbul-lib-coverage cache-miss
873 http fetch GET 200 https://registry.npmjs.org/istanbul-lib-coverage 86ms (cache miss)
874 silly packumentCache full:https://registry.npmjs.org/istanbul-lib-coverage set size:undefined disposed:false
875 silly fetch manifest semver@^7.5.4
876 silly packumentCache full:https://registry.npmjs.org/semver cache-hit
877 silly fetch manifest rfdc@^1.4.1
878 silly packumentCache full:https://registry.npmjs.org/rfdc cache-miss
879 http fetch GET 200 https://registry.npmjs.org/rfdc 108ms (cache miss)
880 silly packumentCache full:https://registry.npmjs.org/rfdc set size:undefined disposed:false
881 silly fetch manifest colorette@^2.0.20
882 silly packumentCache full:https://registry.npmjs.org/colorette cache-miss
883 http fetch GET 200 https://registry.npmjs.org/colorette 90ms (cache miss)
884 silly packumentCache full:https://registry.npmjs.org/colorette set size:undefined disposed:false
885 silly fetch manifest wrap-ansi@^9.0.0
886 silly packumentCache full:https://registry.npmjs.org/wrap-ansi cache-miss
887 http fetch GET 200 https://registry.npmjs.org/wrap-ansi 62ms (cache miss)
888 silly packumentCache full:https://registry.npmjs.org/wrap-ansi set size:undefined disposed:false
889 silly fetch manifest log-update@^6.1.0
890 silly packumentCache full:https://registry.npmjs.org/log-update cache-miss
891 http fetch GET 200 https://registry.npmjs.org/log-update 92ms (cache miss)
892 silly packumentCache full:https://registry.npmjs.org/log-update set size:undefined disposed:false
893 silly fetch manifest cli-truncate@^5.0.0
894 silly packumentCache full:https://registry.npmjs.org/cli-truncate cache-miss
895 http fetch GET 200 https://registry.npmjs.org/cli-truncate 67ms (cache miss)
896 silly packumentCache full:https://registry.npmjs.org/cli-truncate set size:undefined disposed:false
897 silly fetch manifest eventemitter3@^5.0.1
898 silly packumentCache full:https://registry.npmjs.org/eventemitter3 cache-miss
899 http fetch GET 200 https://registry.npmjs.org/eventemitter3 167ms (cache miss)
900 silly packumentCache full:https://registry.npmjs.org/eventemitter3 set size:undefined disposed:false
901 silly fetch manifest msgpackr@^1.11.2
902 silly packumentCache full:https://registry.npmjs.org/msgpackr cache-miss
903 http fetch GET 200 https://registry.npmjs.org/msgpackr 93ms (cache miss)
904 silly packumentCache full:https://registry.npmjs.org/msgpackr set size:undefined disposed:false
905 silly fetch manifest node-addon-api@^6.1.0
906 silly packumentCache full:https://registry.npmjs.org/node-addon-api cache-miss
907 http fetch GET 200 https://registry.npmjs.org/node-addon-api 85ms (cache miss)
908 silly packumentCache full:https://registry.npmjs.org/node-addon-api set size:undefined disposed:false
909 silly fetch manifest ordered-binary@^1.5.3
910 silly packumentCache full:https://registry.npmjs.org/ordered-binary cache-miss
911 http fetch GET 200 https://registry.npmjs.org/ordered-binary 101ms (cache miss)
912 silly packumentCache full:https://registry.npmjs.org/ordered-binary set size:undefined disposed:false
913 silly fetch manifest weak-lru-cache@^1.2.2
914 silly packumentCache full:https://registry.npmjs.org/weak-lru-cache cache-miss
915 http fetch GET 200 https://registry.npmjs.org/weak-lru-cache 77ms (cache miss)
916 silly packumentCache full:https://registry.npmjs.org/weak-lru-cache set size:undefined disposed:false
917 silly fetch manifest node-gyp-build-optional-packages@5.2.2
918 silly packumentCache full:https://registry.npmjs.org/node-gyp-build-optional-packages cache-miss
919 http fetch GET 200 https://registry.npmjs.org/node-gyp-build-optional-packages 154ms (cache miss)
920 silly packumentCache full:https://registry.npmjs.org/node-gyp-build-optional-packages set size:undefined disposed:false
921 silly fetch manifest @lmdb/lmdb-linux-arm@3.4.4
922 silly packumentCache full:https://registry.npmjs.org/@lmdb%2flmdb-linux-arm cache-miss
923 http fetch GET 200 https://registry.npmjs.org/@lmdb%2flmdb-linux-arm 393ms (cache miss)
924 silly packumentCache full:https://registry.npmjs.org/@lmdb%2flmdb-linux-arm set size:undefined disposed:false
925 silly fetch manifest @lmdb/lmdb-linux-x64@3.4.4
926 silly packumentCache full:https://registry.npmjs.org/@lmdb%2flmdb-linux-x64 cache-miss
927 http fetch GET 200 https://registry.npmjs.org/@lmdb%2flmdb-linux-x64 181ms (cache miss)
928 silly packumentCache full:https://registry.npmjs.org/@lmdb%2flmdb-linux-x64 set size:undefined disposed:false
929 silly fetch manifest @lmdb/lmdb-win32-x64@3.4.4
930 silly packumentCache full:https://registry.npmjs.org/@lmdb%2flmdb-win32-x64 cache-miss
931 http fetch GET 200 https://registry.npmjs.org/@lmdb%2flmdb-win32-x64 169ms (cache miss)
932 silly packumentCache full:https://registry.npmjs.org/@lmdb%2flmdb-win32-x64 set size:undefined disposed:false
933 silly fetch manifest @lmdb/lmdb-darwin-x64@3.4.4
934 silly packumentCache full:https://registry.npmjs.org/@lmdb%2flmdb-darwin-x64 cache-miss
935 http fetch GET 200 https://registry.npmjs.org/@lmdb%2flmdb-darwin-x64 85ms (cache miss)
936 silly packumentCache full:https://registry.npmjs.org/@lmdb%2flmdb-darwin-x64 set size:undefined disposed:false
937 silly fetch manifest @lmdb/lmdb-linux-arm64@3.4.4
938 silly packumentCache full:https://registry.npmjs.org/@lmdb%2flmdb-linux-arm64 cache-miss
939 http fetch GET 200 https://registry.npmjs.org/@lmdb%2flmdb-linux-arm64 126ms (cache miss)
940 silly packumentCache full:https://registry.npmjs.org/@lmdb%2flmdb-linux-arm64 set size:undefined disposed:false
941 silly fetch manifest @lmdb/lmdb-win32-arm64@3.4.4
942 silly packumentCache full:https://registry.npmjs.org/@lmdb%2flmdb-win32-arm64 cache-miss
943 http fetch GET 200 https://registry.npmjs.org/@lmdb%2flmdb-win32-arm64 61ms (cache miss)
944 silly packumentCache full:https://registry.npmjs.org/@lmdb%2flmdb-win32-arm64 set size:undefined disposed:false
945 silly fetch manifest @lmdb/lmdb-darwin-arm64@3.4.4
946 silly packumentCache full:https://registry.npmjs.org/@lmdb%2flmdb-darwin-arm64 cache-miss
947 http fetch GET 200 https://registry.npmjs.org/@lmdb%2flmdb-darwin-arm64 107ms (cache miss)
948 silly packumentCache full:https://registry.npmjs.org/@lmdb%2flmdb-darwin-arm64 set size:undefined disposed:false
949 silly fetch manifest @jridgewell/sourcemap-codec@^1.5.5
950 silly packumentCache full:https://registry.npmjs.org/@jridgewell%2fsourcemap-codec cache-miss
951 http cache https://registry.npmjs.org/@jridgewell%2fsourcemap-codec 22ms (cache hit)
952 silly packumentCache full:https://registry.npmjs.org/@jridgewell%2fsourcemap-codec set size:59275 disposed:false
953 silly fetch manifest entities@^6.0.0
954 silly packumentCache full:https://registry.npmjs.org/entities cache-miss
955 http fetch GET 200 https://registry.npmjs.org/entities 215ms (cache miss)
956 silly packumentCache full:https://registry.npmjs.org/entities set size:undefined disposed:false
957 silly fetch manifest parse5-sax-parser@^8.0.0
958 silly packumentCache full:https://registry.npmjs.org/parse5-sax-parser cache-miss
959 http fetch GET 200 https://registry.npmjs.org/parse5-sax-parser 196ms (cache miss)
960 silly packumentCache full:https://registry.npmjs.org/parse5-sax-parser set size:undefined disposed:false
961 silly fetch manifest @napi-rs/nice@^1.0.4
962 silly packumentCache full:https://registry.npmjs.org/@napi-rs%2fnice cache-miss
963 http fetch GET 200 https://registry.npmjs.org/@napi-rs%2fnice 536ms (cache miss)
964 silly packumentCache full:https://registry.npmjs.org/@napi-rs%2fnice set size:undefined disposed:false
965 silly fetch manifest @oxc-project/types@=0.106.0
966 silly packumentCache full:https://registry.npmjs.org/@oxc-project%2ftypes cache-miss
967 http fetch GET 200 https://registry.npmjs.org/@oxc-project%2ftypes 178ms (cache miss)
968 silly packumentCache full:https://registry.npmjs.org/@oxc-project%2ftypes set size:undefined disposed:false
969 silly fetch manifest @rolldown/pluginutils@1.0.0-beta.58
970 silly packumentCache full:https://registry.npmjs.org/@rolldown%2fpluginutils cache-miss
971 http fetch GET 200 https://registry.npmjs.org/@rolldown%2fpluginutils 135ms (cache miss)
972 silly packumentCache full:https://registry.npmjs.org/@rolldown%2fpluginutils set size:undefined disposed:false
973 silly fetch manifest @rolldown/binding-darwin-x64@1.0.0-beta.58
974 silly packumentCache full:https://registry.npmjs.org/@rolldown%2fbinding-darwin-x64 cache-miss
975 http fetch GET 200 https://registry.npmjs.org/@rolldown%2fbinding-darwin-x64 155ms (cache miss)
976 silly packumentCache full:https://registry.npmjs.org/@rolldown%2fbinding-darwin-x64 set size:undefined disposed:false
977 silly fetch manifest @rolldown/binding-freebsd-x64@1.0.0-beta.58
978 silly packumentCache full:https://registry.npmjs.org/@rolldown%2fbinding-freebsd-x64 cache-miss
979 http fetch GET 200 https://registry.npmjs.org/@rolldown%2fbinding-freebsd-x64 132ms (cache miss)
980 silly packumentCache full:https://registry.npmjs.org/@rolldown%2fbinding-freebsd-x64 set size:undefined disposed:false
981 silly fetch manifest @rolldown/binding-wasm32-wasi@1.0.0-beta.58
982 silly packumentCache full:https://registry.npmjs.org/@rolldown%2fbinding-wasm32-wasi cache-miss
983 http fetch GET 200 https://registry.npmjs.org/@rolldown%2fbinding-wasm32-wasi 218ms (cache miss)
984 silly packumentCache full:https://registry.npmjs.org/@rolldown%2fbinding-wasm32-wasi set size:undefined disposed:false
985 silly fetch manifest @rolldown/binding-darwin-arm64@1.0.0-beta.58
986 silly packumentCache full:https://registry.npmjs.org/@rolldown%2fbinding-darwin-arm64 cache-miss
987 http fetch GET 200 https://registry.npmjs.org/@rolldown%2fbinding-darwin-arm64 282ms (cache miss)
988 silly packumentCache full:https://registry.npmjs.org/@rolldown%2fbinding-darwin-arm64 set size:undefined disposed:false
989 silly fetch manifest @rolldown/binding-android-arm64@1.0.0-beta.58
990 silly packumentCache full:https://registry.npmjs.org/@rolldown%2fbinding-android-arm64 cache-miss
991 http fetch GET 200 https://registry.npmjs.org/@rolldown%2fbinding-android-arm64 159ms (cache miss)
992 silly packumentCache full:https://registry.npmjs.org/@rolldown%2fbinding-android-arm64 set size:undefined disposed:false
993 silly fetch manifest @rolldown/binding-linux-x64-gnu@1.0.0-beta.58
994 silly packumentCache full:https://registry.npmjs.org/@rolldown%2fbinding-linux-x64-gnu cache-miss
995 http fetch GET 200 https://registry.npmjs.org/@rolldown%2fbinding-linux-x64-gnu 159ms (cache miss)
996 silly packumentCache full:https://registry.npmjs.org/@rolldown%2fbinding-linux-x64-gnu set size:undefined disposed:false
997 silly fetch manifest @rolldown/binding-linux-x64-musl@1.0.0-beta.58
998 silly packumentCache full:https://registry.npmjs.org/@rolldown%2fbinding-linux-x64-musl cache-miss
999 http fetch GET 200 https://registry.npmjs.org/@rolldown%2fbinding-linux-x64-musl 140ms (cache miss)
1000 silly packumentCache full:https://registry.npmjs.org/@rolldown%2fbinding-linux-x64-musl set size:undefined disposed:false
1001 silly fetch manifest @rolldown/binding-win32-x64-msvc@1.0.0-beta.58
1002 silly packumentCache full:https://registry.npmjs.org/@rolldown%2fbinding-win32-x64-msvc cache-miss
1003 http fetch GET 200 https://registry.npmjs.org/@rolldown%2fbinding-win32-x64-msvc 139ms (cache miss)
1004 silly packumentCache full:https://registry.npmjs.org/@rolldown%2fbinding-win32-x64-msvc set size:undefined disposed:false
1005 silly fetch manifest @rolldown/binding-linux-arm64-gnu@1.0.0-beta.58
1006 silly packumentCache full:https://registry.npmjs.org/@rolldown%2fbinding-linux-arm64-gnu cache-miss
1007 http fetch GET 200 https://registry.npmjs.org/@rolldown%2fbinding-linux-arm64-gnu 162ms (cache miss)
1008 silly packumentCache full:https://registry.npmjs.org/@rolldown%2fbinding-linux-arm64-gnu set size:undefined disposed:false
1009 silly fetch manifest @rolldown/binding-linux-arm64-musl@1.0.0-beta.58
1010 silly packumentCache full:https://registry.npmjs.org/@rolldown%2fbinding-linux-arm64-musl cache-miss
1011 http fetch GET 200 https://registry.npmjs.org/@rolldown%2fbinding-linux-arm64-musl 252ms (cache miss)
1012 silly packumentCache full:https://registry.npmjs.org/@rolldown%2fbinding-linux-arm64-musl set size:undefined disposed:false
1013 silly fetch manifest @rolldown/binding-win32-arm64-msvc@1.0.0-beta.58
1014 silly packumentCache full:https://registry.npmjs.org/@rolldown%2fbinding-win32-arm64-msvc cache-miss
1015 http fetch GET 200 https://registry.npmjs.org/@rolldown%2fbinding-win32-arm64-msvc 224ms (cache miss)
1016 silly packumentCache full:https://registry.npmjs.org/@rolldown%2fbinding-win32-arm64-msvc set size:undefined disposed:false
1017 silly fetch manifest @rolldown/binding-openharmony-arm64@1.0.0-beta.58
1018 silly packumentCache full:https://registry.npmjs.org/@rolldown%2fbinding-openharmony-arm64 cache-miss
1019 http fetch GET 200 https://registry.npmjs.org/@rolldown%2fbinding-openharmony-arm64 145ms (cache miss)
1020 silly packumentCache full:https://registry.npmjs.org/@rolldown%2fbinding-openharmony-arm64 set size:undefined disposed:false
1021 silly fetch manifest @rolldown/binding-linux-arm-gnueabihf@1.0.0-beta.58
1022 silly packumentCache full:https://registry.npmjs.org/@rolldown%2fbinding-linux-arm-gnueabihf cache-miss
1023 http fetch GET 200 https://registry.npmjs.org/@rolldown%2fbinding-linux-arm-gnueabihf 210ms (cache miss)
1024 silly packumentCache full:https://registry.npmjs.org/@rolldown%2fbinding-linux-arm-gnueabihf set size:undefined disposed:false
1025 silly fetch manifest chokidar@^4.0.0
1026 silly packumentCache full:https://registry.npmjs.org/chokidar cache-miss
1027 http cache https://registry.npmjs.org/chokidar 67ms (cache hit)
1028 silly packumentCache full:https://registry.npmjs.org/chokidar set size:255902 disposed:false
1029 silly fetch manifest immutable@^5.0.2
1030 silly packumentCache full:https://registry.npmjs.org/immutable cache-miss
1031 http fetch GET 200 https://registry.npmjs.org/immutable 68ms (cache miss)
1032 silly packumentCache full:https://registry.npmjs.org/immutable set size:undefined disposed:false
1033 silly fetch manifest source-map-js@>=0.6.2 <2.0.0
1034 silly packumentCache full:https://registry.npmjs.org/source-map-js cache-miss
1035 http fetch GET 200 https://registry.npmjs.org/source-map-js 76ms (cache miss)
1036 silly packumentCache full:https://registry.npmjs.org/source-map-js set size:undefined disposed:false
1037 silly fetch manifest @parcel/watcher@^2.4.1
1038 silly packumentCache full:https://registry.npmjs.org/@parcel%2fwatcher cache-miss
1039 http fetch GET 200 https://registry.npmjs.org/@parcel%2fwatcher 152ms (cache miss)
1040 silly packumentCache full:https://registry.npmjs.org/@parcel%2fwatcher set size:undefined disposed:false
1041 silly fetch manifest buffer-from@^1.0.0
1042 silly packumentCache full:https://registry.npmjs.org/buffer-from cache-miss
1043 http fetch GET 200 https://registry.npmjs.org/buffer-from 49ms (cache miss)
1044 silly packumentCache full:https://registry.npmjs.org/buffer-from set size:undefined disposed:false
1045 silly fetch manifest source-map@^0.6.0
1046 silly packumentCache full:https://registry.npmjs.org/source-map cache-miss
1047 http fetch GET 200 https://registry.npmjs.org/source-map 94ms (cache miss)
1048 silly packumentCache full:https://registry.npmjs.org/source-map set size:undefined disposed:false
1049 silly fetch manifest graceful-fs@^4.1.2
1050 silly packumentCache full:https://registry.npmjs.org/graceful-fs cache-miss
1051 http fetch GET 200 https://registry.npmjs.org/graceful-fs 124ms (cache miss)
1052 silly packumentCache full:https://registry.npmjs.org/graceful-fs set size:undefined disposed:false
1053 silly fetch manifest glob-to-regexp@^0.4.1
1054 silly packumentCache full:https://registry.npmjs.org/glob-to-regexp cache-miss
1055 http fetch GET 200 https://registry.npmjs.org/glob-to-regexp 87ms (cache miss)
1056 silly packumentCache full:https://registry.npmjs.org/glob-to-regexp set size:undefined disposed:false
1057 silly placeDep ROOT @jridgewell/gen-mapping@0.3.13 OK for: @ampproject/remapping@2.3.0 want: ^0.3.5
1058 silly placeDep ROOT @jridgewell/trace-mapping@0.3.31 OK for: @ampproject/remapping@2.3.0 want: ^0.3.24
1059 silly fetch manifest @jridgewell/sourcemap-codec@^1.5.0
1060 silly packumentCache full:https://registry.npmjs.org/@jridgewell%2fsourcemap-codec cache-hit
1061 silly fetch manifest @jridgewell/resolve-uri@^3.1.0
1062 silly packumentCache full:https://registry.npmjs.org/@jridgewell%2fresolve-uri cache-miss
1063 http fetch GET 200 https://registry.npmjs.org/@jridgewell%2fresolve-uri 62ms (cache miss)
1064 silly packumentCache full:https://registry.npmjs.org/@jridgewell%2fresolve-uri set size:undefined disposed:false
1065 silly placeDep ROOT @angular-devkit/core@21.1.5 OK for: @angular-devkit/architect@0.2101.5 want: 21.1.5
1066 silly fetch manifest ajv@8.18.0
1067 silly packumentCache full:https://registry.npmjs.org/ajv cache-miss
1068 http fetch GET 200 https://registry.npmjs.org/ajv 141ms (cache miss)
1069 silly packumentCache full:https://registry.npmjs.org/ajv set size:undefined disposed:false
1070 silly fetch manifest source-map@0.7.6
1071 silly packumentCache full:https://registry.npmjs.org/source-map cache-miss
1072 http cache https://registry.npmjs.org/source-map 15ms (cache hit)
1073 silly packumentCache full:https://registry.npmjs.org/source-map set size:226141 disposed:false
1074 silly fetch manifest ajv-formats@3.0.1
1075 silly packumentCache full:https://registry.npmjs.org/ajv-formats cache-miss
1076 http fetch GET 200 https://registry.npmjs.org/ajv-formats 445ms (cache miss)
1077 silly packumentCache full:https://registry.npmjs.org/ajv-formats set size:undefined disposed:false
1078 silly placeDep ROOT ajv@8.18.0 OK for: @angular-devkit/core@21.1.5 want: 8.18.0
1079 silly placeDep ROOT ajv-formats@3.0.1 OK for: @angular-devkit/core@21.1.5 want: 3.0.1
1080 silly placeDep ROOT source-map@0.7.6 OK for: @angular-devkit/core@21.1.5 want: 0.7.6
1081 silly fetch manifest fast-uri@^3.0.1
1082 silly packumentCache full:https://registry.npmjs.org/fast-uri cache-miss
1083 http fetch GET 200 https://registry.npmjs.org/fast-uri 147ms (cache miss)
1084 silly packumentCache full:https://registry.npmjs.org/fast-uri set size:undefined disposed:false
1085 silly fetch manifest fast-deep-equal@^3.1.3
1086 silly packumentCache full:https://registry.npmjs.org/fast-deep-equal cache-miss
1087 http fetch GET 200 https://registry.npmjs.org/fast-deep-equal 98ms (cache miss)
1088 silly packumentCache full:https://registry.npmjs.org/fast-deep-equal set size:undefined disposed:false
1089 silly fetch manifest require-from-string@^2.0.2
1090 silly packumentCache full:https://registry.npmjs.org/require-from-string cache-miss
1091 http fetch GET 200 https://registry.npmjs.org/require-from-string 38ms (cache miss)
1092 silly packumentCache full:https://registry.npmjs.org/require-from-string set size:undefined disposed:false
1093 silly fetch manifest json-schema-traverse@^1.0.0
1094 silly packumentCache full:https://registry.npmjs.org/json-schema-traverse cache-miss
1095 http fetch GET 200 https://registry.npmjs.org/json-schema-traverse 124ms (cache miss)
1096 silly packumentCache full:https://registry.npmjs.org/json-schema-traverse set size:undefined disposed:false
1097 silly fetch manifest @cfworker/json-schema@^4.1.1
1098 silly packumentCache full:https://registry.npmjs.org/@cfworker%2fjson-schema cache-miss
1099 http fetch GET 200 https://registry.npmjs.org/@cfworker%2fjson-schema 73ms (cache miss)
1100 silly packumentCache full:https://registry.npmjs.org/@cfworker%2fjson-schema set size:undefined disposed:false
1101 silly placeDep ROOT @angular-devkit/schematics@21.1.5 OK for: @angular/cli@21.1.5 want: 21.1.5
1102 silly placeDep ROOT @inquirer/prompts@7.10.1 OK for: @angular/cli@21.1.5 want: 7.10.1
1103 silly placeDep ROOT @listr2/prompt-adapter-inquirer@3.0.5 OK for: @angular/cli@21.1.5 want: 3.0.5
1104 silly placeDep ROOT @modelcontextprotocol/sdk@1.26.0 OK for: @angular/cli@21.1.5 want: 1.26.0
1105 silly placeDep ROOT @schematics/angular@21.1.5 OK for: @angular/cli@21.1.5 want: 21.1.5
1106 silly placeDep ROOT @yarnpkg/lockfile@1.1.0 OK for: @angular/cli@21.1.5 want: 1.1.0
1107 silly placeDep ROOT algoliasearch@5.46.2 OK for: @angular/cli@21.1.5 want: 5.46.2
1108 silly placeDep ROOT ini@6.0.0 OK for: @angular/cli@21.1.5 want: 6.0.0
1109 silly placeDep ROOT npm-package-arg@13.0.2 OK for: @angular/cli@21.1.5 want: 13.0.2
1110 silly placeDep ROOT pacote@21.0.4 OK for: @angular/cli@21.1.5 want: 21.0.4
1111 silly placeDep ROOT resolve@1.22.11 OK for: @angular/cli@21.1.5 want: 1.22.11
1112 silly placeDep ROOT yargs@18.0.0 OK for: @angular/cli@21.1.5 want: 18.0.0
1113 silly placeDep ROOT zod@4.3.5 OK for: @angular/cli@21.1.5 want: 4.3.5
1114 silly fetch manifest ora@9.0.0
1115 silly packumentCache full:https://registry.npmjs.org/ora cache-miss
1116 http fetch GET 200 https://registry.npmjs.org/ora 48ms (cache miss)
1117 silly packumentCache full:https://registry.npmjs.org/ora set size:undefined disposed:false
1118 silly fetch manifest @inquirer/input@^4.3.1
1119 silly packumentCache full:https://registry.npmjs.org/@inquirer%2finput cache-miss
1120 http fetch GET 200 https://registry.npmjs.org/@inquirer%2finput 267ms (cache miss)
1121 silly packumentCache full:https://registry.npmjs.org/@inquirer%2finput set size:undefined disposed:false
1122 silly fetch manifest @inquirer/editor@^4.2.23
1123 silly packumentCache full:https://registry.npmjs.org/@inquirer%2feditor cache-miss
1124 http fetch GET 200 https://registry.npmjs.org/@inquirer%2feditor 153ms (cache miss)
1125 silly packumentCache full:https://registry.npmjs.org/@inquirer%2feditor set size:undefined disposed:false
1126 silly fetch manifest @inquirer/expand@^4.0.23
1127 silly packumentCache full:https://registry.npmjs.org/@inquirer%2fexpand cache-miss
1128 http fetch GET 200 https://registry.npmjs.org/@inquirer%2fexpand 69ms (cache miss)
1129 silly packumentCache full:https://registry.npmjs.org/@inquirer%2fexpand set size:undefined disposed:false
1130 silly fetch manifest @inquirer/number@^3.0.23
1131 silly packumentCache full:https://registry.npmjs.org/@inquirer%2fnumber cache-miss
1132 http fetch GET 200 https://registry.npmjs.org/@inquirer%2fnumber 52ms (cache miss)
1133 silly packumentCache full:https://registry.npmjs.org/@inquirer%2fnumber set size:undefined disposed:false
1134 silly fetch manifest @inquirer/search@^3.2.2
1135 silly packumentCache full:https://registry.npmjs.org/@inquirer%2fsearch cache-miss
1136 http fetch GET 200 https://registry.npmjs.org/@inquirer%2fsearch 57ms (cache miss)
1137 silly packumentCache full:https://registry.npmjs.org/@inquirer%2fsearch set size:undefined disposed:false
1138 silly fetch manifest @inquirer/select@^4.4.2
1139 silly packumentCache full:https://registry.npmjs.org/@inquirer%2fselect cache-miss
1140 http fetch GET 200 https://registry.npmjs.org/@inquirer%2fselect 205ms (cache miss)
1141 silly packumentCache full:https://registry.npmjs.org/@inquirer%2fselect set size:undefined disposed:false
1142 silly fetch manifest @inquirer/rawlist@^4.1.11
1143 silly packumentCache full:https://registry.npmjs.org/@inquirer%2frawlist cache-miss
1144 http fetch GET 200 https://registry.npmjs.org/@inquirer%2frawlist 106ms (cache miss)
1145 silly packumentCache full:https://registry.npmjs.org/@inquirer%2frawlist set size:undefined disposed:false
1146 silly fetch manifest @inquirer/checkbox@^4.3.2
1147 silly packumentCache full:https://registry.npmjs.org/@inquirer%2fcheckbox cache-miss
1148 http fetch GET 200 https://registry.npmjs.org/@inquirer%2fcheckbox 102ms (cache miss)
1149 silly packumentCache full:https://registry.npmjs.org/@inquirer%2fcheckbox set size:undefined disposed:false
1150 silly fetch manifest @inquirer/password@^4.0.23
1151 silly packumentCache full:https://registry.npmjs.org/@inquirer%2fpassword cache-miss
1152 http fetch GET 200 https://registry.npmjs.org/@inquirer%2fpassword 71ms (cache miss)
1153 silly packumentCache full:https://registry.npmjs.org/@inquirer%2fpassword set size:undefined disposed:false
1154 silly fetch manifest @inquirer/type@^3.0.8
1155 silly packumentCache full:https://registry.npmjs.org/@inquirer%2ftype cache-miss
1156 http cache https://registry.npmjs.org/@inquirer%2ftype 7ms (cache hit)
1157 silly packumentCache full:https://registry.npmjs.org/@inquirer%2ftype set size:110497 disposed:false
1158 silly fetch manifest zod@^3.25 || ^4.0
1159 silly packumentCache full:https://registry.npmjs.org/zod cache-miss
1160 http cache https://registry.npmjs.org/zod 17ms (cache hit)
1161 silly packumentCache full:https://registry.npmjs.org/zod set size:3489329 disposed:false
1162 silly fetch manifest cors@^2.8.5
1163 silly packumentCache full:https://registry.npmjs.org/cors cache-miss
1164 http fetch GET 200 https://registry.npmjs.org/cors 64ms (cache miss)
1165 silly packumentCache full:https://registry.npmjs.org/cors set size:undefined disposed:false
1166 silly fetch manifest hono@^4.11.4
1167 silly packumentCache full:https://registry.npmjs.org/hono cache-miss
1168 http fetch GET 200 https://registry.npmjs.org/hono 225ms (cache miss)
1169 silly packumentCache full:https://registry.npmjs.org/hono set size:undefined disposed:false
1170 silly fetch manifest jose@^6.1.3
1171 silly packumentCache full:https://registry.npmjs.org/jose cache-miss
1172 http fetch GET 200 https://registry.npmjs.org/jose 476ms (cache miss)
1173 silly packumentCache full:https://registry.npmjs.org/jose set size:undefined disposed:false
1174 silly fetch manifest express@^5.2.1
1175 silly packumentCache full:https://registry.npmjs.org/express cache-miss
1176 http fetch GET 200 https://registry.npmjs.org/express 179ms (cache miss)
1177 silly packumentCache full:https://registry.npmjs.org/express set size:undefined disposed:false
1178 silly fetch manifest raw-body@^3.0.0
1179 silly packumentCache full:https://registry.npmjs.org/raw-body cache-miss
1180 http fetch GET 200 https://registry.npmjs.org/raw-body 98ms (cache miss)
1181 silly packumentCache full:https://registry.npmjs.org/raw-body set size:undefined disposed:false
1182 silly fetch manifest cross-spawn@^7.0.5
1183 silly packumentCache full:https://registry.npmjs.org/cross-spawn cache-miss
1184 http fetch GET 200 https://registry.npmjs.org/cross-spawn 50ms (cache miss)
1185 silly packumentCache full:https://registry.npmjs.org/cross-spawn set size:undefined disposed:false
1186 silly fetch manifest eventsource@^3.0.2
1187 silly packumentCache full:https://registry.npmjs.org/eventsource cache-miss
1188 http fetch GET 200 https://registry.npmjs.org/eventsource 42ms (cache miss)
1189 silly packumentCache full:https://registry.npmjs.org/eventsource set size:undefined disposed:false
1190 silly fetch manifest content-type@^1.0.5
1191 silly packumentCache full:https://registry.npmjs.org/content-type cache-miss
1192 http fetch GET 200 https://registry.npmjs.org/content-type 88ms (cache miss)
1193 silly packumentCache full:https://registry.npmjs.org/content-type set size:undefined disposed:false
1194 silly fetch manifest pkce-challenge@^5.0.0
1195 silly packumentCache full:https://registry.npmjs.org/pkce-challenge cache-miss
1196 http fetch GET 200 https://registry.npmjs.org/pkce-challenge 43ms (cache miss)
1197 silly packumentCache full:https://registry.npmjs.org/pkce-challenge set size:undefined disposed:false
1198 silly fetch manifest @hono/node-server@^1.19.9
1199 silly packumentCache full:https://registry.npmjs.org/@hono%2fnode-server cache-miss
1200 http fetch GET 200 https://registry.npmjs.org/@hono%2fnode-server 104ms (cache miss)
1201 silly packumentCache full:https://registry.npmjs.org/@hono%2fnode-server set size:undefined disposed:false
1202 silly fetch manifest json-schema-typed@^8.0.2
1203 silly packumentCache full:https://registry.npmjs.org/json-schema-typed cache-miss
1204 http fetch GET 200 https://registry.npmjs.org/json-schema-typed 47ms (cache miss)
1205 silly packumentCache full:https://registry.npmjs.org/json-schema-typed set size:undefined disposed:false
1206 silly fetch manifest eventsource-parser@^3.0.0
1207 silly packumentCache full:https://registry.npmjs.org/eventsource-parser cache-miss
1208 http fetch GET 200 https://registry.npmjs.org/eventsource-parser 36ms (cache miss)
1209 silly packumentCache full:https://registry.npmjs.org/eventsource-parser set size:undefined disposed:false
1210 silly fetch manifest express-rate-limit@^8.2.1
1211 silly packumentCache full:https://registry.npmjs.org/express-rate-limit cache-miss
1212 http fetch GET 200 https://registry.npmjs.org/express-rate-limit 68ms (cache miss)
1213 silly packumentCache full:https://registry.npmjs.org/express-rate-limit set size:undefined disposed:false
1214 silly fetch manifest zod-to-json-schema@^3.25.1
1215 silly packumentCache full:https://registry.npmjs.org/zod-to-json-schema cache-miss
1216 http fetch GET 200 https://registry.npmjs.org/zod-to-json-schema 316ms (cache miss)
1217 silly packumentCache full:https://registry.npmjs.org/zod-to-json-schema set size:undefined disposed:false
1218 silly fetch manifest @algolia/abtesting@1.12.2
1219 silly packumentCache full:https://registry.npmjs.org/@algolia%2fabtesting cache-miss
1220 http fetch GET 200 https://registry.npmjs.org/@algolia%2fabtesting 163ms (cache miss)
1221 silly packumentCache full:https://registry.npmjs.org/@algolia%2fabtesting set size:undefined disposed:false
1222 silly fetch manifest @algolia/ingestion@1.46.2
1223 silly packumentCache full:https://registry.npmjs.org/@algolia%2fingestion cache-miss
1224 http fetch GET 200 https://registry.npmjs.org/@algolia%2fingestion 119ms (cache miss)
1225 silly packumentCache full:https://registry.npmjs.org/@algolia%2fingestion set size:undefined disposed:false
1226 silly fetch manifest @algolia/recommend@5.46.2
1227 silly packumentCache full:https://registry.npmjs.org/@algolia%2frecommend cache-miss
1228 http fetch GET 200 https://registry.npmjs.org/@algolia%2frecommend 297ms (cache miss)
1229 silly packumentCache full:https://registry.npmjs.org/@algolia%2frecommend set size:undefined disposed:false
1230 silly fetch manifest @algolia/monitoring@1.46.2
1231 silly packumentCache full:https://registry.npmjs.org/@algolia%2fmonitoring cache-miss
1232 http fetch GET 200 https://registry.npmjs.org/@algolia%2fmonitoring 96ms (cache miss)
1233 silly packumentCache full:https://registry.npmjs.org/@algolia%2fmonitoring set size:undefined disposed:false
1234 silly fetch manifest @algolia/client-common@5.46.2
1235 silly packumentCache full:https://registry.npmjs.org/@algolia%2fclient-common cache-miss
1236 http fetch GET 200 https://registry.npmjs.org/@algolia%2fclient-common 66ms (cache miss)
1237 silly packumentCache full:https://registry.npmjs.org/@algolia%2fclient-common set size:undefined disposed:false
1238 silly fetch manifest @algolia/client-search@5.46.2
1239 silly packumentCache full:https://registry.npmjs.org/@algolia%2fclient-search cache-miss
1240 http fetch GET 200 https://registry.npmjs.org/@algolia%2fclient-search 136ms (cache miss)
1241 silly packumentCache full:https://registry.npmjs.org/@algolia%2fclient-search set size:undefined disposed:false
1242 silly fetch manifest @algolia/client-insights@5.46.2
1243 silly packumentCache full:https://registry.npmjs.org/@algolia%2fclient-insights cache-miss
1244 http fetch GET 200 https://registry.npmjs.org/@algolia%2fclient-insights 101ms (cache miss)
1245 silly packumentCache full:https://registry.npmjs.org/@algolia%2fclient-insights set size:undefined disposed:false
1246 silly fetch manifest @algolia/requester-fetch@5.46.2
1247 silly packumentCache full:https://registry.npmjs.org/@algolia%2frequester-fetch cache-miss
1248 http fetch GET 200 https://registry.npmjs.org/@algolia%2frequester-fetch 104ms (cache miss)
1249 silly packumentCache full:https://registry.npmjs.org/@algolia%2frequester-fetch set size:undefined disposed:false
1250 silly fetch manifest @algolia/client-abtesting@5.46.2
1251 silly packumentCache full:https://registry.npmjs.org/@algolia%2fclient-abtesting cache-miss
1252 http fetch GET 200 https://registry.npmjs.org/@algolia%2fclient-abtesting 314ms (cache miss)
1253 silly packumentCache full:https://registry.npmjs.org/@algolia%2fclient-abtesting set size:undefined disposed:false
1254 silly fetch manifest @algolia/client-analytics@5.46.2
1255 silly packumentCache full:https://registry.npmjs.org/@algolia%2fclient-analytics cache-miss
1256 http fetch GET 200 https://registry.npmjs.org/@algolia%2fclient-analytics 133ms (cache miss)
1257 silly packumentCache full:https://registry.npmjs.org/@algolia%2fclient-analytics set size:undefined disposed:false
1258 silly fetch manifest @algolia/requester-node-http@5.46.2
1259 silly packumentCache full:https://registry.npmjs.org/@algolia%2frequester-node-http cache-miss
1260 http fetch GET 200 https://registry.npmjs.org/@algolia%2frequester-node-http 99ms (cache miss)
1261 silly packumentCache full:https://registry.npmjs.org/@algolia%2frequester-node-http set size:undefined disposed:false
1262 silly fetch manifest @algolia/requester-browser-xhr@5.46.2
1263 silly packumentCache full:https://registry.npmjs.org/@algolia%2frequester-browser-xhr cache-miss
1264 http fetch GET 200 https://registry.npmjs.org/@algolia%2frequester-browser-xhr 121ms (cache miss)
1265 silly packumentCache full:https://registry.npmjs.org/@algolia%2frequester-browser-xhr set size:undefined disposed:false
1266 silly fetch manifest @algolia/client-personalization@5.46.2
1267 silly packumentCache full:https://registry.npmjs.org/@algolia%2fclient-personalization cache-miss
1268 http fetch GET 200 https://registry.npmjs.org/@algolia%2fclient-personalization 165ms (cache miss)
1269 silly packumentCache full:https://registry.npmjs.org/@algolia%2fclient-personalization set size:undefined disposed:false
1270 silly fetch manifest @algolia/client-query-suggestions@5.46.2
1271 silly packumentCache full:https://registry.npmjs.org/@algolia%2fclient-query-suggestions cache-miss
1272 http fetch GET 200 https://registry.npmjs.org/@algolia%2fclient-query-suggestions 256ms (cache miss)
1273 silly packumentCache full:https://registry.npmjs.org/@algolia%2fclient-query-suggestions set size:undefined disposed:false
1274 silly fetch manifest hosted-git-info@^9.0.0
1275 silly packumentCache full:https://registry.npmjs.org/hosted-git-info cache-miss
1276 http fetch GET 200 https://registry.npmjs.org/hosted-git-info 66ms (cache miss)
1277 silly packumentCache full:https://registry.npmjs.org/hosted-git-info set size:undefined disposed:false
1278 silly fetch manifest proc-log@^6.0.0
1279 silly packumentCache full:https://registry.npmjs.org/proc-log cache-miss
1280 http fetch GET 200 https://registry.npmjs.org/proc-log 50ms (cache miss)
1281 silly packumentCache full:https://registry.npmjs.org/proc-log set size:undefined disposed:false
1282 silly fetch manifest validate-npm-package-name@^7.0.0
1283 silly packumentCache full:https://registry.npmjs.org/validate-npm-package-name cache-miss
1284 http fetch GET 200 https://registry.npmjs.org/validate-npm-package-name 35ms (cache miss)
1285 silly packumentCache full:https://registry.npmjs.org/validate-npm-package-name set size:undefined disposed:false
1286 silly fetch manifest tar@^7.4.3
1287 silly packumentCache full:https://registry.npmjs.org/tar cache-miss
1288 http fetch GET 200 https://registry.npmjs.org/tar 93ms (cache miss)
1289 silly packumentCache full:https://registry.npmjs.org/tar set size:undefined disposed:false
1290 silly fetch manifest ssri@^13.0.0
1291 silly packumentCache full:https://registry.npmjs.org/ssri cache-miss
1292 http fetch GET 200 https://registry.npmjs.org/ssri 100ms (cache miss)
1293 silly packumentCache full:https://registry.npmjs.org/ssri set size:undefined disposed:false
1294 silly fetch manifest cacache@^20.0.0
1295 silly packumentCache full:https://registry.npmjs.org/cacache cache-miss
1296 http fetch GET 200 https://registry.npmjs.org/cacache 135ms (cache miss)
1297 silly packumentCache full:https://registry.npmjs.org/cacache set size:undefined disposed:false
1298 silly fetch manifest minipass@^7.0.2
1299 silly packumentCache full:https://registry.npmjs.org/minipass cache-miss
1300 http fetch GET 200 https://registry.npmjs.org/minipass 92ms (cache miss)
1301 silly packumentCache full:https://registry.npmjs.org/minipass set size:undefined disposed:false
1302 silly fetch manifest sigstore@^4.0.0
1303 silly packumentCache full:https://registry.npmjs.org/sigstore cache-miss
1304 http fetch GET 200 https://registry.npmjs.org/sigstore 50ms (cache miss)
1305 silly packumentCache full:https://registry.npmjs.org/sigstore set size:undefined disposed:false
1306 silly fetch manifest @npmcli/git@^7.0.0
1307 silly packumentCache full:https://registry.npmjs.org/@npmcli%2fgit cache-miss
1308 http fetch GET 200 https://registry.npmjs.org/@npmcli%2fgit 96ms (cache miss)
1309 silly packumentCache full:https://registry.npmjs.org/@npmcli%2fgit set size:undefined disposed:false
1310 silly fetch manifest fs-minipass@^3.0.0
1311 silly packumentCache full:https://registry.npmjs.org/fs-minipass cache-miss
1312 http fetch GET 200 https://registry.npmjs.org/fs-minipass 33ms (cache miss)
1313 silly packumentCache full:https://registry.npmjs.org/fs-minipass set size:undefined disposed:false
1314 silly fetch manifest npm-packlist@^10.0.1
1315 silly packumentCache full:https://registry.npmjs.org/npm-packlist cache-miss
1316 http fetch GET 200 https://registry.npmjs.org/npm-packlist 56ms (cache miss)
1317 silly packumentCache full:https://registry.npmjs.org/npm-packlist set size:undefined disposed:false
1318 silly fetch manifest promise-retry@^2.0.1
1319 silly packumentCache full:https://registry.npmjs.org/promise-retry cache-miss
1320 http fetch GET 200 https://registry.npmjs.org/promise-retry 79ms (cache miss)
1321 silly packumentCache full:https://registry.npmjs.org/promise-retry set size:undefined disposed:false
1322 silly fetch manifest npm-pick-manifest@^11.0.1
1323 silly packumentCache full:https://registry.npmjs.org/npm-pick-manifest cache-miss
1324 http fetch GET 200 https://registry.npmjs.org/npm-pick-manifest 49ms (cache miss)
1325 silly packumentCache full:https://registry.npmjs.org/npm-pick-manifest set size:undefined disposed:false
1326 silly fetch manifest @npmcli/run-script@^10.0.0
1327 silly packumentCache full:https://registry.npmjs.org/@npmcli%2frun-script cache-miss
1328 http fetch GET 200 https://registry.npmjs.org/@npmcli%2frun-script 64ms (cache miss)
1329 silly packumentCache full:https://registry.npmjs.org/@npmcli%2frun-script set size:undefined disposed:false
1330 silly fetch manifest npm-registry-fetch@^19.0.0
1331 silly packumentCache full:https://registry.npmjs.org/npm-registry-fetch cache-miss
1332 http fetch GET 200 https://registry.npmjs.org/npm-registry-fetch 62ms (cache miss)
1333 silly packumentCache full:https://registry.npmjs.org/npm-registry-fetch set size:undefined disposed:false
1334 silly fetch manifest @npmcli/package-json@^7.0.0
1335 silly packumentCache full:https://registry.npmjs.org/@npmcli%2fpackage-json cache-miss
1336 http fetch GET 200 https://registry.npmjs.org/@npmcli%2fpackage-json 77ms (cache miss)
1337 silly packumentCache full:https://registry.npmjs.org/@npmcli%2fpackage-json set size:undefined disposed:false
1338 silly fetch manifest @npmcli/promise-spawn@^9.0.0
1339 silly packumentCache full:https://registry.npmjs.org/@npmcli%2fpromise-spawn cache-miss
1340 http fetch GET 200 https://registry.npmjs.org/@npmcli%2fpromise-spawn 65ms (cache miss)
1341 silly packumentCache full:https://registry.npmjs.org/@npmcli%2fpromise-spawn set size:undefined disposed:false
1342 silly fetch manifest @npmcli/installed-package-contents@^4.0.0
1343 silly packumentCache full:https://registry.npmjs.org/@npmcli%2finstalled-package-contents cache-miss
1344 http fetch GET 200 https://registry.npmjs.org/@npmcli%2finstalled-package-contents 58ms (cache miss)
1345 silly packumentCache full:https://registry.npmjs.org/@npmcli%2finstalled-package-contents set size:undefined disposed:false
1346 silly fetch manifest path-parse@^1.0.7
1347 silly packumentCache full:https://registry.npmjs.org/path-parse cache-miss
1348 http fetch GET 200 https://registry.npmjs.org/path-parse 38ms (cache miss)
1349 silly packumentCache full:https://registry.npmjs.org/path-parse set size:undefined disposed:false
1350 silly fetch manifest is-core-module@^2.16.1
1351 silly packumentCache full:https://registry.npmjs.org/is-core-module cache-miss
1352 http fetch GET 200 https://registry.npmjs.org/is-core-module 37ms (cache miss)
1353 silly packumentCache full:https://registry.npmjs.org/is-core-module set size:undefined disposed:false
1354 silly fetch manifest supports-preserve-symlinks-flag@^1.0.0
1355 silly packumentCache full:https://registry.npmjs.org/supports-preserve-symlinks-flag cache-miss
1356 http fetch GET 200 https://registry.npmjs.org/supports-preserve-symlinks-flag 48ms (cache miss)
1357 silly packumentCache full:https://registry.npmjs.org/supports-preserve-symlinks-flag set size:undefined disposed:false
1358 silly fetch manifest cliui@^9.0.1
1359 silly packumentCache full:https://registry.npmjs.org/cliui cache-miss
1360 http fetch GET 200 https://registry.npmjs.org/cliui 65ms (cache miss)
1361 silly packumentCache full:https://registry.npmjs.org/cliui set size:undefined disposed:false
1362 silly fetch manifest escalade@^3.1.1
1363 silly packumentCache full:https://registry.npmjs.org/escalade cache-miss
1364 http fetch GET 200 https://registry.npmjs.org/escalade 63ms (cache miss)
1365 silly packumentCache full:https://registry.npmjs.org/escalade set size:undefined disposed:false
1366 silly fetch manifest get-caller-file@^2.0.5
1367 silly packumentCache full:https://registry.npmjs.org/get-caller-file cache-miss
1368 http fetch GET 200 https://registry.npmjs.org/get-caller-file 160ms (cache miss)
1369 silly packumentCache full:https://registry.npmjs.org/get-caller-file set size:undefined disposed:false
1370 silly fetch manifest string-width@^7.2.0
1371 silly packumentCache full:https://registry.npmjs.org/string-width cache-miss
1372 http fetch GET 200 https://registry.npmjs.org/string-width 47ms (cache miss)
1373 silly packumentCache full:https://registry.npmjs.org/string-width set size:undefined disposed:false
1374 silly fetch manifest y18n@^5.0.5
1375 silly packumentCache full:https://registry.npmjs.org/y18n cache-miss
1376 http fetch GET 200 https://registry.npmjs.org/y18n 98ms (cache miss)
1377 silly packumentCache full:https://registry.npmjs.org/y18n set size:undefined disposed:false
1378 silly fetch manifest yargs-parser@^22.0.0
1379 silly packumentCache full:https://registry.npmjs.org/yargs-parser cache-miss
1380 http fetch GET 200 https://registry.npmjs.org/yargs-parser 100ms (cache miss)
1381 silly packumentCache full:https://registry.npmjs.org/yargs-parser set size:undefined disposed:false
1382 silly placeDep ROOT ora@9.0.0 OK for: @angular-devkit/schematics@21.1.5 want: 9.0.0
1383 silly fetch manifest chalk@^5.6.2
1384 silly packumentCache full:https://registry.npmjs.org/chalk cache-miss
1385 http fetch GET 200 https://registry.npmjs.org/chalk 64ms (cache miss)
1386 silly packumentCache full:https://registry.npmjs.org/chalk set size:undefined disposed:false
1387 silly fetch manifest cli-cursor@^5.0.0
1388 silly packumentCache full:https://registry.npmjs.org/cli-cursor cache-miss
1389 http fetch GET 200 https://registry.npmjs.org/cli-cursor 63ms (cache miss)
1390 silly packumentCache full:https://registry.npmjs.org/cli-cursor set size:undefined disposed:false
1391 silly fetch manifest strip-ansi@^7.1.2
1392 silly packumentCache full:https://registry.npmjs.org/strip-ansi cache-miss
1393 http fetch GET 200 https://registry.npmjs.org/strip-ansi 48ms (cache miss)
1394 silly packumentCache full:https://registry.npmjs.org/strip-ansi set size:undefined disposed:false
1395 silly fetch manifest log-symbols@^7.0.1
1396 silly packumentCache full:https://registry.npmjs.org/log-symbols cache-miss
1397 http fetch GET 200 https://registry.npmjs.org/log-symbols 82ms (cache miss)
1398 silly packumentCache full:https://registry.npmjs.org/log-symbols set size:undefined disposed:false
1399 silly fetch manifest cli-spinners@^3.2.0
1400 silly packumentCache full:https://registry.npmjs.org/cli-spinners cache-miss
1401 http fetch GET 200 https://registry.npmjs.org/cli-spinners 55ms (cache miss)
1402 silly packumentCache full:https://registry.npmjs.org/cli-spinners set size:undefined disposed:false
1403 silly fetch manifest string-width@^8.1.0
1404 silly packumentCache full:https://registry.npmjs.org/string-width cache-miss
1405 http cache https://registry.npmjs.org/string-width 17ms (cache hit)
1406 silly packumentCache full:https://registry.npmjs.org/string-width set size:68305 disposed:false
1407 silly fetch manifest is-interactive@^2.0.0
1408 silly packumentCache full:https://registry.npmjs.org/is-interactive cache-miss
1409 http fetch GET 200 https://registry.npmjs.org/is-interactive 59ms (cache miss)
1410 silly packumentCache full:https://registry.npmjs.org/is-interactive set size:undefined disposed:false
1411 silly fetch manifest stdin-discarder@^0.2.2
1412 silly packumentCache full:https://registry.npmjs.org/stdin-discarder cache-miss
1413 http fetch GET 200 https://registry.npmjs.org/stdin-discarder 174ms (cache miss)
1414 silly packumentCache full:https://registry.npmjs.org/stdin-discarder set size:undefined disposed:false
1415 silly fetch manifest is-unicode-supported@^2.1.0
1416 silly packumentCache full:https://registry.npmjs.org/is-unicode-supported cache-miss
1417 http fetch GET 200 https://registry.npmjs.org/is-unicode-supported 348ms (cache miss)
1418 silly packumentCache full:https://registry.npmjs.org/is-unicode-supported set size:undefined disposed:false
1419 silly placeDep ROOT @jridgewell/sourcemap-codec@1.5.5 OK for: @angular/compiler-cli@21.1.5 want: ^1.4.14
1420 silly placeDep ROOT chokidar@5.0.0 OK for: @angular/compiler-cli@21.1.5 want: ^5.0.0
1421 silly placeDep ROOT convert-source-map@1.9.0 OK for: @angular/compiler-cli@21.1.5 want: ^1.5.1
1422 silly placeDep ROOT reflect-metadata@0.2.2 OK for: @angular/compiler-cli@21.1.5 want: ^0.2.0
1423 silly fetch manifest readdirp@^5.0.0
1424 silly packumentCache full:https://registry.npmjs.org/readdirp cache-miss
1425 http fetch GET 200 https://registry.npmjs.org/readdirp 180ms (cache miss)
1426 silly packumentCache full:https://registry.npmjs.org/readdirp set size:undefined disposed:false
1427 silly placeDep ROOT @standard-schema/spec@1.1.0 OK for: @angular/forms@21.1.5 want: ^1.0.0
1428 silly fetch manifest @babel/core@^7.0.0
1429 silly packumentCache full:https://registry.npmjs.org/@babel%2fcore cache-miss
1430 http cache https://registry.npmjs.org/@babel%2fcore 120ms (cache hit)
1431 silly packumentCache full:https://registry.npmjs.org/@babel%2fcore set size:756140 disposed:false
1432 silly placeDep ROOT @babel/code-frame@7.29.0 OK for: @babel/core@7.28.5 want: ^7.27.1
1433 silly placeDep ROOT @babel/generator@7.29.1 OK for: @babel/core@7.28.5 want: ^7.28.5
1434 silly placeDep ROOT @babel/helper-compilation-targets@7.28.6 OK for: @babel/core@7.28.5 want: ^7.27.2
1435 silly placeDep ROOT @babel/helper-module-transforms@7.28.6 OK for: @babel/core@7.28.5 want: ^7.28.3
1436 silly placeDep ROOT @babel/helpers@7.28.6 OK for: @babel/core@7.28.5 want: ^7.28.4
1437 silly placeDep ROOT @babel/parser@7.29.0 OK for: @babel/core@7.28.5 want: ^7.28.5
1438 silly placeDep ROOT @babel/template@7.28.6 OK for: @babel/core@7.28.5 want: ^7.27.2
1439 silly placeDep ROOT @babel/traverse@7.29.0 OK for: @babel/core@7.28.5 want: ^7.28.5
1440 silly placeDep ROOT @babel/types@7.29.0 OK for: @babel/core@7.28.5 want: ^7.28.5
1441 silly placeDep ROOT @jridgewell/remapping@2.3.5 OK for: @babel/core@7.28.5 want: ^2.3.5
1442 silly placeDep node_modules/@babel/core convert-source-map@2.0.0 OK for: @babel/core@7.28.5 want: ^2.0.0
1443 silly placeDep ROOT debug@4.4.3 OK for: @babel/core@7.28.5 want: ^4.1.0
1444 silly placeDep ROOT gensync@1.0.0-beta.2 OK for: @babel/core@7.28.5 want: ^1.0.0-beta.2
1445 silly placeDep ROOT json5@2.2.3 OK for: @babel/core@7.28.5 want: ^2.2.3
1446 silly placeDep node_modules/@babel/core semver@6.3.1 OK for: @babel/core@7.28.5 want: ^6.3.1
1447 silly fetch manifest js-tokens@^4.0.0
1448 silly packumentCache full:https://registry.npmjs.org/js-tokens cache-miss
1449 http fetch GET 200 https://registry.npmjs.org/js-tokens 88ms (cache miss)
1450 silly packumentCache full:https://registry.npmjs.org/js-tokens set size:undefined disposed:false
1451 silly fetch manifest @babel/helper-validator-identifier@^7.28.5
1452 silly packumentCache full:https://registry.npmjs.org/@babel%2fhelper-validator-identifier cache-miss
1453 http fetch GET 200 https://registry.npmjs.org/@babel%2fhelper-validator-identifier 191ms (cache miss)
1454 silly packumentCache full:https://registry.npmjs.org/@babel%2fhelper-validator-identifier set size:undefined disposed:false
1455 silly fetch manifest jsesc@^3.0.2
1456 silly packumentCache full:https://registry.npmjs.org/jsesc cache-miss
1457 http fetch GET 200 https://registry.npmjs.org/jsesc 105ms (cache miss)
1458 silly packumentCache full:https://registry.npmjs.org/jsesc set size:undefined disposed:false
1459 silly fetch manifest @babel/types@^7.29.0
1460 silly packumentCache full:https://registry.npmjs.org/@babel%2ftypes cache-hit
1461 silly fetch manifest @babel/parser@^7.29.0
1462 silly packumentCache full:https://registry.npmjs.org/@babel%2fparser cache-hit
1463 silly fetch manifest lru-cache@^5.1.1
1464 silly packumentCache full:https://registry.npmjs.org/lru-cache cache-miss
1465 http fetch GET 200 https://registry.npmjs.org/lru-cache 133ms (cache miss)
1466 silly packumentCache full:https://registry.npmjs.org/lru-cache set size:undefined disposed:false
1467 silly fetch manifest @babel/compat-data@^7.28.6
1468 silly packumentCache full:https://registry.npmjs.org/@babel%2fcompat-data cache-miss
1469 http fetch GET 200 https://registry.npmjs.org/@babel%2fcompat-data 232ms (cache miss)
1470 silly packumentCache full:https://registry.npmjs.org/@babel%2fcompat-data set size:undefined disposed:false
1471 silly fetch manifest @babel/helper-validator-option@^7.27.1
1472 silly packumentCache full:https://registry.npmjs.org/@babel%2fhelper-validator-option cache-miss
1473 http fetch GET 200 https://registry.npmjs.org/@babel%2fhelper-validator-option 205ms (cache miss)
1474 silly packumentCache full:https://registry.npmjs.org/@babel%2fhelper-validator-option set size:undefined disposed:false
1475 silly fetch manifest @babel/traverse@^7.28.6
1476 silly packumentCache full:https://registry.npmjs.org/@babel%2ftraverse cache-miss
1477 http cache https://registry.npmjs.org/@babel%2ftraverse 177ms (cache hit)
1478 silly packumentCache full:https://registry.npmjs.org/@babel%2ftraverse set size:546499 disposed:false
1479 silly fetch manifest @babel/helper-module-imports@^7.28.6
1480 silly packumentCache full:https://registry.npmjs.org/@babel%2fhelper-module-imports cache-miss
1481 http fetch GET 200 https://registry.npmjs.org/@babel%2fhelper-module-imports 98ms (cache miss)
1482 silly packumentCache full:https://registry.npmjs.org/@babel%2fhelper-module-imports set size:undefined disposed:false
1483 silly fetch manifest @babel/types@^7.28.6
1484 silly packumentCache full:https://registry.npmjs.org/@babel%2ftypes cache-hit
1485 silly fetch manifest @babel/template@^7.28.6
1486 silly packumentCache full:https://registry.npmjs.org/@babel%2ftemplate cache-miss
1487 http cache https://registry.npmjs.org/@babel%2ftemplate 172ms (cache hit)
1488 silly packumentCache full:https://registry.npmjs.org/@babel%2ftemplate set size:225245 disposed:false
1489 silly fetch manifest debug@^4.3.1
1490 silly packumentCache full:https://registry.npmjs.org/debug cache-hit
1491 silly fetch manifest @babel/helper-globals@^7.28.0
1492 silly packumentCache full:https://registry.npmjs.org/@babel%2fhelper-globals cache-miss
1493 http fetch GET 200 https://registry.npmjs.org/@babel%2fhelper-globals 232ms (cache miss)
1494 silly packumentCache full:https://registry.npmjs.org/@babel%2fhelper-globals set size:undefined disposed:false
1495 silly fetch manifest @babel/helper-string-parser@^7.27.1
1496 silly packumentCache full:https://registry.npmjs.org/@babel%2fhelper-string-parser cache-miss
1497 http fetch GET 200 https://registry.npmjs.org/@babel%2fhelper-string-parser 220ms (cache miss)
1498 silly packumentCache full:https://registry.npmjs.org/@babel%2fhelper-string-parser set size:undefined disposed:false
1499 silly fetch manifest ms@^2.1.3
1500 silly packumentCache full:https://registry.npmjs.org/ms cache-miss
1501 http fetch GET 200 https://registry.npmjs.org/ms 290ms (cache miss)
1502 silly packumentCache full:https://registry.npmjs.org/ms set size:undefined disposed:false
1503 silly placeDep ROOT @babel/helper-validator-identifier@7.28.5 OK for: @babel/code-frame@7.29.0 want: ^7.28.5
1504 silly placeDep ROOT js-tokens@4.0.0 OK for: @babel/code-frame@7.29.0 want: ^4.0.0
1505 silly placeDep ROOT picocolors@1.1.1 OK for: @babel/code-frame@7.29.0 want: ^1.1.1
1506 silly placeDep ROOT jsesc@3.1.0 OK for: @babel/generator@7.29.1 want: ^3.0.2
1507 silly placeDep ROOT @babel/compat-data@7.29.0 OK for: @babel/helper-compilation-targets@7.28.6 want: ^7.28.6
1508 silly placeDep ROOT @babel/helper-validator-option@7.27.1 OK for: @babel/helper-compilation-targets@7.28.6 want: ^7.27.1
1509 silly placeDep ROOT lru-cache@5.1.1 OK for: @babel/helper-compilation-targets@7.28.6 want: ^5.1.1
1510 silly placeDep node_modules/@babel/helper-compilation-targets semver@6.3.1 OK for: @babel/helper-compilation-targets@7.28.6 want: ^6.3.1
1511 silly fetch manifest yallist@^3.0.2
1512 silly packumentCache full:https://registry.npmjs.org/yallist cache-miss
1513 http fetch GET 200 https://registry.npmjs.org/yallist 199ms (cache miss)
1514 silly packumentCache full:https://registry.npmjs.org/yallist set size:undefined disposed:false
1515 silly placeDep ROOT @babel/helper-module-imports@7.28.6 OK for: @babel/helper-module-transforms@7.28.6 want: ^7.28.6
1516 silly placeDep ROOT @babel/helper-globals@7.28.0 OK for: @babel/traverse@7.29.0 want: ^7.28.0
1517 silly placeDep ROOT @babel/helper-string-parser@7.27.1 OK for: @babel/types@7.29.0 want: ^7.27.1
1518 silly placeDep ROOT @inquirer/core@10.3.2 OK for: @inquirer/confirm@5.1.21 want: ^10.3.2
1519 silly placeDep ROOT @inquirer/type@3.0.10 OK for: @inquirer/confirm@5.1.21 want: ^3.0.10
1520 silly fetch manifest cli-width@^4.1.0
1521 silly packumentCache full:https://registry.npmjs.org/cli-width cache-miss
1522 http fetch GET 200 https://registry.npmjs.org/cli-width 390ms (cache miss)
1523 silly packumentCache full:https://registry.npmjs.org/cli-width set size:undefined disposed:false
1524 silly fetch manifest wrap-ansi@^6.2.0
1525 silly packumentCache full:https://registry.npmjs.org/wrap-ansi cache-miss
1526 http cache https://registry.npmjs.org/wrap-ansi 134ms (cache hit)
1527 silly packumentCache full:https://registry.npmjs.org/wrap-ansi set size:55299 disposed:false
1528 silly fetch manifest mute-stream@^2.0.0
1529 silly packumentCache full:https://registry.npmjs.org/mute-stream cache-miss
1530 http fetch GET 200 https://registry.npmjs.org/mute-stream 196ms (cache miss)
1531 silly packumentCache full:https://registry.npmjs.org/mute-stream set size:undefined disposed:false
1532 silly fetch manifest signal-exit@^4.1.0
1533 silly packumentCache full:https://registry.npmjs.org/signal-exit cache-miss
1534 http fetch GET 200 https://registry.npmjs.org/signal-exit 64ms (cache miss)
1535 silly packumentCache full:https://registry.npmjs.org/signal-exit set size:undefined disposed:false
1536 silly fetch manifest @inquirer/ansi@^1.0.2
1537 silly packumentCache full:https://registry.npmjs.org/@inquirer%2fansi cache-miss
1538 http fetch GET 200 https://registry.npmjs.org/@inquirer%2fansi 219ms (cache miss)
1539 silly packumentCache full:https://registry.npmjs.org/@inquirer%2fansi set size:undefined disposed:false
1540 silly fetch manifest yoctocolors-cjs@^2.1.3
1541 silly packumentCache full:https://registry.npmjs.org/yoctocolors-cjs cache-miss
1542 http fetch GET 200 https://registry.npmjs.org/yoctocolors-cjs 72ms (cache miss)
1543 silly packumentCache full:https://registry.npmjs.org/yoctocolors-cjs set size:undefined disposed:false
1544 silly fetch manifest @inquirer/figures@^1.0.15
1545 silly packumentCache full:https://registry.npmjs.org/@inquirer%2ffigures cache-miss
1546 http fetch GET 200 https://registry.npmjs.org/@inquirer%2ffigures 227ms (cache miss)
1547 silly packumentCache full:https://registry.npmjs.org/@inquirer%2ffigures set size:undefined disposed:false
1548 silly placeDep ROOT @inquirer/ansi@1.0.2 OK for: @inquirer/core@10.3.2 want: ^1.0.2
1549 silly placeDep ROOT @inquirer/figures@1.0.15 OK for: @inquirer/core@10.3.2 want: ^1.0.15
1550 silly placeDep ROOT cli-width@4.1.0 OK for: @inquirer/core@10.3.2 want: ^4.1.0
1551 silly placeDep ROOT mute-stream@2.0.0 OK for: @inquirer/core@10.3.2 want: ^2.0.0
1552 silly placeDep ROOT signal-exit@4.1.0 OK for: @inquirer/core@10.3.2 want: ^4.1.0
1553 silly placeDep ROOT wrap-ansi@6.2.0 OK for: @inquirer/core@10.3.2 want: ^6.2.0
1554 silly placeDep ROOT yoctocolors-cjs@2.1.3 OK for: @inquirer/core@10.3.2 want: ^2.1.3
1555 silly fetch manifest strip-ansi@^6.0.0
1556 silly packumentCache full:https://registry.npmjs.org/strip-ansi cache-miss
1557 http cache https://registry.npmjs.org/strip-ansi 106ms (cache hit)
1558 silly packumentCache full:https://registry.npmjs.org/strip-ansi set size:41855 disposed:false
1559 silly fetch manifest ansi-styles@^4.0.0
1560 silly packumentCache full:https://registry.npmjs.org/ansi-styles cache-miss
1561 http fetch GET 200 https://registry.npmjs.org/ansi-styles 211ms (cache miss)
1562 silly packumentCache full:https://registry.npmjs.org/ansi-styles set size:undefined disposed:false
1563 silly fetch manifest string-width@^4.1.0
1564 silly packumentCache full:https://registry.npmjs.org/string-width cache-hit
1565 silly placeDep ROOT @inquirer/checkbox@4.3.2 OK for: @inquirer/prompts@7.10.1 want: ^4.3.2
1566 silly placeDep ROOT @inquirer/editor@4.2.23 OK for: @inquirer/prompts@7.10.1 want: ^4.2.23
1567 silly placeDep ROOT @inquirer/expand@4.0.23 OK for: @inquirer/prompts@7.10.1 want: ^4.0.23
1568 silly placeDep ROOT @inquirer/input@4.3.1 OK for: @inquirer/prompts@7.10.1 want: ^4.3.1
1569 silly placeDep ROOT @inquirer/number@3.0.23 OK for: @inquirer/prompts@7.10.1 want: ^3.0.23
1570 silly placeDep ROOT @inquirer/password@4.0.23 OK for: @inquirer/prompts@7.10.1 want: ^4.0.23
1571 silly placeDep ROOT @inquirer/rawlist@4.1.11 OK for: @inquirer/prompts@7.10.1 want: ^4.1.11
1572 silly placeDep ROOT @inquirer/search@3.2.2 OK for: @inquirer/prompts@7.10.1 want: ^3.2.2
1573 silly placeDep ROOT @inquirer/select@4.4.2 OK for: @inquirer/prompts@7.10.1 want: ^4.4.2
1574 silly fetch manifest @inquirer/external-editor@^1.0.3
1575 silly packumentCache full:https://registry.npmjs.org/@inquirer%2fexternal-editor cache-miss
1576 http fetch GET 200 https://registry.npmjs.org/@inquirer%2fexternal-editor 189ms (cache miss)
1577 silly packumentCache full:https://registry.npmjs.org/@inquirer%2fexternal-editor set size:undefined disposed:false
1578 silly placeDep ROOT @inquirer/external-editor@1.0.3 OK for: @inquirer/editor@4.2.23 want: ^1.0.3
1579 silly fetch manifest chardet@^2.1.1
1580 silly packumentCache full:https://registry.npmjs.org/chardet cache-miss
1581 http fetch GET 200 https://registry.npmjs.org/chardet 215ms (cache miss)
1582 silly packumentCache full:https://registry.npmjs.org/chardet set size:undefined disposed:false
1583 silly fetch manifest iconv-lite@^0.7.0
1584 silly packumentCache full:https://registry.npmjs.org/iconv-lite cache-miss
1585 http fetch GET 200 https://registry.npmjs.org/iconv-lite 121ms (cache miss)
1586 silly packumentCache full:https://registry.npmjs.org/iconv-lite set size:undefined disposed:false
1587 silly placeDep ROOT chardet@2.1.1 OK for: @inquirer/external-editor@1.0.3 want: ^2.1.1
1588 silly placeDep ROOT iconv-lite@0.7.2 OK for: @inquirer/external-editor@1.0.3 want: ^0.7.0
1589 silly fetch manifest safer-buffer@>= 2.1.2 < 3.0.0
1590 silly packumentCache full:https://registry.npmjs.org/safer-buffer cache-miss
1591 http fetch GET 200 https://registry.npmjs.org/safer-buffer 173ms (cache miss)
1592 silly packumentCache full:https://registry.npmjs.org/safer-buffer set size:undefined disposed:false
1593 silly placeDep ROOT @jridgewell/resolve-uri@3.1.2 OK for: @jridgewell/trace-mapping@0.3.31 want: ^3.1.0
1594 silly placeDep ROOT @hono/node-server@1.19.9 OK for: @modelcontextprotocol/sdk@1.26.0 want: ^1.19.9
1595 silly placeDep ROOT hono@4.12.2 OK for: @hono/node-server@1.19.9 want: ^4
1596 silly placeDep ROOT content-type@1.0.5 OK for: @modelcontextprotocol/sdk@1.26.0 want: ^1.0.5
1597 silly placeDep ROOT cors@2.8.6 OK for: @modelcontextprotocol/sdk@1.26.0 want: ^2.8.5
1598 silly placeDep ROOT cross-spawn@7.0.6 OK for: @modelcontextprotocol/sdk@1.26.0 want: ^7.0.5
1599 silly placeDep ROOT eventsource@3.0.7 OK for: @modelcontextprotocol/sdk@1.26.0 want: ^3.0.2
1600 silly placeDep ROOT eventsource-parser@3.0.6 OK for: @modelcontextprotocol/sdk@1.26.0 want: ^3.0.0
1601 silly placeDep ROOT express@5.2.1 OK for: @modelcontextprotocol/sdk@1.26.0 want: ^5.2.1
1602 silly placeDep ROOT express-rate-limit@8.2.1 OK for: @modelcontextprotocol/sdk@1.26.0 want: ^8.2.1
1603 silly placeDep ROOT jose@6.1.3 OK for: @modelcontextprotocol/sdk@1.26.0 want: ^6.1.3
1604 silly placeDep ROOT json-schema-typed@8.0.2 OK for: @modelcontextprotocol/sdk@1.26.0 want: ^8.0.2
1605 silly placeDep ROOT pkce-challenge@5.0.1 OK for: @modelcontextprotocol/sdk@1.26.0 want: ^5.0.0
1606 silly placeDep ROOT raw-body@3.0.2 OK for: @modelcontextprotocol/sdk@1.26.0 want: ^3.0.0
1607 silly placeDep ROOT zod-to-json-schema@3.25.1 OK for: @modelcontextprotocol/sdk@1.26.0 want: ^3.25.1
1608 silly fetch manifest object-assign@^4
1609 silly packumentCache full:https://registry.npmjs.org/object-assign cache-miss
1610 http fetch GET 200 https://registry.npmjs.org/object-assign 155ms (cache miss)
1611 silly packumentCache full:https://registry.npmjs.org/object-assign set size:undefined disposed:false
1612 silly fetch manifest vary@^1
1613 silly packumentCache full:https://registry.npmjs.org/vary cache-miss
1614 http fetch GET 200 https://registry.npmjs.org/vary 203ms (cache miss)
1615 silly packumentCache full:https://registry.npmjs.org/vary set size:undefined disposed:false
1616 silly fetch manifest which@^2.0.1
1617 silly packumentCache full:https://registry.npmjs.org/which cache-miss
1618 http fetch GET 200 https://registry.npmjs.org/which 519ms (cache miss)
1619 silly packumentCache full:https://registry.npmjs.org/which set size:undefined disposed:false
1620 silly fetch manifest path-key@^3.1.0
1621 silly packumentCache full:https://registry.npmjs.org/path-key cache-miss
1622 http fetch GET 200 https://registry.npmjs.org/path-key 167ms (cache miss)
1623 silly packumentCache full:https://registry.npmjs.org/path-key set size:undefined disposed:false
1624 silly fetch manifest shebang-command@^2.0.0
1625 silly packumentCache full:https://registry.npmjs.org/shebang-command cache-miss
1626 http fetch GET 200 https://registry.npmjs.org/shebang-command 1117ms (cache miss)
1627 silly packumentCache full:https://registry.npmjs.org/shebang-command set size:undefined disposed:false
1628 silly fetch manifest eventsource-parser@^3.0.1
1629 silly packumentCache full:https://registry.npmjs.org/eventsource-parser cache-miss
1630 http cache https://registry.npmjs.org/eventsource-parser 32ms (cache hit)
1631 silly packumentCache full:https://registry.npmjs.org/eventsource-parser set size:66053 disposed:false
1632 silly fetch manifest qs@^6.14.0
1633 silly packumentCache full:https://registry.npmjs.org/qs cache-miss
1634 http fetch GET 200 https://registry.npmjs.org/qs 97ms (cache miss)
1635 silly packumentCache full:https://registry.npmjs.org/qs set size:undefined disposed:false
1636 silly fetch manifest depd@^2.0.0
1637 silly packumentCache full:https://registry.npmjs.org/depd cache-miss
1638 http fetch GET 200 https://registry.npmjs.org/depd 997ms (cache miss)
1639 silly packumentCache full:https://registry.npmjs.org/depd set size:undefined disposed:false
1640 silly fetch manifest etag@^1.8.1
1641 silly packumentCache full:https://registry.npmjs.org/etag cache-miss
1642 http fetch GET 200 https://registry.npmjs.org/etag 85ms (cache miss)
1643 silly packumentCache full:https://registry.npmjs.org/etag set size:undefined disposed:false
1644 silly fetch manifest once@^1.4.0
1645 silly packumentCache full:https://registry.npmjs.org/once cache-miss
1646 http fetch GET 200 https://registry.npmjs.org/once 154ms (cache miss)
1647 silly packumentCache full:https://registry.npmjs.org/once set size:undefined disposed:false
1648 silly fetch manifest send@^1.1.0
1649 silly packumentCache full:https://registry.npmjs.org/send cache-miss
1650 http fetch GET 200 https://registry.npmjs.org/send 216ms (cache miss)
1651 silly packumentCache full:https://registry.npmjs.org/send set size:undefined disposed:false
1652 silly fetch manifest vary@^1.1.2
1653 silly packumentCache full:https://registry.npmjs.org/vary cache-miss
1654 http cache https://registry.npmjs.org/vary 16ms (cache hit)
1655 silly packumentCache full:https://registry.npmjs.org/vary set size:16018 disposed:false
1656 silly fetch manifest fresh@^2.0.0
1657 silly packumentCache full:https://registry.npmjs.org/fresh cache-miss
1658 http fetch GET 200 https://registry.npmjs.org/fresh 106ms (cache miss)
1659 silly packumentCache full:https://registry.npmjs.org/fresh set size:undefined disposed:false
1660 silly fetch manifest cookie@^0.7.1
1661 silly packumentCache full:https://registry.npmjs.org/cookie cache-miss
1662 http fetch GET 200 https://registry.npmjs.org/cookie 66ms (cache miss)
1663 silly packumentCache full:https://registry.npmjs.org/cookie set size:undefined disposed:false
1664 silly fetch manifest router@^2.2.0
1665 silly packumentCache full:https://registry.npmjs.org/router cache-miss
1666 http fetch GET 200 https://registry.npmjs.org/router 87ms (cache miss)
1667 silly packumentCache full:https://registry.npmjs.org/router set size:undefined disposed:false
1668 silly fetch manifest accepts@^2.0.0
1669 silly packumentCache full:https://registry.npmjs.org/accepts cache-miss
1670 http fetch GET 200 https://registry.npmjs.org/accepts 82ms (cache miss)
1671 silly packumentCache full:https://registry.npmjs.org/accepts set size:undefined disposed:false
1672 silly fetch manifest type-is@^2.0.1
1673 silly packumentCache full:https://registry.npmjs.org/type-is cache-miss
1674 http fetch GET 200 https://registry.npmjs.org/type-is 164ms (cache miss)
1675 silly packumentCache full:https://registry.npmjs.org/type-is set size:undefined disposed:false
1676 silly fetch manifest parseurl@^1.3.3
1677 silly packumentCache full:https://registry.npmjs.org/parseurl cache-miss
1678 http fetch GET 200 https://registry.npmjs.org/parseurl 160ms (cache miss)
1679 silly packumentCache full:https://registry.npmjs.org/parseurl set size:undefined disposed:false
1680 silly fetch manifest statuses@^2.0.1
1681 silly packumentCache full:https://registry.npmjs.org/statuses cache-miss
1682 http fetch GET 200 https://registry.npmjs.org/statuses 147ms (cache miss)
1683 silly packumentCache full:https://registry.npmjs.org/statuses set size:undefined disposed:false
1684 silly fetch manifest encodeurl@^2.0.0
1685 silly packumentCache full:https://registry.npmjs.org/encodeurl cache-miss
1686 http fetch GET 200 https://registry.npmjs.org/encodeurl 239ms (cache miss)
1687 silly packumentCache full:https://registry.npmjs.org/encodeurl set size:undefined disposed:false
1688 silly fetch manifest mime-types@^3.0.0
1689 silly packumentCache full:https://registry.npmjs.org/mime-types cache-miss
1690 http fetch GET 200 https://registry.npmjs.org/mime-types 260ms (cache miss)
1691 silly packumentCache full:https://registry.npmjs.org/mime-types set size:undefined disposed:false
1692 silly fetch manifest proxy-addr@^2.0.7
1693 silly packumentCache full:https://registry.npmjs.org/proxy-addr cache-miss
1694 http fetch GET 200 https://registry.npmjs.org/proxy-addr 91ms (cache miss)
1695 silly packumentCache full:https://registry.npmjs.org/proxy-addr set size:undefined disposed:false
1696 silly fetch manifest body-parser@^2.2.1
1697 silly packumentCache full:https://registry.npmjs.org/body-parser cache-miss
1698 http fetch GET 200 https://registry.npmjs.org/body-parser 54ms (cache miss)
1699 silly packumentCache full:https://registry.npmjs.org/body-parser set size:undefined disposed:false
1700 silly fetch manifest escape-html@^1.0.3
1701 silly packumentCache full:https://registry.npmjs.org/escape-html cache-miss
1702 http fetch GET 200 https://registry.npmjs.org/escape-html 63ms (cache miss)
1703 silly packumentCache full:https://registry.npmjs.org/escape-html set size:undefined disposed:false
1704 silly fetch manifest http-errors@^2.0.0
1705 silly packumentCache full:https://registry.npmjs.org/http-errors cache-miss
1706 http fetch GET 200 https://registry.npmjs.org/http-errors 55ms (cache miss)
1707 silly packumentCache full:https://registry.npmjs.org/http-errors set size:undefined disposed:false
1708 silly fetch manifest on-finished@^2.4.1
1709 silly packumentCache full:https://registry.npmjs.org/on-finished cache-miss
1710 http fetch GET 200 https://registry.npmjs.org/on-finished 47ms (cache miss)
1711 silly packumentCache full:https://registry.npmjs.org/on-finished set size:undefined disposed:false
1712 silly fetch manifest finalhandler@^2.1.0
1713 silly packumentCache full:https://registry.npmjs.org/finalhandler cache-miss
1714 http fetch GET 200 https://registry.npmjs.org/finalhandler 46ms (cache miss)
1715 silly packumentCache full:https://registry.npmjs.org/finalhandler set size:undefined disposed:false
1716 silly fetch manifest range-parser@^1.2.1
1717 silly packumentCache full:https://registry.npmjs.org/range-parser cache-miss
1718 http fetch GET 200 https://registry.npmjs.org/range-parser 44ms (cache miss)
1719 silly packumentCache full:https://registry.npmjs.org/range-parser set size:undefined disposed:false
1720 silly fetch manifest serve-static@^2.2.0
1721 silly packumentCache full:https://registry.npmjs.org/serve-static cache-miss
1722 http fetch GET 200 https://registry.npmjs.org/serve-static 53ms (cache miss)
1723 silly packumentCache full:https://registry.npmjs.org/serve-static set size:undefined disposed:false
1724 silly fetch manifest cookie-signature@^1.2.1
1725 silly packumentCache full:https://registry.npmjs.org/cookie-signature cache-miss
1726 http fetch GET 200 https://registry.npmjs.org/cookie-signature 84ms (cache miss)
1727 silly packumentCache full:https://registry.npmjs.org/cookie-signature set size:undefined disposed:false
1728 silly fetch manifest merge-descriptors@^2.0.0
1729 silly packumentCache full:https://registry.npmjs.org/merge-descriptors cache-miss
1730 http fetch GET 200 https://registry.npmjs.org/merge-descriptors 75ms (cache miss)
1731 silly packumentCache full:https://registry.npmjs.org/merge-descriptors set size:undefined disposed:false
1732 silly fetch manifest content-disposition@^1.0.0
1733 silly packumentCache full:https://registry.npmjs.org/content-disposition cache-miss
1734 http fetch GET 200 https://registry.npmjs.org/content-disposition 56ms (cache miss)
1735 silly packumentCache full:https://registry.npmjs.org/content-disposition set size:undefined disposed:false
1736 silly fetch manifest ip-address@10.0.1
1737 silly packumentCache full:https://registry.npmjs.org/ip-address cache-miss
1738 http fetch GET 200 https://registry.npmjs.org/ip-address 77ms (cache miss)
1739 silly packumentCache full:https://registry.npmjs.org/ip-address set size:undefined disposed:false
1740 silly fetch manifest bytes@~3.1.2
1741 silly packumentCache full:https://registry.npmjs.org/bytes cache-miss
1742 http fetch GET 200 https://registry.npmjs.org/bytes 48ms (cache miss)
1743 silly packumentCache full:https://registry.npmjs.org/bytes set size:undefined disposed:false
1744 silly fetch manifest unpipe@~1.0.0
1745 silly packumentCache full:https://registry.npmjs.org/unpipe cache-miss
1746 http fetch GET 200 https://registry.npmjs.org/unpipe 45ms (cache miss)
1747 silly packumentCache full:https://registry.npmjs.org/unpipe set size:undefined disposed:false
1748 silly fetch manifest http-errors@~2.0.1
1749 silly packumentCache full:https://registry.npmjs.org/http-errors cache-miss
1750 http cache https://registry.npmjs.org/http-errors 198ms (cache hit)
1751 silly packumentCache full:https://registry.npmjs.org/http-errors set size:71987 disposed:false
1752 silly placeDep ROOT fast-deep-equal@3.1.3 OK for: ajv@8.18.0 want: ^3.1.3
1753 silly placeDep ROOT fast-uri@3.1.0 OK for: ajv@8.18.0 want: ^3.0.1
1754 silly placeDep ROOT json-schema-traverse@1.0.0 OK for: ajv@8.18.0 want: ^1.0.0
1755 silly placeDep ROOT require-from-string@2.0.2 OK for: ajv@8.18.0 want: ^2.0.2
1756 silly placeDep ROOT @algolia/abtesting@1.12.2 OK for: algoliasearch@5.46.2 want: 1.12.2
1757 silly placeDep ROOT @algolia/client-abtesting@5.46.2 OK for: algoliasearch@5.46.2 want: 5.46.2
1758 silly placeDep ROOT @algolia/client-analytics@5.46.2 OK for: algoliasearch@5.46.2 want: 5.46.2
1759 silly placeDep ROOT @algolia/client-common@5.46.2 OK for: algoliasearch@5.46.2 want: 5.46.2
1760 silly placeDep ROOT @algolia/client-insights@5.46.2 OK for: algoliasearch@5.46.2 want: 5.46.2
1761 silly placeDep ROOT @algolia/client-personalization@5.46.2 OK for: algoliasearch@5.46.2 want: 5.46.2
1762 silly placeDep ROOT @algolia/client-query-suggestions@5.46.2 OK for: algoliasearch@5.46.2 want: 5.46.2
1763 silly placeDep ROOT @algolia/client-search@5.46.2 OK for: algoliasearch@5.46.2 want: 5.46.2
1764 silly placeDep ROOT @algolia/ingestion@1.46.2 OK for: algoliasearch@5.46.2 want: 1.46.2
1765 silly placeDep ROOT @algolia/monitoring@1.46.2 OK for: algoliasearch@5.46.2 want: 1.46.2
1766 silly placeDep ROOT @algolia/recommend@5.46.2 OK for: algoliasearch@5.46.2 want: 5.46.2
1767 silly placeDep ROOT @algolia/requester-browser-xhr@5.46.2 OK for: algoliasearch@5.46.2 want: 5.46.2
1768 silly placeDep ROOT @algolia/requester-fetch@5.46.2 OK for: algoliasearch@5.46.2 want: 5.46.2
1769 silly placeDep ROOT @algolia/requester-node-http@5.46.2 OK for: algoliasearch@5.46.2 want: 5.46.2
1770 silly placeDep ROOT css-select@6.0.0 OK for: beasties@0.3.5 want: ^6.0.0
1771 silly placeDep ROOT css-what@7.0.0 OK for: beasties@0.3.5 want: ^7.0.0
1772 silly placeDep ROOT dom-serializer@2.0.0 OK for: beasties@0.3.5 want: ^2.0.0
1773 silly placeDep ROOT domhandler@5.0.3 OK for: beasties@0.3.5 want: ^5.0.3
1774 silly placeDep ROOT htmlparser2@10.1.0 OK for: beasties@0.3.5 want: ^10.0.0
1775 silly placeDep ROOT postcss@8.5.6 OK for: beasties@0.3.5 want: ^8.4.49
1776 silly placeDep ROOT postcss-media-query-parser@0.2.3 OK for: beasties@0.3.5 want: ^0.2.3
1777 silly fetch manifest boolbase@^1.0.0
1778 silly packumentCache full:https://registry.npmjs.org/boolbase cache-miss
1779 http fetch GET 200 https://registry.npmjs.org/boolbase 55ms (cache miss)
1780 silly packumentCache full:https://registry.npmjs.org/boolbase set size:undefined disposed:false
1781 silly fetch manifest domutils@^3.2.2
1782 silly packumentCache full:https://registry.npmjs.org/domutils cache-miss
1783 http fetch GET 200 https://registry.npmjs.org/domutils 177ms (cache miss)
1784 silly packumentCache full:https://registry.npmjs.org/domutils set size:undefined disposed:false
1785 silly fetch manifest nth-check@^2.1.1
1786 silly packumentCache full:https://registry.npmjs.org/nth-check cache-miss
1787 http fetch GET 200 https://registry.npmjs.org/nth-check 60ms (cache miss)
1788 silly packumentCache full:https://registry.npmjs.org/nth-check set size:undefined disposed:false
1789 silly fetch manifest entities@^4.2.0
1790 silly packumentCache full:https://registry.npmjs.org/entities cache-miss
1791 http cache https://registry.npmjs.org/entities 23ms (cache hit)
1792 silly packumentCache full:https://registry.npmjs.org/entities set size:99036 disposed:false
1793 silly fetch manifest domhandler@^5.0.2
1794 silly packumentCache full:https://registry.npmjs.org/domhandler cache-miss
1795 http cache https://registry.npmjs.org/domhandler 15ms (cache hit)
1796 silly packumentCache full:https://registry.npmjs.org/domhandler set size:73300 disposed:false
1797 silly fetch manifest domelementtype@^2.3.0
1798 silly packumentCache full:https://registry.npmjs.org/domelementtype cache-miss
1799 http fetch GET 200 https://registry.npmjs.org/domelementtype 129ms (cache miss)
1800 silly packumentCache full:https://registry.npmjs.org/domelementtype set size:undefined disposed:false
1801 silly fetch manifest entities@^7.0.1
1802 silly packumentCache full:https://registry.npmjs.org/entities cache-hit
1803 silly fetch manifest nanoid@^3.3.11
1804 silly packumentCache full:https://registry.npmjs.org/nanoid cache-miss
1805 http fetch GET 200 https://registry.npmjs.org/nanoid 56ms (cache miss)
1806 silly packumentCache full:https://registry.npmjs.org/nanoid set size:undefined disposed:false
1807 silly fetch manifest source-map-js@^1.2.1
1808 silly packumentCache full:https://registry.npmjs.org/source-map-js cache-miss
1809 http cache https://registry.npmjs.org/source-map-js 113ms (cache hit)
1810 silly packumentCache full:https://registry.npmjs.org/source-map-js set size:62640 disposed:false
1811 silly fetch manifest browserslist@>= 4.21.0
1812 silly packumentCache full:https://registry.npmjs.org/browserslist cache-miss
1813 http cache https://registry.npmjs.org/browserslist 12ms (cache hit)
1814 silly packumentCache full:https://registry.npmjs.org/browserslist set size:502989 disposed:false
1815 silly placeDep ROOT baseline-browser-mapping@2.10.0 OK for: browserslist@4.28.1 want: ^2.9.0
1816 silly placeDep ROOT caniuse-lite@1.0.30001774 OK for: browserslist@4.28.1 want: ^1.0.30001759
1817 silly placeDep ROOT electron-to-chromium@1.5.302 OK for: browserslist@4.28.1 want: ^1.5.263
1818 silly placeDep ROOT node-releases@2.0.27 OK for: browserslist@4.28.1 want: ^2.0.27
1819 silly placeDep ROOT update-browserslist-db@1.2.3 OK for: browserslist@4.28.1 want: ^1.2.0
1820 silly fetch manifest escalade@^3.2.0
1821 silly packumentCache full:https://registry.npmjs.org/escalade cache-miss
1822 http cache https://registry.npmjs.org/escalade 28ms (cache hit)
1823 silly packumentCache full:https://registry.npmjs.org/escalade set size:33724 disposed:false
1824 silly placeDep ROOT readdirp@5.0.0 OK for: chokidar@5.0.0 want: ^5.0.0
1825 silly placeDep ROOT object-assign@4.1.1 OK for: cors@2.8.6 want: ^4
1826 silly placeDep ROOT vary@1.1.2 OK for: cors@2.8.6 want: ^1
1827 silly placeDep ROOT path-key@3.1.1 OK for: cross-spawn@7.0.6 want: ^3.1.0
1828 silly placeDep ROOT shebang-command@2.0.0 OK for: cross-spawn@7.0.6 want: ^2.0.0
1829 silly placeDep ROOT which@2.0.2 OK for: cross-spawn@7.0.6 want: ^2.0.1
1830 silly fetch manifest shebang-regex@^3.0.0
1831 silly packumentCache full:https://registry.npmjs.org/shebang-regex cache-miss
1832 http fetch GET 200 https://registry.npmjs.org/shebang-regex 73ms (cache miss)
1833 silly packumentCache full:https://registry.npmjs.org/shebang-regex set size:undefined disposed:false
1834 silly fetch manifest isexe@^2.0.0
1835 silly packumentCache full:https://registry.npmjs.org/isexe cache-miss
1836 http fetch GET 200 https://registry.npmjs.org/isexe 55ms (cache miss)
1837 silly packumentCache full:https://registry.npmjs.org/isexe set size:undefined disposed:false
1838 silly placeDep ROOT boolbase@1.0.0 OK for: css-select@6.0.0 want: ^1.0.0
1839 silly placeDep ROOT domutils@3.2.2 OK for: css-select@6.0.0 want: ^3.2.2
1840 silly placeDep ROOT nth-check@2.1.1 OK for: css-select@6.0.0 want: ^2.1.1
1841 silly placeDep ROOT ms@2.1.3 OK for: debug@4.4.3 want: ^2.1.3
1842 silly placeDep ROOT domelementtype@2.3.0 OK for: dom-serializer@2.0.0 want: ^2.3.0
1843 silly placeDep ROOT entities@4.5.0 OK for: dom-serializer@2.0.0 want: ^4.2.0
1844 silly placeDep ROOT @esbuild/aix-ppc64@0.27.2 OK for: esbuild@0.27.2 want: 0.27.2
1845 silly placeDep ROOT @esbuild/android-arm@0.27.2 OK for: esbuild@0.27.2 want: 0.27.2
1846 silly placeDep ROOT @esbuild/android-arm64@0.27.2 OK for: esbuild@0.27.2 want: 0.27.2
1847 silly placeDep ROOT @esbuild/android-x64@0.27.2 OK for: esbuild@0.27.2 want: 0.27.2
1848 silly placeDep ROOT @esbuild/darwin-arm64@0.27.2 OK for: esbuild@0.27.2 want: 0.27.2
1849 silly placeDep ROOT @esbuild/darwin-x64@0.27.2 OK for: esbuild@0.27.2 want: 0.27.2
1850 silly placeDep ROOT @esbuild/freebsd-arm64@0.27.2 OK for: esbuild@0.27.2 want: 0.27.2
1851 silly placeDep ROOT @esbuild/freebsd-x64@0.27.2 OK for: esbuild@0.27.2 want: 0.27.2
1852 silly placeDep ROOT @esbuild/linux-arm@0.27.2 OK for: esbuild@0.27.2 want: 0.27.2
1853 silly placeDep ROOT @esbuild/linux-arm64@0.27.2 OK for: esbuild@0.27.2 want: 0.27.2
1854 silly placeDep ROOT @esbuild/linux-ia32@0.27.2 OK for: esbuild@0.27.2 want: 0.27.2
1855 silly placeDep ROOT @esbuild/linux-loong64@0.27.2 OK for: esbuild@0.27.2 want: 0.27.2
1856 silly placeDep ROOT @esbuild/linux-mips64el@0.27.2 OK for: esbuild@0.27.2 want: 0.27.2
1857 silly placeDep ROOT @esbuild/linux-ppc64@0.27.2 OK for: esbuild@0.27.2 want: 0.27.2
1858 silly placeDep ROOT @esbuild/linux-riscv64@0.27.2 OK for: esbuild@0.27.2 want: 0.27.2
1859 silly placeDep ROOT @esbuild/linux-s390x@0.27.2 OK for: esbuild@0.27.2 want: 0.27.2
1860 silly placeDep ROOT @esbuild/linux-x64@0.27.2 OK for: esbuild@0.27.2 want: 0.27.2
1861 silly placeDep ROOT @esbuild/netbsd-arm64@0.27.2 OK for: esbuild@0.27.2 want: 0.27.2
1862 silly placeDep ROOT @esbuild/netbsd-x64@0.27.2 OK for: esbuild@0.27.2 want: 0.27.2
1863 silly placeDep ROOT @esbuild/openbsd-arm64@0.27.2 OK for: esbuild@0.27.2 want: 0.27.2
1864 silly placeDep ROOT @esbuild/openbsd-x64@0.27.2 OK for: esbuild@0.27.2 want: 0.27.2
1865 silly placeDep ROOT @esbuild/openharmony-arm64@0.27.2 OK for: esbuild@0.27.2 want: 0.27.2
1866 silly placeDep ROOT @esbuild/sunos-x64@0.27.2 OK for: esbuild@0.27.2 want: 0.27.2
1867 silly placeDep ROOT @esbuild/win32-arm64@0.27.2 OK for: esbuild@0.27.2 want: 0.27.2
1868 silly placeDep ROOT @esbuild/win32-ia32@0.27.2 OK for: esbuild@0.27.2 want: 0.27.2
1869 silly placeDep ROOT @esbuild/win32-x64@0.27.2 OK for: esbuild@0.27.2 want: 0.27.2
1870 silly placeDep ROOT accepts@2.0.0 OK for: express@5.2.1 want: ^2.0.0
1871 silly placeDep ROOT body-parser@2.2.2 OK for: express@5.2.1 want: ^2.2.1
1872 silly placeDep ROOT content-disposition@1.0.1 OK for: express@5.2.1 want: ^1.0.0
1873 silly placeDep ROOT cookie@0.7.2 OK for: express@5.2.1 want: ^0.7.1
1874 silly placeDep ROOT cookie-signature@1.2.2 OK for: express@5.2.1 want: ^1.2.1
1875 silly placeDep ROOT depd@2.0.0 OK for: express@5.2.1 want: ^2.0.0
1876 silly placeDep ROOT encodeurl@2.0.0 OK for: express@5.2.1 want: ^2.0.0
1877 silly placeDep ROOT escape-html@1.0.3 OK for: express@5.2.1 want: ^1.0.3
1878 silly placeDep ROOT etag@1.8.1 OK for: express@5.2.1 want: ^1.8.1
1879 silly placeDep ROOT finalhandler@2.1.1 OK for: express@5.2.1 want: ^2.1.0
1880 silly placeDep ROOT fresh@2.0.0 OK for: express@5.2.1 want: ^2.0.0
1881 silly placeDep ROOT http-errors@2.0.1 OK for: express@5.2.1 want: ^2.0.0
1882 silly placeDep ROOT merge-descriptors@2.0.0 OK for: express@5.2.1 want: ^2.0.0
1883 silly placeDep ROOT mime-types@3.0.2 OK for: express@5.2.1 want: ^3.0.0
1884 silly placeDep ROOT on-finished@2.4.1 OK for: express@5.2.1 want: ^2.4.1
1885 silly placeDep ROOT once@1.4.0 OK for: express@5.2.1 want: ^1.4.0
1886 silly placeDep ROOT parseurl@1.3.3 OK for: express@5.2.1 want: ^1.3.3
1887 silly placeDep ROOT proxy-addr@2.0.7 OK for: express@5.2.1 want: ^2.0.7
1888 silly placeDep ROOT qs@6.15.0 OK for: express@5.2.1 want: ^6.14.0
1889 silly placeDep ROOT range-parser@1.2.1 OK for: express@5.2.1 want: ^1.2.1
1890 silly placeDep ROOT router@2.2.0 OK for: express@5.2.1 want: ^2.2.0
1891 silly placeDep ROOT send@1.2.1 OK for: express@5.2.1 want: ^1.1.0
1892 silly placeDep ROOT serve-static@2.2.1 OK for: express@5.2.1 want: ^2.2.0
1893 silly placeDep ROOT statuses@2.0.2 OK for: express@5.2.1 want: ^2.0.1
1894 silly placeDep ROOT type-is@2.0.1 OK for: express@5.2.1 want: ^2.0.1
1895 silly fetch manifest negotiator@^1.0.0
1896 silly packumentCache full:https://registry.npmjs.org/negotiator cache-miss
1897 http fetch GET 200 https://registry.npmjs.org/negotiator 98ms (cache miss)
1898 silly packumentCache full:https://registry.npmjs.org/negotiator set size:undefined disposed:false
1899 silly fetch manifest bytes@^3.1.2
1900 silly packumentCache full:https://registry.npmjs.org/bytes cache-miss
1901 http cache https://registry.npmjs.org/bytes 94ms (cache hit)
1902 silly packumentCache full:https://registry.npmjs.org/bytes set size:37018 disposed:false
1903 silly fetch manifest qs@^6.14.1
1904 silly packumentCache full:https://registry.npmjs.org/qs cache-miss
1905 http cache https://registry.npmjs.org/qs 102ms (cache hit)
1906 silly packumentCache full:https://registry.npmjs.org/qs set size:350258 disposed:false
1907 silly fetch manifest inherits@~2.0.4
1908 silly packumentCache full:https://registry.npmjs.org/inherits cache-miss
1909 http fetch GET 200 https://registry.npmjs.org/inherits 143ms (cache miss)
1910 silly packumentCache full:https://registry.npmjs.org/inherits set size:undefined disposed:false
1911 silly fetch manifest setprototypeof@~1.2.0
1912 silly packumentCache full:https://registry.npmjs.org/setprototypeof cache-miss
1913 http fetch GET 200 https://registry.npmjs.org/setprototypeof 515ms (cache miss)
1914 silly packumentCache full:https://registry.npmjs.org/setprototypeof set size:undefined disposed:false
1915 silly fetch manifest statuses@~2.0.2
1916 silly packumentCache full:https://registry.npmjs.org/statuses cache-miss
1917 http cache https://registry.npmjs.org/statuses 192ms (cache hit)
1918 silly packumentCache full:https://registry.npmjs.org/statuses set size:37117 disposed:false
1919 silly fetch manifest toidentifier@~1.0.1
1920 silly packumentCache full:https://registry.npmjs.org/toidentifier cache-miss
1921 http fetch GET 200 https://registry.npmjs.org/toidentifier 1112ms (cache miss)
1922 silly packumentCache full:https://registry.npmjs.org/toidentifier set size:undefined disposed:false
1923 silly fetch manifest mime-db@^1.54.0
1924 silly packumentCache full:https://registry.npmjs.org/mime-db cache-miss
1925 http fetch GET 200 https://registry.npmjs.org/mime-db 432ms (cache miss)
1926 silly packumentCache full:https://registry.npmjs.org/mime-db set size:undefined disposed:false
1927 silly fetch manifest ee-first@1.1.1
1928 silly packumentCache full:https://registry.npmjs.org/ee-first cache-miss
1929 http fetch GET 200 https://registry.npmjs.org/ee-first 67ms (cache miss)
1930 silly packumentCache full:https://registry.npmjs.org/ee-first set size:undefined disposed:false
1931 silly fetch manifest wrappy@1
1932 silly packumentCache full:https://registry.npmjs.org/wrappy cache-miss
1933 http fetch GET 200 https://registry.npmjs.org/wrappy 206ms (cache miss)
1934 silly packumentCache full:https://registry.npmjs.org/wrappy set size:undefined disposed:false
1935 silly fetch manifest forwarded@0.2.0
1936 silly packumentCache full:https://registry.npmjs.org/forwarded cache-miss
1937 http fetch GET 200 https://registry.npmjs.org/forwarded 311ms (cache miss)
1938 silly packumentCache full:https://registry.npmjs.org/forwarded set size:undefined disposed:false
1939 silly fetch manifest ipaddr.js@1.9.1
1940 silly packumentCache full:https://registry.npmjs.org/ipaddr.js cache-miss
1941 http fetch GET 200 https://registry.npmjs.org/ipaddr.js 62ms (cache miss)
1942 silly packumentCache full:https://registry.npmjs.org/ipaddr.js set size:undefined disposed:false
1943 silly fetch manifest side-channel@^1.1.0
1944 silly packumentCache full:https://registry.npmjs.org/side-channel cache-miss
1945 http fetch GET 200 https://registry.npmjs.org/side-channel 72ms (cache miss)
1946 silly packumentCache full:https://registry.npmjs.org/side-channel set size:undefined disposed:false
1947 silly fetch manifest is-promise@^4.0.0
1948 silly packumentCache full:https://registry.npmjs.org/is-promise cache-miss
1949 http fetch GET 200 https://registry.npmjs.org/is-promise 139ms (cache miss)
1950 silly packumentCache full:https://registry.npmjs.org/is-promise set size:undefined disposed:false
1951 silly fetch manifest path-to-regexp@^8.0.0
1952 silly packumentCache full:https://registry.npmjs.org/path-to-regexp cache-miss
1953 http fetch GET 200 https://registry.npmjs.org/path-to-regexp 69ms (cache miss)
1954 silly packumentCache full:https://registry.npmjs.org/path-to-regexp set size:undefined disposed:false
1955 silly fetch manifest statuses@^2.0.2
1956 silly packumentCache full:https://registry.npmjs.org/statuses cache-hit
1957 silly fetch manifest media-typer@^1.1.0
1958 silly packumentCache full:https://registry.npmjs.org/media-typer cache-miss
1959 http fetch GET 200 https://registry.npmjs.org/media-typer 75ms (cache miss)
1960 silly packumentCache full:https://registry.npmjs.org/media-typer set size:undefined disposed:false
1961 silly placeDep ROOT negotiator@1.0.0 OK for: accepts@2.0.0 want: ^1.0.0
1962 silly placeDep ROOT bytes@3.1.2 OK for: body-parser@2.2.2 want: ^3.1.2
1963 silly placeDep ROOT ip-address@10.0.1 OK for: express-rate-limit@8.2.1 want: 10.0.1
1964 silly placeDep node_modules/htmlparser2 entities@7.0.1 OK for: htmlparser2@10.1.0 want: ^7.0.1
1965 silly placeDep ROOT inherits@2.0.4 OK for: http-errors@2.0.1 want: ~2.0.4
1966 silly placeDep ROOT setprototypeof@1.2.0 OK for: http-errors@2.0.1 want: ~1.2.0
1967 silly placeDep ROOT toidentifier@1.0.1 OK for: http-errors@2.0.1 want: ~1.0.1
1968 silly placeDep ROOT agent-base@7.1.4 OK for: https-proxy-agent@7.0.6 want: ^7.1.2
1969 silly placeDep ROOT safer-buffer@2.1.2 OK for: iconv-lite@0.7.2 want: >= 2.1.2 < 3.0.0
1970 silly placeDep ROOT @istanbuljs/schema@0.1.3 OK for: istanbul-lib-instrument@6.0.3 want: ^0.1.3
1971 silly placeDep ROOT istanbul-lib-coverage@3.2.2 OK for: istanbul-lib-instrument@6.0.3 want: ^3.2.0
1972 silly fetch manifest bufferutil@^4.0.1
1973 silly packumentCache full:https://registry.npmjs.org/bufferutil cache-miss
1974 http fetch GET 200 https://registry.npmjs.org/bufferutil 82ms (cache miss)
1975 silly packumentCache full:https://registry.npmjs.org/bufferutil set size:undefined disposed:false
1976 silly fetch manifest utf-8-validate@>=5.0.2
1977 silly packumentCache full:https://registry.npmjs.org/utf-8-validate cache-miss
1978 http fetch GET 200 https://registry.npmjs.org/utf-8-validate 59ms (cache miss)
1979 silly packumentCache full:https://registry.npmjs.org/utf-8-validate set size:undefined disposed:false
1980 silly fetch manifest @noble/hashes@^1.8.0 || ^2.0.0
1981 silly packumentCache full:https://registry.npmjs.org/@noble%2fhashes cache-miss
1982 http fetch GET 200 https://registry.npmjs.org/@noble%2fhashes 119ms (cache miss)
1983 silly packumentCache full:https://registry.npmjs.org/@noble%2fhashes set size:undefined disposed:false
1984 silly placeDep ROOT @acemir/cssom@0.9.31 OK for: jsdom@27.4.0 want: ^0.9.28
1985 silly placeDep ROOT @asamuzakjp/dom-selector@6.8.1 OK for: jsdom@27.4.0 want: ^6.7.6
1986 silly placeDep ROOT @exodus/bytes@1.14.1 OK for: jsdom@27.4.0 want: ^1.6.0
1987 silly placeDep ROOT cssstyle@5.3.7 OK for: jsdom@27.4.0 want: ^5.3.4
1988 silly placeDep ROOT data-urls@6.0.1 OK for: jsdom@27.4.0 want: ^6.0.0
1989 silly placeDep ROOT decimal.js@10.6.0 OK for: jsdom@27.4.0 want: ^10.6.0
1990 silly placeDep ROOT html-encoding-sniffer@6.0.0 OK for: jsdom@27.4.0 want: ^6.0.0
1991 silly placeDep ROOT http-proxy-agent@7.0.2 OK for: jsdom@27.4.0 want: ^7.0.2
1992 silly placeDep ROOT is-potential-custom-element-name@1.0.1 OK for: jsdom@27.4.0 want: ^1.0.1
1993 silly placeDep ROOT parse5@8.0.0 OK for: jsdom@27.4.0 want: ^8.0.0
1994 silly placeDep ROOT saxes@6.0.0 OK for: jsdom@27.4.0 want: ^6.0.0
1995 silly placeDep ROOT symbol-tree@3.2.4 OK for: jsdom@27.4.0 want: ^3.2.4
1996 silly placeDep ROOT tough-cookie@6.0.0 OK for: jsdom@27.4.0 want: ^6.0.0
1997 silly placeDep ROOT w3c-xmlserializer@5.0.0 OK for: jsdom@27.4.0 want: ^5.0.0
1998 silly placeDep ROOT webidl-conversions@8.0.1 OK for: jsdom@27.4.0 want: ^8.0.0
1999 silly placeDep ROOT whatwg-mimetype@4.0.0 OK for: jsdom@27.4.0 want: ^4.0.0
2000 silly placeDep ROOT whatwg-url@15.1.0 OK for: jsdom@27.4.0 want: ^15.1.0
2001 silly placeDep ROOT ws@8.19.0 OK for: jsdom@27.4.0 want: ^8.18.3
2002 silly placeDep ROOT xml-name-validator@5.0.0 OK for: jsdom@27.4.0 want: ^5.0.0
2003 silly fetch manifest bidi-js@^1.0.3
2004 silly packumentCache full:https://registry.npmjs.org/bidi-js cache-miss
2005 http fetch GET 200 https://registry.npmjs.org/bidi-js 117ms (cache miss)
2006 silly packumentCache full:https://registry.npmjs.org/bidi-js set size:undefined disposed:false
2007 silly fetch manifest css-tree@^3.1.0
2008 silly packumentCache full:https://registry.npmjs.org/css-tree cache-miss
2009 http fetch GET 200 https://registry.npmjs.org/css-tree 186ms (cache miss)
2010 silly packumentCache full:https://registry.npmjs.org/css-tree set size:undefined disposed:false
2011 silly fetch manifest lru-cache@^11.2.6
2012 silly packumentCache full:https://registry.npmjs.org/lru-cache cache-miss
2013 http cache https://registry.npmjs.org/lru-cache 15ms (cache hit)
2014 silly packumentCache full:https://registry.npmjs.org/lru-cache set size:413591 disposed:false
2015 silly fetch manifest @asamuzakjp/nwsapi@^2.3.9
2016 silly packumentCache full:https://registry.npmjs.org/@asamuzakjp%2fnwsapi cache-miss
2017 http fetch GET 200 https://registry.npmjs.org/@asamuzakjp%2fnwsapi 91ms (cache miss)
2018 silly packumentCache full:https://registry.npmjs.org/@asamuzakjp%2fnwsapi set size:undefined disposed:false
2019 silly fetch manifest lru-cache@^11.2.4
2020 silly packumentCache full:https://registry.npmjs.org/lru-cache cache-hit
2021 silly fetch manifest @asamuzakjp/css-color@^4.1.1
2022 silly packumentCache full:https://registry.npmjs.org/@asamuzakjp%2fcss-color cache-miss
2023 http fetch GET 200 https://registry.npmjs.org/@asamuzakjp%2fcss-color 58ms (cache miss)
2024 silly packumentCache full:https://registry.npmjs.org/@asamuzakjp%2fcss-color set size:undefined disposed:false
2025 silly fetch manifest @csstools/css-syntax-patches-for-csstree@^1.0.21
2026 silly packumentCache full:https://registry.npmjs.org/@csstools%2fcss-syntax-patches-for-csstree cache-miss
2027 http fetch GET 200 https://registry.npmjs.org/@csstools%2fcss-syntax-patches-for-csstree 352ms (cache miss)
2028 silly packumentCache full:https://registry.npmjs.org/@csstools%2fcss-syntax-patches-for-csstree set size:undefined disposed:false
2029 silly fetch manifest whatwg-mimetype@^5.0.0
2030 silly packumentCache full:https://registry.npmjs.org/whatwg-mimetype cache-miss
2031 http cache https://registry.npmjs.org/whatwg-mimetype 48ms (cache hit)
2032 silly packumentCache full:https://registry.npmjs.org/whatwg-mimetype set size:28179 disposed:false
2033 silly fetch manifest xmlchars@^2.2.0
2034 silly packumentCache full:https://registry.npmjs.org/xmlchars cache-miss
2035 http fetch GET 200 https://registry.npmjs.org/xmlchars 61ms (cache miss)
2036 silly packumentCache full:https://registry.npmjs.org/xmlchars set size:undefined disposed:false
2037 silly fetch manifest tldts@^7.0.5
2038 silly packumentCache full:https://registry.npmjs.org/tldts cache-miss
2039 http fetch GET 200 https://registry.npmjs.org/tldts 246ms (cache miss)
2040 silly packumentCache full:https://registry.npmjs.org/tldts set size:undefined disposed:false
2041 silly fetch manifest tr46@^6.0.0
2042 silly packumentCache full:https://registry.npmjs.org/tr46 cache-miss
2043 http fetch GET 200 https://registry.npmjs.org/tr46 43ms (cache miss)
2044 silly packumentCache full:https://registry.npmjs.org/tr46 set size:undefined disposed:false
2045 silly placeDep ROOT @asamuzakjp/nwsapi@2.3.9 OK for: @asamuzakjp/dom-selector@6.8.1 want: ^2.3.9
2046 silly placeDep ROOT bidi-js@1.0.3 OK for: @asamuzakjp/dom-selector@6.8.1 want: ^1.0.3
2047 silly placeDep ROOT css-tree@3.1.0 OK for: @asamuzakjp/dom-selector@6.8.1 want: ^3.1.0
2048 silly placeDep node_modules/@asamuzakjp/dom-selector lru-cache@11.2.6 OK for: @asamuzakjp/dom-selector@6.8.1 want: ^11.2.6
2049 silly fetch manifest mdn-data@2.12.2
2050 silly packumentCache full:https://registry.npmjs.org/mdn-data cache-miss
2051 http fetch GET 200 https://registry.npmjs.org/mdn-data 148ms (cache miss)
2052 silly packumentCache full:https://registry.npmjs.org/mdn-data set size:undefined disposed:false
2053 silly fetch manifest source-map-js@^1.0.1
2054 silly packumentCache full:https://registry.npmjs.org/source-map-js cache-hit
2055 silly placeDep ROOT mdn-data@2.12.2 OK for: css-tree@3.1.0 want: 2.12.2
2056 silly placeDep ROOT source-map-js@1.2.1 OK for: css-tree@3.1.0 want: ^1.0.1
2057 silly placeDep ROOT @asamuzakjp/css-color@4.1.2 OK for: cssstyle@5.3.7 want: ^4.1.1
2058 silly placeDep ROOT @csstools/css-syntax-patches-for-csstree@1.0.28 OK for: cssstyle@5.3.7 want: ^1.0.21
2059 silly placeDep node_modules/cssstyle lru-cache@11.2.6 OK for: cssstyle@5.3.7 want: ^11.2.4
2060 silly fetch manifest lru-cache@^11.2.5
2061 silly packumentCache full:https://registry.npmjs.org/lru-cache cache-hit
2062 silly fetch manifest @csstools/css-calc@^3.0.0
2063 silly packumentCache full:https://registry.npmjs.org/@csstools%2fcss-calc cache-miss
2064 http fetch GET 200 https://registry.npmjs.org/@csstools%2fcss-calc 65ms (cache miss)
2065 silly packumentCache full:https://registry.npmjs.org/@csstools%2fcss-calc set size:undefined disposed:false
2066 silly fetch manifest @csstools/css-tokenizer@^4.0.0
2067 silly packumentCache full:https://registry.npmjs.org/@csstools%2fcss-tokenizer cache-miss
2068 http fetch GET 200 https://registry.npmjs.org/@csstools%2fcss-tokenizer 66ms (cache miss)
2069 silly packumentCache full:https://registry.npmjs.org/@csstools%2fcss-tokenizer set size:undefined disposed:false
2070 silly fetch manifest @csstools/css-color-parser@^4.0.1
2071 silly packumentCache full:https://registry.npmjs.org/@csstools%2fcss-color-parser cache-miss
2072 http fetch GET 200 https://registry.npmjs.org/@csstools%2fcss-color-parser 68ms (cache miss)
2073 silly packumentCache full:https://registry.npmjs.org/@csstools%2fcss-color-parser set size:undefined disposed:false
2074 silly fetch manifest @csstools/css-parser-algorithms@^4.0.0
2075 silly packumentCache full:https://registry.npmjs.org/@csstools%2fcss-parser-algorithms cache-miss
2076 http fetch GET 200 https://registry.npmjs.org/@csstools%2fcss-parser-algorithms 64ms (cache miss)
2077 silly packumentCache full:https://registry.npmjs.org/@csstools%2fcss-parser-algorithms set size:undefined disposed:false
2078 silly placeDep ROOT @csstools/css-calc@3.1.1 OK for: @asamuzakjp/css-color@4.1.2 want: ^3.0.0
2079 silly placeDep ROOT @csstools/css-parser-algorithms@4.0.0 OK for: @csstools/css-calc@3.1.1 want: ^4.0.0
2080 silly placeDep ROOT @csstools/css-tokenizer@4.0.0 OK for: @csstools/css-parser-algorithms@4.0.0 want: ^4.0.0
2081 silly placeDep ROOT @csstools/css-color-parser@4.0.2 OK for: @asamuzakjp/css-color@4.1.2 want: ^4.0.1
2082 silly placeDep node_modules/@asamuzakjp/css-color lru-cache@11.2.6 OK for: @asamuzakjp/css-color@4.1.2 want: ^11.2.5
2083 silly fetch manifest @csstools/color-helpers@^6.0.2
2084 silly packumentCache full:https://registry.npmjs.org/@csstools%2fcolor-helpers cache-miss
2085 http fetch GET 200 https://registry.npmjs.org/@csstools%2fcolor-helpers 72ms (cache miss)
2086 silly packumentCache full:https://registry.npmjs.org/@csstools%2fcolor-helpers set size:undefined disposed:false
2087 silly placeDep ROOT @csstools/color-helpers@6.0.2 OK for: @csstools/css-color-parser@4.0.2 want: ^6.0.2
2088 silly placeDep node_modules/data-urls whatwg-mimetype@5.0.0 OK for: data-urls@6.0.1 want: ^5.0.0
2089 silly placeDep ROOT cli-truncate@5.1.1 OK for: listr2@9.0.5 want: ^5.0.0
2090 silly placeDep ROOT colorette@2.0.20 OK for: listr2@9.0.5 want: ^2.0.20
2091 silly placeDep ROOT eventemitter3@5.0.4 OK for: listr2@9.0.5 want: ^5.0.1
2092 silly placeDep ROOT log-update@6.1.0 OK for: listr2@9.0.5 want: ^6.1.0
2093 silly placeDep ROOT rfdc@1.4.1 OK for: listr2@9.0.5 want: ^1.4.1
2094 silly placeDep node_modules/listr2 wrap-ansi@9.0.2 OK for: listr2@9.0.5 want: ^9.0.0
2095 silly fetch manifest slice-ansi@^7.1.0
2096 silly packumentCache full:https://registry.npmjs.org/slice-ansi cache-miss
2097 http fetch GET 200 https://registry.npmjs.org/slice-ansi 49ms (cache miss)
2098 silly packumentCache full:https://registry.npmjs.org/slice-ansi set size:undefined disposed:false
2099 silly fetch manifest string-width@^8.0.0
2100 silly packumentCache full:https://registry.npmjs.org/string-width cache-hit
2101 silly fetch manifest strip-ansi@^7.1.0
2102 silly packumentCache full:https://registry.npmjs.org/strip-ansi cache-hit
2103 silly fetch manifest ansi-escapes@^7.0.0
2104 silly packumentCache full:https://registry.npmjs.org/ansi-escapes cache-miss
2105 http fetch GET 200 https://registry.npmjs.org/ansi-escapes 44ms (cache miss)
2106 silly packumentCache full:https://registry.npmjs.org/ansi-escapes set size:undefined disposed:false
2107 silly fetch manifest ansi-styles@^6.2.1
2108 silly packumentCache full:https://registry.npmjs.org/ansi-styles cache-miss
2109 http cache https://registry.npmjs.org/ansi-styles 11ms (cache hit)
2110 silly packumentCache full:https://registry.npmjs.org/ansi-styles set size:63233 disposed:false
2111 silly fetch manifest string-width@^7.0.0
2112 silly packumentCache full:https://registry.npmjs.org/string-width cache-hit
2113 silly placeDep ROOT slice-ansi@7.1.2 OK for: cli-truncate@5.1.1 want: ^7.1.0
2114 silly placeDep ROOT string-width@8.2.0 OK for: cli-truncate@5.1.1 want: ^8.0.0
2115 silly fetch manifest is-fullwidth-code-point@^5.0.0
2116 silly packumentCache full:https://registry.npmjs.org/is-fullwidth-code-point cache-miss
2117 http fetch GET 200 https://registry.npmjs.org/is-fullwidth-code-point 37ms (cache miss)
2118 silly packumentCache full:https://registry.npmjs.org/is-fullwidth-code-point set size:undefined disposed:false
2119 silly fetch manifest get-east-asian-width@^1.5.0
2120 silly packumentCache full:https://registry.npmjs.org/get-east-asian-width cache-miss
2121 http fetch GET 200 https://registry.npmjs.org/get-east-asian-width 38ms (cache miss)
2122 silly packumentCache full:https://registry.npmjs.org/get-east-asian-width set size:undefined disposed:false
2123 silly placeDep ROOT @lmdb/lmdb-darwin-arm64@3.4.4 OK for: lmdb@3.4.4 want: 3.4.4
2124 silly placeDep ROOT @lmdb/lmdb-darwin-x64@3.4.4 OK for: lmdb@3.4.4 want: 3.4.4
2125 silly placeDep ROOT @lmdb/lmdb-linux-arm@3.4.4 OK for: lmdb@3.4.4 want: 3.4.4
2126 silly placeDep ROOT @lmdb/lmdb-linux-arm64@3.4.4 OK for: lmdb@3.4.4 want: 3.4.4
2127 silly placeDep ROOT @lmdb/lmdb-linux-x64@3.4.4 OK for: lmdb@3.4.4 want: 3.4.4
2128 silly placeDep ROOT @lmdb/lmdb-win32-arm64@3.4.4 OK for: lmdb@3.4.4 want: 3.4.4
2129 silly placeDep ROOT @lmdb/lmdb-win32-x64@3.4.4 OK for: lmdb@3.4.4 want: 3.4.4
2130 silly placeDep ROOT msgpackr@1.11.8 OK for: lmdb@3.4.4 want: ^1.11.2
2131 silly placeDep ROOT node-addon-api@6.1.0 OK for: lmdb@3.4.4 want: ^6.1.0
2132 silly placeDep ROOT node-gyp-build-optional-packages@5.2.2 OK for: lmdb@3.4.4 want: 5.2.2
2133 silly placeDep ROOT ordered-binary@1.6.1 OK for: lmdb@3.4.4 want: ^1.5.3
2134 silly placeDep ROOT weak-lru-cache@1.2.2 OK for: lmdb@3.4.4 want: ^1.2.2
2135 silly fetch manifest msgpackr-extract@^3.0.2
2136 silly packumentCache full:https://registry.npmjs.org/msgpackr-extract cache-miss
2137 http fetch GET 200 https://registry.npmjs.org/msgpackr-extract 53ms (cache miss)
2138 silly packumentCache full:https://registry.npmjs.org/msgpackr-extract set size:undefined disposed:false
2139 silly fetch manifest detect-libc@^2.0.1
2140 silly packumentCache full:https://registry.npmjs.org/detect-libc cache-miss
2141 http fetch GET 200 https://registry.npmjs.org/detect-libc 94ms (cache miss)
2142 silly packumentCache full:https://registry.npmjs.org/detect-libc set size:undefined disposed:false
2143 silly placeDep ROOT ansi-escapes@7.3.0 OK for: log-update@6.1.0 want: ^7.0.0
2144 silly placeDep ROOT cli-cursor@5.0.0 OK for: log-update@6.1.0 want: ^5.0.0
2145 silly placeDep ROOT strip-ansi@7.1.2 OK for: log-update@6.1.0 want: ^7.1.0
2146 silly placeDep node_modules/log-update wrap-ansi@9.0.2 OK for: log-update@6.1.0 want: ^9.0.0
2147 silly fetch manifest environment@^1.0.0
2148 silly packumentCache full:https://registry.npmjs.org/environment cache-miss
2149 http fetch GET 200 https://registry.npmjs.org/environment 38ms (cache miss)
2150 silly packumentCache full:https://registry.npmjs.org/environment set size:undefined disposed:false
2151 silly fetch manifest restore-cursor@^5.0.0
2152 silly packumentCache full:https://registry.npmjs.org/restore-cursor cache-miss
2153 http fetch GET 200 https://registry.npmjs.org/restore-cursor 88ms (cache miss)
2154 silly packumentCache full:https://registry.npmjs.org/restore-cursor set size:undefined disposed:false
2155 silly fetch manifest ansi-regex@^6.0.1
2156 silly packumentCache full:https://registry.npmjs.org/ansi-regex cache-miss
2157 http fetch GET 200 https://registry.npmjs.org/ansi-regex 33ms (cache miss)
2158 silly packumentCache full:https://registry.npmjs.org/ansi-regex set size:undefined disposed:false
2159 silly placeDep ROOT environment@1.1.0 OK for: ansi-escapes@7.3.0 want: ^1.0.0
2160 silly placeDep ROOT restore-cursor@5.1.0 OK for: cli-cursor@5.0.0 want: ^5.0.0
2161 silly fetch manifest onetime@^7.0.0
2162 silly packumentCache full:https://registry.npmjs.org/onetime cache-miss
2163 http fetch GET 200 https://registry.npmjs.org/onetime 42ms (cache miss)
2164 silly packumentCache full:https://registry.npmjs.org/onetime set size:undefined disposed:false
2165 silly placeDep ROOT yallist@3.1.1 OK for: lru-cache@5.1.1 want: ^3.0.2
2166 silly placeDep ROOT mime-db@1.54.0 OK for: mime-types@3.0.2 want: ^1.54.0
2167 silly placeDep ROOT msgpackr-extract@3.0.3 OK for: msgpackr@1.11.8 want: ^3.0.2
2168 silly fetch manifest @msgpackr-extract/msgpackr-extract-darwin-arm64@3.0.3
2169 silly packumentCache full:https://registry.npmjs.org/@msgpackr-extract%2fmsgpackr-extract-darwin-arm64 cache-miss
2170 http fetch GET 200 https://registry.npmjs.org/@msgpackr-extract%2fmsgpackr-extract-darwin-arm64 224ms (cache miss)
2171 silly packumentCache full:https://registry.npmjs.org/@msgpackr-extract%2fmsgpackr-extract-darwin-arm64 set size:undefined disposed:false
2172 silly fetch manifest @msgpackr-extract/msgpackr-extract-darwin-x64@3.0.3
2173 silly packumentCache full:https://registry.npmjs.org/@msgpackr-extract%2fmsgpackr-extract-darwin-x64 cache-miss
2174 http fetch GET 200 https://registry.npmjs.org/@msgpackr-extract%2fmsgpackr-extract-darwin-x64 178ms (cache miss)
2175 silly packumentCache full:https://registry.npmjs.org/@msgpackr-extract%2fmsgpackr-extract-darwin-x64 set size:undefined disposed:false
2176 silly fetch manifest @msgpackr-extract/msgpackr-extract-linux-arm@3.0.3
2177 silly packumentCache full:https://registry.npmjs.org/@msgpackr-extract%2fmsgpackr-extract-linux-arm cache-miss
2178 http fetch GET 200 https://registry.npmjs.org/@msgpackr-extract%2fmsgpackr-extract-linux-arm 298ms (cache miss)
2179 silly packumentCache full:https://registry.npmjs.org/@msgpackr-extract%2fmsgpackr-extract-linux-arm set size:undefined disposed:false
2180 silly fetch manifest @msgpackr-extract/msgpackr-extract-linux-arm64@3.0.3
2181 silly packumentCache full:https://registry.npmjs.org/@msgpackr-extract%2fmsgpackr-extract-linux-arm64 cache-miss
2182 http fetch GET 200 https://registry.npmjs.org/@msgpackr-extract%2fmsgpackr-extract-linux-arm64 292ms (cache miss)
2183 silly packumentCache full:https://registry.npmjs.org/@msgpackr-extract%2fmsgpackr-extract-linux-arm64 set size:undefined disposed:false
2184 silly fetch manifest @msgpackr-extract/msgpackr-extract-linux-x64@3.0.3
2185 silly packumentCache full:https://registry.npmjs.org/@msgpackr-extract%2fmsgpackr-extract-linux-x64 cache-miss
2186 http fetch GET 200 https://registry.npmjs.org/@msgpackr-extract%2fmsgpackr-extract-linux-x64 461ms (cache miss)
2187 silly packumentCache full:https://registry.npmjs.org/@msgpackr-extract%2fmsgpackr-extract-linux-x64 set size:undefined disposed:false
2188 silly fetch manifest @msgpackr-extract/msgpackr-extract-win32-x64@3.0.3
2189 silly packumentCache full:https://registry.npmjs.org/@msgpackr-extract%2fmsgpackr-extract-win32-x64 cache-miss
2190 http fetch GET 200 https://registry.npmjs.org/@msgpackr-extract%2fmsgpackr-extract-win32-x64 185ms (cache miss)
2191 silly packumentCache full:https://registry.npmjs.org/@msgpackr-extract%2fmsgpackr-extract-win32-x64 set size:undefined disposed:false
2192 silly placeDep ROOT @msgpackr-extract/msgpackr-extract-darwin-arm64@3.0.3 OK for: msgpackr-extract@3.0.3 want: 3.0.3
2193 silly placeDep ROOT @msgpackr-extract/msgpackr-extract-darwin-x64@3.0.3 OK for: msgpackr-extract@3.0.3 want: 3.0.3
2194 silly placeDep ROOT @msgpackr-extract/msgpackr-extract-linux-arm@3.0.3 OK for: msgpackr-extract@3.0.3 want: 3.0.3
2195 silly placeDep ROOT @msgpackr-extract/msgpackr-extract-linux-arm64@3.0.3 OK for: msgpackr-extract@3.0.3 want: 3.0.3
2196 silly placeDep ROOT @msgpackr-extract/msgpackr-extract-linux-x64@3.0.3 OK for: msgpackr-extract@3.0.3 want: 3.0.3
2197 silly placeDep ROOT @msgpackr-extract/msgpackr-extract-win32-x64@3.0.3 OK for: msgpackr-extract@3.0.3 want: 3.0.3
2198 silly placeDep ROOT detect-libc@2.1.2 OK for: node-gyp-build-optional-packages@5.2.2 want: ^2.0.1
2199 silly placeDep ROOT hosted-git-info@9.0.2 OK for: npm-package-arg@13.0.2 want: ^9.0.0
2200 silly placeDep ROOT proc-log@6.1.0 OK for: npm-package-arg@13.0.2 want: ^6.0.0
2201 silly placeDep ROOT validate-npm-package-name@7.0.2 OK for: npm-package-arg@13.0.2 want: ^7.0.0
2202 silly fetch manifest lru-cache@^11.1.0
2203 silly packumentCache full:https://registry.npmjs.org/lru-cache cache-hit
2204 silly placeDep node_modules/hosted-git-info lru-cache@11.2.6 OK for: hosted-git-info@9.0.2 want: ^11.1.0
2205 silly placeDep ROOT ee-first@1.1.1 OK for: on-finished@2.4.1 want: 1.1.1
2206 silly placeDep ROOT wrappy@1.0.2 OK for: once@1.4.0 want: 1
2207 silly placeDep ROOT chalk@5.6.2 OK for: ora@9.0.0 want: ^5.6.2
2208 silly placeDep ROOT cli-spinners@3.4.0 OK for: ora@9.0.0 want: ^3.2.0
2209 silly placeDep ROOT is-interactive@2.0.0 OK for: ora@9.0.0 want: ^2.0.0
2210 silly placeDep ROOT is-unicode-supported@2.1.0 OK for: ora@9.0.0 want: ^2.1.0
2211 silly placeDep ROOT log-symbols@7.0.1 OK for: ora@9.0.0 want: ^7.0.1
2212 silly placeDep ROOT stdin-discarder@0.2.2 OK for: ora@9.0.0 want: ^0.2.2
2213 silly fetch manifest yoctocolors@^2.1.1
2214 silly packumentCache full:https://registry.npmjs.org/yoctocolors cache-miss
2215 http fetch GET 200 https://registry.npmjs.org/yoctocolors 49ms (cache miss)
2216 silly packumentCache full:https://registry.npmjs.org/yoctocolors set size:undefined disposed:false
2217 silly placeDep ROOT yoctocolors@2.1.2 OK for: log-symbols@7.0.1 want: ^2.1.1
2218 silly placeDep ROOT @npmcli/git@7.0.1 OK for: pacote@21.0.4 want: ^7.0.0
2219 silly placeDep ROOT @npmcli/installed-package-contents@4.0.0 OK for: pacote@21.0.4 want: ^4.0.0
2220 silly placeDep ROOT @npmcli/package-json@7.0.5 OK for: pacote@21.0.4 want: ^7.0.0
2221 silly placeDep ROOT @npmcli/promise-spawn@9.0.1 OK for: pacote@21.0.4 want: ^9.0.0
2222 silly placeDep ROOT @npmcli/run-script@10.0.3 OK for: pacote@21.0.4 want: ^10.0.0
2223 silly placeDep ROOT cacache@20.0.3 OK for: pacote@21.0.4 want: ^20.0.0
2224 silly placeDep ROOT fs-minipass@3.0.3 OK for: pacote@21.0.4 want: ^3.0.0
2225 silly placeDep ROOT minipass@7.1.3 OK for: pacote@21.0.4 want: ^7.0.2
2226 silly placeDep ROOT npm-packlist@10.0.4 OK for: pacote@21.0.4 want: ^10.0.1
2227 silly placeDep ROOT npm-pick-manifest@11.0.3 OK for: pacote@21.0.4 want: ^11.0.1
2228 silly placeDep ROOT npm-registry-fetch@19.1.1 OK for: pacote@21.0.4 want: ^19.0.0
2229 silly placeDep ROOT promise-retry@2.0.1 OK for: pacote@21.0.4 want: ^2.0.1
2230 silly placeDep ROOT sigstore@4.1.0 OK for: pacote@21.0.4 want: ^4.0.0
2231 silly placeDep ROOT ssri@13.0.1 OK for: pacote@21.0.4 want: ^13.0.0
2232 silly placeDep ROOT tar@7.5.9 OK for: pacote@21.0.4 want: ^7.4.3
2233 silly fetch manifest lru-cache@^11.2.1
2234 silly packumentCache full:https://registry.npmjs.org/lru-cache cache-hit
2235 silly fetch manifest which@^6.0.0
2236 silly packumentCache full:https://registry.npmjs.org/which cache-miss
2237 http cache https://registry.npmjs.org/which 23ms (cache hit)
2238 silly packumentCache full:https://registry.npmjs.org/which set size:67805 disposed:false
2239 silly fetch manifest npm-bundled@^5.0.0
2240 silly packumentCache full:https://registry.npmjs.org/npm-bundled cache-miss
2241 http fetch GET 200 https://registry.npmjs.org/npm-bundled 121ms (cache miss)
2242 silly packumentCache full:https://registry.npmjs.org/npm-bundled set size:undefined disposed:false
2243 silly fetch manifest npm-normalize-package-bin@^5.0.0
2244 silly packumentCache full:https://registry.npmjs.org/npm-normalize-package-bin cache-miss
2245 http fetch GET 200 https://registry.npmjs.org/npm-normalize-package-bin 66ms (cache miss)
2246 silly packumentCache full:https://registry.npmjs.org/npm-normalize-package-bin set size:undefined disposed:false
2247 silly fetch manifest glob@^13.0.0
2248 silly packumentCache full:https://registry.npmjs.org/glob cache-miss
2249 http fetch GET 200 https://registry.npmjs.org/glob 66ms (cache miss)
2250 silly packumentCache full:https://registry.npmjs.org/glob set size:undefined disposed:false
2251 silly fetch manifest json-parse-even-better-errors@^5.0.0
2252 silly packumentCache full:https://registry.npmjs.org/json-parse-even-better-errors cache-miss
2253 http fetch GET 200 https://registry.npmjs.org/json-parse-even-better-errors 43ms (cache miss)
2254 silly packumentCache full:https://registry.npmjs.org/json-parse-even-better-errors set size:undefined disposed:false
2255 silly fetch manifest spdx-expression-parse@^4.0.0
2256 silly packumentCache full:https://registry.npmjs.org/spdx-expression-parse cache-miss
2257 http fetch GET 200 https://registry.npmjs.org/spdx-expression-parse 70ms (cache miss)
2258 silly packumentCache full:https://registry.npmjs.org/spdx-expression-parse set size:undefined disposed:false
2259 silly fetch manifest @npmcli/node-gyp@^5.0.0
2260 silly packumentCache full:https://registry.npmjs.org/@npmcli%2fnode-gyp cache-miss
2261 http fetch GET 200 https://registry.npmjs.org/@npmcli%2fnode-gyp 281ms (cache miss)
2262 silly packumentCache full:https://registry.npmjs.org/@npmcli%2fnode-gyp set size:undefined disposed:false
2263 silly fetch manifest node-gyp@^12.1.0
2264 silly packumentCache full:https://registry.npmjs.org/node-gyp cache-miss
2265 http fetch GET 200 https://registry.npmjs.org/node-gyp 99ms (cache miss)
2266 silly packumentCache full:https://registry.npmjs.org/node-gyp set size:undefined disposed:false
2267 silly fetch manifest @npmcli/fs@^5.0.0
2268 silly packumentCache full:https://registry.npmjs.org/@npmcli%2ffs cache-miss
2269 http fetch GET 200 https://registry.npmjs.org/@npmcli%2ffs 121ms (cache miss)
2270 silly packumentCache full:https://registry.npmjs.org/@npmcli%2ffs set size:undefined disposed:false
2271 silly fetch manifest minipass@^7.0.3
2272 silly packumentCache full:https://registry.npmjs.org/minipass cache-miss
2273 http cache https://registry.npmjs.org/minipass 15ms (cache hit)
2274 silly packumentCache full:https://registry.npmjs.org/minipass set size:276925 disposed:false
2275 silly fetch manifest minipass-collect@^2.0.1
2276 silly packumentCache full:https://registry.npmjs.org/minipass-collect cache-miss
2277 http fetch GET 200 https://registry.npmjs.org/minipass-collect 63ms (cache miss)
2278 silly packumentCache full:https://registry.npmjs.org/minipass-collect set size:undefined disposed:false
2279 silly fetch manifest minipass-flush@^1.0.5
2280 silly packumentCache full:https://registry.npmjs.org/minipass-flush cache-miss
2281 http fetch GET 200 https://registry.npmjs.org/minipass-flush 81ms (cache miss)
2282 silly packumentCache full:https://registry.npmjs.org/minipass-flush set size:undefined disposed:false
2283 silly fetch manifest minipass-pipeline@^1.2.4
2284 silly packumentCache full:https://registry.npmjs.org/minipass-pipeline cache-miss
2285 http fetch GET 200 https://registry.npmjs.org/minipass-pipeline 261ms (cache miss)
2286 silly packumentCache full:https://registry.npmjs.org/minipass-pipeline set size:undefined disposed:false
2287 silly fetch manifest p-map@^7.0.2
2288 silly packumentCache full:https://registry.npmjs.org/p-map cache-miss
2289 http fetch GET 200 https://registry.npmjs.org/p-map 69ms (cache miss)
2290 silly packumentCache full:https://registry.npmjs.org/p-map set size:undefined disposed:false
2291 silly fetch manifest unique-filename@^5.0.0
2292 silly packumentCache full:https://registry.npmjs.org/unique-filename cache-miss
2293 http fetch GET 200 https://registry.npmjs.org/unique-filename 58ms (cache miss)
2294 silly packumentCache full:https://registry.npmjs.org/unique-filename set size:undefined disposed:false
2295 silly fetch manifest ignore-walk@^8.0.0
2296 silly packumentCache full:https://registry.npmjs.org/ignore-walk cache-miss
2297 http fetch GET 200 https://registry.npmjs.org/ignore-walk 53ms (cache miss)
2298 silly packumentCache full:https://registry.npmjs.org/ignore-walk set size:undefined disposed:false
2299 silly fetch manifest npm-install-checks@^8.0.0
2300 silly packumentCache full:https://registry.npmjs.org/npm-install-checks cache-miss
2301 http fetch GET 200 https://registry.npmjs.org/npm-install-checks 52ms (cache miss)
2302 silly packumentCache full:https://registry.npmjs.org/npm-install-checks set size:undefined disposed:false
2303 silly fetch manifest @npmcli/redact@^4.0.0
2304 silly packumentCache full:https://registry.npmjs.org/@npmcli%2fredact cache-miss
2305 http fetch GET 200 https://registry.npmjs.org/@npmcli%2fredact 310ms (cache miss)
2306 silly packumentCache full:https://registry.npmjs.org/@npmcli%2fredact set size:undefined disposed:false
2307 silly fetch manifest jsonparse@^1.3.1
2308 silly packumentCache full:https://registry.npmjs.org/jsonparse cache-miss
2309 http fetch GET 200 https://registry.npmjs.org/jsonparse 50ms (cache miss)
2310 silly packumentCache full:https://registry.npmjs.org/jsonparse set size:undefined disposed:false
2311 silly fetch manifest make-fetch-happen@^15.0.0
2312 silly packumentCache full:https://registry.npmjs.org/make-fetch-happen cache-miss
2313 http fetch GET 200 https://registry.npmjs.org/make-fetch-happen 167ms (cache miss)
2314 silly packumentCache full:https://registry.npmjs.org/make-fetch-happen set size:undefined disposed:false
2315 silly fetch manifest minipass-fetch@^5.0.0
2316 silly packumentCache full:https://registry.npmjs.org/minipass-fetch cache-miss
2317 http fetch GET 200 https://registry.npmjs.org/minipass-fetch 147ms (cache miss)
2318 silly packumentCache full:https://registry.npmjs.org/minipass-fetch set size:undefined disposed:false
2319 silly fetch manifest minizlib@^3.0.1
2320 silly packumentCache full:https://registry.npmjs.org/minizlib cache-miss
2321 http fetch GET 200 https://registry.npmjs.org/minizlib 47ms (cache miss)
2322 silly packumentCache full:https://registry.npmjs.org/minizlib set size:undefined disposed:false
2323 silly fetch manifest err-code@^2.0.2
2324 silly packumentCache full:https://registry.npmjs.org/err-code cache-miss
2325 http fetch GET 200 https://registry.npmjs.org/err-code 47ms (cache miss)
2326 silly packumentCache full:https://registry.npmjs.org/err-code set size:undefined disposed:false
2327 silly fetch manifest retry@^0.12.0
2328 silly packumentCache full:https://registry.npmjs.org/retry cache-miss
2329 http fetch GET 200 https://registry.npmjs.org/retry 53ms (cache miss)
2330 silly packumentCache full:https://registry.npmjs.org/retry set size:undefined disposed:false
2331 silly fetch manifest @sigstore/bundle@^4.0.0
2332 silly packumentCache full:https://registry.npmjs.org/@sigstore%2fbundle cache-miss
2333 http fetch GET 200 https://registry.npmjs.org/@sigstore%2fbundle 155ms (cache miss)
2334 silly packumentCache full:https://registry.npmjs.org/@sigstore%2fbundle set size:undefined disposed:false
2335 silly fetch manifest @sigstore/core@^3.1.0
2336 silly packumentCache full:https://registry.npmjs.org/@sigstore%2fcore cache-miss
2337 http fetch GET 200 https://registry.npmjs.org/@sigstore%2fcore 115ms (cache miss)
2338 silly packumentCache full:https://registry.npmjs.org/@sigstore%2fcore set size:undefined disposed:false
2339 silly fetch manifest @sigstore/protobuf-specs@^0.5.0
2340 silly packumentCache full:https://registry.npmjs.org/@sigstore%2fprotobuf-specs cache-miss
2341 http fetch GET 200 https://registry.npmjs.org/@sigstore%2fprotobuf-specs 174ms (cache miss)
2342 silly packumentCache full:https://registry.npmjs.org/@sigstore%2fprotobuf-specs set size:undefined disposed:false
2343 silly fetch manifest @sigstore/sign@^4.1.0
2344 silly packumentCache full:https://registry.npmjs.org/@sigstore%2fsign cache-miss
2345 http fetch GET 200 https://registry.npmjs.org/@sigstore%2fsign 340ms (cache miss)
2346 silly packumentCache full:https://registry.npmjs.org/@sigstore%2fsign set size:undefined disposed:false
2347 silly fetch manifest @sigstore/tuf@^4.0.1
2348 silly packumentCache full:https://registry.npmjs.org/@sigstore%2ftuf cache-miss
2349 http fetch GET 200 https://registry.npmjs.org/@sigstore%2ftuf 129ms (cache miss)
2350 silly packumentCache full:https://registry.npmjs.org/@sigstore%2ftuf set size:undefined disposed:false
2351 silly fetch manifest @sigstore/verify@^3.1.0
2352 silly packumentCache full:https://registry.npmjs.org/@sigstore%2fverify cache-miss
2353 http fetch GET 200 https://registry.npmjs.org/@sigstore%2fverify 198ms (cache miss)
2354 silly packumentCache full:https://registry.npmjs.org/@sigstore%2fverify set size:undefined disposed:false
2355 silly fetch manifest @isaacs/fs-minipass@^4.0.0
2356 silly packumentCache full:https://registry.npmjs.org/@isaacs%2ffs-minipass cache-miss
2357 http fetch GET 200 https://registry.npmjs.org/@isaacs%2ffs-minipass 58ms (cache miss)
2358 silly packumentCache full:https://registry.npmjs.org/@isaacs%2ffs-minipass set size:undefined disposed:false
2359 silly fetch manifest chownr@^3.0.0
2360 silly packumentCache full:https://registry.npmjs.org/chownr cache-miss
2361 http fetch GET 200 https://registry.npmjs.org/chownr 40ms (cache miss)
2362 silly packumentCache full:https://registry.npmjs.org/chownr set size:undefined disposed:false
2363 silly fetch manifest minizlib@^3.1.0
2364 silly packumentCache full:https://registry.npmjs.org/minizlib cache-miss
2365 http cache https://registry.npmjs.org/minizlib 20ms (cache hit)
2366 silly packumentCache full:https://registry.npmjs.org/minizlib set size:62862 disposed:false
2367 silly fetch manifest yallist@^5.0.0
2368 silly packumentCache full:https://registry.npmjs.org/yallist cache-miss
2369 http cache https://registry.npmjs.org/yallist 18ms (cache hit)
2370 silly packumentCache full:https://registry.npmjs.org/yallist set size:34610 disposed:false
2371 silly placeDep node_modules/@npmcli/git lru-cache@11.2.6 OK for: @npmcli/git@7.0.1 want: ^11.2.1
2372 silly placeDep node_modules/@npmcli/git which@6.0.1 OK for: @npmcli/git@7.0.1 want: ^6.0.0
2373 silly fetch manifest isexe@^4.0.0
2374 silly packumentCache full:https://registry.npmjs.org/isexe cache-miss
2375 http cache https://registry.npmjs.org/isexe 28ms (cache hit)
2376 silly packumentCache full:https://registry.npmjs.org/isexe set size:31756 disposed:false
2377 silly placeDep ROOT npm-bundled@5.0.0 OK for: @npmcli/installed-package-contents@4.0.0 want: ^5.0.0
2378 silly placeDep ROOT npm-normalize-package-bin@5.0.0 OK for: @npmcli/installed-package-contents@4.0.0 want: ^5.0.0
2379 silly placeDep ROOT glob@13.0.6 OK for: @npmcli/package-json@7.0.5 want: ^13.0.0
2380 silly placeDep ROOT json-parse-even-better-errors@5.0.0 OK for: @npmcli/package-json@7.0.5 want: ^5.0.0
2381 silly placeDep ROOT spdx-expression-parse@4.0.0 OK for: @npmcli/package-json@7.0.5 want: ^4.0.0
2382 silly fetch manifest minimatch@^10.2.2
2383 silly packumentCache full:https://registry.npmjs.org/minimatch cache-miss
2384 http fetch GET 200 https://registry.npmjs.org/minimatch 396ms (cache miss)
2385 silly packumentCache full:https://registry.npmjs.org/minimatch set size:undefined disposed:false
2386 silly fetch manifest path-scurry@^2.0.2
2387 silly packumentCache full:https://registry.npmjs.org/path-scurry cache-miss
2388 http fetch GET 200 https://registry.npmjs.org/path-scurry 53ms (cache miss)
2389 silly packumentCache full:https://registry.npmjs.org/path-scurry set size:undefined disposed:false
2390 silly fetch manifest spdx-exceptions@^2.1.0
2391 silly packumentCache full:https://registry.npmjs.org/spdx-exceptions cache-miss
2392 http fetch GET 200 https://registry.npmjs.org/spdx-exceptions 104ms (cache miss)
2393 silly packumentCache full:https://registry.npmjs.org/spdx-exceptions set size:undefined disposed:false
2394 silly fetch manifest spdx-license-ids@^3.0.0
2395 silly packumentCache full:https://registry.npmjs.org/spdx-license-ids cache-miss
2396 http fetch GET 200 https://registry.npmjs.org/spdx-license-ids 154ms (cache miss)
2397 silly packumentCache full:https://registry.npmjs.org/spdx-license-ids set size:undefined disposed:false
2398 silly placeDep node_modules/@npmcli/promise-spawn which@6.0.1 OK for: @npmcli/promise-spawn@9.0.1 want: ^6.0.0
2399 silly placeDep ROOT @npmcli/node-gyp@5.0.0 OK for: @npmcli/run-script@10.0.3 want: ^5.0.0
2400 silly placeDep ROOT node-gyp@12.2.0 OK for: @npmcli/run-script@10.0.3 want: ^12.1.0
2401 silly placeDep node_modules/@npmcli/run-script which@6.0.1 OK for: @npmcli/run-script@10.0.3 want: ^6.0.0
2402 silly fetch manifest env-paths@^2.2.0
2403 silly packumentCache full:https://registry.npmjs.org/env-paths cache-miss
2404 http fetch GET 200 https://registry.npmjs.org/env-paths 87ms (cache miss)
2405 silly packumentCache full:https://registry.npmjs.org/env-paths set size:undefined disposed:false
2406 silly fetch manifest exponential-backoff@^3.1.1
2407 silly packumentCache full:https://registry.npmjs.org/exponential-backoff cache-miss
2408 http fetch GET 200 https://registry.npmjs.org/exponential-backoff 96ms (cache miss)
2409 silly packumentCache full:https://registry.npmjs.org/exponential-backoff set size:undefined disposed:false
2410 silly fetch manifest graceful-fs@^4.2.6
2411 silly packumentCache full:https://registry.npmjs.org/graceful-fs cache-miss
2412 http cache https://registry.npmjs.org/graceful-fs 9ms (cache hit)
2413 silly packumentCache full:https://registry.npmjs.org/graceful-fs set size:124285 disposed:false
2414 silly fetch manifest nopt@^9.0.0
2415 silly packumentCache full:https://registry.npmjs.org/nopt cache-miss
2416 http fetch GET 200 https://registry.npmjs.org/nopt 253ms (cache miss)
2417 silly packumentCache full:https://registry.npmjs.org/nopt set size:undefined disposed:false
2418 silly placeDep ROOT @npmcli/fs@5.0.0 OK for: cacache@20.0.3 want: ^5.0.0
2419 silly placeDep node_modules/cacache lru-cache@11.2.6 OK for: cacache@20.0.3 want: ^11.1.0
2420 silly placeDep ROOT minipass-collect@2.0.1 OK for: cacache@20.0.3 want: ^2.0.1
2421 silly placeDep ROOT minipass-flush@1.0.5 OK for: cacache@20.0.3 want: ^1.0.5
2422 silly placeDep ROOT minipass-pipeline@1.2.4 OK for: cacache@20.0.3 want: ^1.2.4
2423 silly placeDep ROOT p-map@7.0.4 OK for: cacache@20.0.3 want: ^7.0.2
2424 silly placeDep ROOT unique-filename@5.0.0 OK for: cacache@20.0.3 want: ^5.0.0
2425 silly fetch manifest minipass@^3.0.0
2426 silly packumentCache full:https://registry.npmjs.org/minipass cache-hit
2427 silly fetch manifest unique-slug@^6.0.0
2428 silly packumentCache full:https://registry.npmjs.org/unique-slug cache-miss
2429 http fetch GET 200 https://registry.npmjs.org/unique-slug 259ms (cache miss)
2430 silly packumentCache full:https://registry.npmjs.org/unique-slug set size:undefined disposed:false
2431 silly placeDep ROOT minimatch@10.2.2 OK for: glob@13.0.6 want: ^10.2.2
2432 silly placeDep ROOT path-scurry@2.0.2 OK for: glob@13.0.6 want: ^2.0.2
2433 silly fetch manifest brace-expansion@^5.0.2
2434 silly packumentCache full:https://registry.npmjs.org/brace-expansion cache-miss
2435 http fetch GET 200 https://registry.npmjs.org/brace-expansion 60ms (cache miss)
2436 silly packumentCache full:https://registry.npmjs.org/brace-expansion set size:undefined disposed:false
2437 silly fetch manifest lru-cache@^11.0.0
2438 silly packumentCache full:https://registry.npmjs.org/lru-cache cache-hit
2439 silly placeDep ROOT brace-expansion@5.0.3 OK for: minimatch@10.2.2 want: ^5.0.2
2440 silly fetch manifest balanced-match@^4.0.2
2441 silly packumentCache full:https://registry.npmjs.org/balanced-match cache-miss
2442 http fetch GET 200 https://registry.npmjs.org/balanced-match 109ms (cache miss)
2443 silly packumentCache full:https://registry.npmjs.org/balanced-match set size:undefined disposed:false
2444 silly placeDep ROOT balanced-match@4.0.4 OK for: brace-expansion@5.0.3 want: ^4.0.2
2445 silly placeDep node_modules/minipass-flush minipass@3.3.6 OK for: minipass-flush@1.0.5 want: ^3.0.0
2446 silly fetch manifest yallist@^4.0.0
2447 silly packumentCache full:https://registry.npmjs.org/yallist cache-hit
2448 silly placeDep node_modules/minipass-pipeline minipass@3.3.6 OK for: minipass-pipeline@1.2.4 want: ^3.0.0
2449 silly placeDep ROOT env-paths@2.2.1 OK for: node-gyp@12.2.0 want: ^2.2.0
2450 silly placeDep ROOT exponential-backoff@3.1.3 OK for: node-gyp@12.2.0 want: ^3.1.1
2451 silly placeDep ROOT graceful-fs@4.2.11 OK for: node-gyp@12.2.0 want: ^4.2.6
2452 silly placeDep ROOT make-fetch-happen@15.0.3 OK for: node-gyp@12.2.0 want: ^15.0.0
2453 silly placeDep ROOT nopt@9.0.0 OK for: node-gyp@12.2.0 want: ^9.0.0
2454 silly placeDep node_modules/node-gyp which@6.0.1 OK for: node-gyp@12.2.0 want: ^6.0.0
2455 silly fetch manifest @npmcli/agent@^4.0.0
2456 silly packumentCache full:https://registry.npmjs.org/@npmcli%2fagent cache-miss
2457 http fetch GET 200 https://registry.npmjs.org/@npmcli%2fagent 58ms (cache miss)
2458 silly packumentCache full:https://registry.npmjs.org/@npmcli%2fagent set size:undefined disposed:false
2459 silly fetch manifest http-cache-semantics@^4.1.1
2460 silly packumentCache full:https://registry.npmjs.org/http-cache-semantics cache-miss
2461 http fetch GET 200 https://registry.npmjs.org/http-cache-semantics 118ms (cache miss)
2462 silly packumentCache full:https://registry.npmjs.org/http-cache-semantics set size:undefined disposed:false
2463 silly fetch manifest abbrev@^4.0.0
2464 silly packumentCache full:https://registry.npmjs.org/abbrev cache-miss
2465 http fetch GET 200 https://registry.npmjs.org/abbrev 251ms (cache miss)
2466 silly packumentCache full:https://registry.npmjs.org/abbrev set size:undefined disposed:false
2467 silly placeDep ROOT @npmcli/agent@4.0.0 OK for: make-fetch-happen@15.0.3 want: ^4.0.0
2468 silly placeDep ROOT http-cache-semantics@4.2.0 OK for: make-fetch-happen@15.0.3 want: ^4.1.1
2469 silly placeDep ROOT minipass-fetch@5.0.2 OK for: make-fetch-happen@15.0.3 want: ^5.0.0
2470 silly fetch manifest socks-proxy-agent@^8.0.3
2471 silly packumentCache full:https://registry.npmjs.org/socks-proxy-agent cache-miss
2472 http fetch GET 200 https://registry.npmjs.org/socks-proxy-agent 48ms (cache miss)
2473 silly packumentCache full:https://registry.npmjs.org/socks-proxy-agent set size:undefined disposed:false
2474 silly fetch manifest minipass-sized@^2.0.0
2475 silly packumentCache full:https://registry.npmjs.org/minipass-sized cache-miss
2476 http fetch GET 200 https://registry.npmjs.org/minipass-sized 52ms (cache miss)
2477 silly packumentCache full:https://registry.npmjs.org/minipass-sized set size:undefined disposed:false
2478 silly placeDep node_modules/@npmcli/agent lru-cache@11.2.6 OK for: @npmcli/agent@4.0.0 want: ^11.2.1
2479 silly placeDep ROOT socks-proxy-agent@8.0.5 OK for: @npmcli/agent@4.0.0 want: ^8.0.3
2480 silly fetch manifest socks@^2.8.3
2481 silly packumentCache full:https://registry.npmjs.org/socks cache-miss
2482 http fetch GET 200 https://registry.npmjs.org/socks 99ms (cache miss)
2483 silly packumentCache full:https://registry.npmjs.org/socks set size:undefined disposed:false
2484 silly placeDep ROOT minipass-sized@2.0.0 OK for: minipass-fetch@5.0.2 want: ^2.0.0
2485 silly placeDep ROOT minizlib@3.1.0 OK for: minipass-fetch@5.0.2 want: ^3.0.1
2486 silly placeDep ROOT abbrev@4.0.0 OK for: nopt@9.0.0 want: ^4.0.0
2487 silly placeDep ROOT ignore-walk@8.0.0 OK for: npm-packlist@10.0.4 want: ^8.0.0
2488 silly placeDep ROOT npm-install-checks@8.0.0 OK for: npm-pick-manifest@11.0.3 want: ^8.0.0
2489 silly placeDep ROOT @npmcli/redact@4.0.0 OK for: npm-registry-fetch@19.1.1 want: ^4.0.0
2490 silly placeDep ROOT jsonparse@1.3.1 OK for: npm-registry-fetch@19.1.1 want: ^1.3.1
2491 silly placeDep node_modules/parse5 entities@6.0.1 OK for: parse5@8.0.0 want: ^6.0.0
2492 silly placeDep node_modules/parse5-html-rewriting-stream entities@6.0.1 OK for: parse5-html-rewriting-stream@8.0.0 want: ^6.0.0
2493 silly placeDep ROOT parse5-sax-parser@8.0.0 OK for: parse5-html-rewriting-stream@8.0.0 want: ^8.0.0
2494 silly placeDep node_modules/path-scurry lru-cache@11.2.6 OK for: path-scurry@2.0.2 want: ^11.0.0
2495 silly placeDep ROOT @napi-rs/nice@1.1.1 OK for: piscina@5.1.4 want: ^1.0.4
2496 silly fetch manifest @napi-rs/nice-darwin-x64@1.1.1
2497 silly packumentCache full:https://registry.npmjs.org/@napi-rs%2fnice-darwin-x64 cache-miss
2498 http fetch GET 200 https://registry.npmjs.org/@napi-rs%2fnice-darwin-x64 85ms (cache miss)
2499 silly packumentCache full:https://registry.npmjs.org/@napi-rs%2fnice-darwin-x64 set size:undefined disposed:false
2500 silly fetch manifest @napi-rs/nice-darwin-arm64@1.1.1
2501 silly packumentCache full:https://registry.npmjs.org/@napi-rs%2fnice-darwin-arm64 cache-miss
2502 http fetch GET 200 https://registry.npmjs.org/@napi-rs%2fnice-darwin-arm64 222ms (cache miss)
2503 silly packumentCache full:https://registry.npmjs.org/@napi-rs%2fnice-darwin-arm64 set size:undefined disposed:false
2504 silly fetch manifest @napi-rs/nice-linux-x64-gnu@1.1.1
2505 silly packumentCache full:https://registry.npmjs.org/@napi-rs%2fnice-linux-x64-gnu cache-miss
2506 http fetch GET 200 https://registry.npmjs.org/@napi-rs%2fnice-linux-x64-gnu 169ms (cache miss)
2507 silly packumentCache full:https://registry.npmjs.org/@napi-rs%2fnice-linux-x64-gnu set size:undefined disposed:false
2508 silly fetch manifest @napi-rs/nice-win32-x64-msvc@1.1.1
2509 silly packumentCache full:https://registry.npmjs.org/@napi-rs%2fnice-win32-x64-msvc cache-miss
2510 http fetch GET 200 https://registry.npmjs.org/@napi-rs%2fnice-win32-x64-msvc 183ms (cache miss)
2511 silly packumentCache full:https://registry.npmjs.org/@napi-rs%2fnice-win32-x64-msvc set size:undefined disposed:false
2512 silly fetch manifest @napi-rs/nice-linux-x64-musl@1.1.1
2513 silly packumentCache full:https://registry.npmjs.org/@napi-rs%2fnice-linux-x64-musl cache-miss
2514 http fetch GET 200 https://registry.npmjs.org/@napi-rs%2fnice-linux-x64-musl 220ms (cache miss)
2515 silly packumentCache full:https://registry.npmjs.org/@napi-rs%2fnice-linux-x64-musl set size:undefined disposed:false
2516 silly fetch manifest @napi-rs/nice-linux-arm64-gnu@1.1.1
2517 silly packumentCache full:https://registry.npmjs.org/@napi-rs%2fnice-linux-arm64-gnu cache-miss
2518 http fetch GET 200 https://registry.npmjs.org/@napi-rs%2fnice-linux-arm64-gnu 101ms (cache miss)
2519 silly packumentCache full:https://registry.npmjs.org/@napi-rs%2fnice-linux-arm64-gnu set size:undefined disposed:false
2520 silly fetch manifest @napi-rs/nice-win32-ia32-msvc@1.1.1
2521 silly packumentCache full:https://registry.npmjs.org/@napi-rs%2fnice-win32-ia32-msvc cache-miss
2522 http fetch GET 200 https://registry.npmjs.org/@napi-rs%2fnice-win32-ia32-msvc 100ms (cache miss)
2523 silly packumentCache full:https://registry.npmjs.org/@napi-rs%2fnice-win32-ia32-msvc set size:undefined disposed:false
2524 silly fetch manifest @napi-rs/nice-linux-arm-gnueabihf@1.1.1
2525 silly packumentCache full:https://registry.npmjs.org/@napi-rs%2fnice-linux-arm-gnueabihf cache-miss
2526 http fetch GET 200 https://registry.npmjs.org/@napi-rs%2fnice-linux-arm-gnueabihf 167ms (cache miss)
2527 silly packumentCache full:https://registry.npmjs.org/@napi-rs%2fnice-linux-arm-gnueabihf set size:undefined disposed:false
2528 silly fetch manifest @napi-rs/nice-android-arm64@1.1.1
2529 silly packumentCache full:https://registry.npmjs.org/@napi-rs%2fnice-android-arm64 cache-miss
2530 http fetch GET 200 https://registry.npmjs.org/@napi-rs%2fnice-android-arm64 167ms (cache miss)
2531 silly packumentCache full:https://registry.npmjs.org/@napi-rs%2fnice-android-arm64 set size:undefined disposed:false
2532 silly fetch manifest @napi-rs/nice-freebsd-x64@1.1.1
2533 silly packumentCache full:https://registry.npmjs.org/@napi-rs%2fnice-freebsd-x64 cache-miss
2534 http fetch GET 200 https://registry.npmjs.org/@napi-rs%2fnice-freebsd-x64 103ms (cache miss)
2535 silly packumentCache full:https://registry.npmjs.org/@napi-rs%2fnice-freebsd-x64 set size:undefined disposed:false
2536 silly fetch manifest @napi-rs/nice-linux-arm64-musl@1.1.1
2537 silly packumentCache full:https://registry.npmjs.org/@napi-rs%2fnice-linux-arm64-musl cache-miss
2538 http fetch GET 200 https://registry.npmjs.org/@napi-rs%2fnice-linux-arm64-musl 97ms (cache miss)
2539 silly packumentCache full:https://registry.npmjs.org/@napi-rs%2fnice-linux-arm64-musl set size:undefined disposed:false
2540 silly fetch manifest @napi-rs/nice-android-arm-eabi@1.1.1
2541 silly packumentCache full:https://registry.npmjs.org/@napi-rs%2fnice-android-arm-eabi cache-miss
2542 http fetch GET 200 https://registry.npmjs.org/@napi-rs%2fnice-android-arm-eabi 158ms (cache miss)
2543 silly packumentCache full:https://registry.npmjs.org/@napi-rs%2fnice-android-arm-eabi set size:undefined disposed:false
2544 silly fetch manifest @napi-rs/nice-win32-arm64-msvc@1.1.1
2545 silly packumentCache full:https://registry.npmjs.org/@napi-rs%2fnice-win32-arm64-msvc cache-miss
2546 http fetch GET 200 https://registry.npmjs.org/@napi-rs%2fnice-win32-arm64-msvc 98ms (cache miss)
2547 silly packumentCache full:https://registry.npmjs.org/@napi-rs%2fnice-win32-arm64-msvc set size:undefined disposed:false
2548 silly fetch manifest @napi-rs/nice-linux-ppc64-gnu@1.1.1
2549 silly packumentCache full:https://registry.npmjs.org/@napi-rs%2fnice-linux-ppc64-gnu cache-miss
2550 http fetch GET 200 https://registry.npmjs.org/@napi-rs%2fnice-linux-ppc64-gnu 182ms (cache miss)
2551 silly packumentCache full:https://registry.npmjs.org/@napi-rs%2fnice-linux-ppc64-gnu set size:undefined disposed:false
2552 silly fetch manifest @napi-rs/nice-linux-s390x-gnu@1.1.1
2553 silly packumentCache full:https://registry.npmjs.org/@napi-rs%2fnice-linux-s390x-gnu cache-miss
2554 http fetch GET 200 https://registry.npmjs.org/@napi-rs%2fnice-linux-s390x-gnu 76ms (cache miss)
2555 silly packumentCache full:https://registry.npmjs.org/@napi-rs%2fnice-linux-s390x-gnu set size:undefined disposed:false
2556 silly fetch manifest @napi-rs/nice-linux-riscv64-gnu@1.1.1
2557 silly packumentCache full:https://registry.npmjs.org/@napi-rs%2fnice-linux-riscv64-gnu cache-miss
2558 http fetch GET 200 https://registry.npmjs.org/@napi-rs%2fnice-linux-riscv64-gnu 163ms (cache miss)
2559 silly packumentCache full:https://registry.npmjs.org/@napi-rs%2fnice-linux-riscv64-gnu set size:undefined disposed:false
2560 silly fetch manifest @napi-rs/nice-openharmony-arm64@1.1.1
2561 silly packumentCache full:https://registry.npmjs.org/@napi-rs%2fnice-openharmony-arm64 cache-miss
2562 http fetch GET 200 https://registry.npmjs.org/@napi-rs%2fnice-openharmony-arm64 151ms (cache miss)
2563 silly packumentCache full:https://registry.npmjs.org/@napi-rs%2fnice-openharmony-arm64 set size:undefined disposed:false
2564 silly placeDep ROOT @napi-rs/nice-android-arm-eabi@1.1.1 OK for: @napi-rs/nice@1.1.1 want: 1.1.1
2565 silly placeDep ROOT @napi-rs/nice-android-arm64@1.1.1 OK for: @napi-rs/nice@1.1.1 want: 1.1.1
2566 silly placeDep ROOT @napi-rs/nice-darwin-arm64@1.1.1 OK for: @napi-rs/nice@1.1.1 want: 1.1.1
2567 silly placeDep ROOT @napi-rs/nice-darwin-x64@1.1.1 OK for: @napi-rs/nice@1.1.1 want: 1.1.1
2568 silly placeDep ROOT @napi-rs/nice-freebsd-x64@1.1.1 OK for: @napi-rs/nice@1.1.1 want: 1.1.1
2569 silly placeDep ROOT @napi-rs/nice-linux-arm-gnueabihf@1.1.1 OK for: @napi-rs/nice@1.1.1 want: 1.1.1
2570 silly placeDep ROOT @napi-rs/nice-linux-arm64-gnu@1.1.1 OK for: @napi-rs/nice@1.1.1 want: 1.1.1
2571 silly placeDep ROOT @napi-rs/nice-linux-arm64-musl@1.1.1 OK for: @napi-rs/nice@1.1.1 want: 1.1.1
2572 silly placeDep ROOT @napi-rs/nice-linux-ppc64-gnu@1.1.1 OK for: @napi-rs/nice@1.1.1 want: 1.1.1
2573 silly placeDep ROOT @napi-rs/nice-linux-riscv64-gnu@1.1.1 OK for: @napi-rs/nice@1.1.1 want: 1.1.1
2574 silly placeDep ROOT @napi-rs/nice-linux-s390x-gnu@1.1.1 OK for: @napi-rs/nice@1.1.1 want: 1.1.1
2575 silly placeDep ROOT @napi-rs/nice-linux-x64-gnu@1.1.1 OK for: @napi-rs/nice@1.1.1 want: 1.1.1
2576 silly placeDep ROOT @napi-rs/nice-linux-x64-musl@1.1.1 OK for: @napi-rs/nice@1.1.1 want: 1.1.1
2577 silly placeDep ROOT @napi-rs/nice-openharmony-arm64@1.1.1 OK for: @napi-rs/nice@1.1.1 want: 1.1.1
2578 silly placeDep ROOT @napi-rs/nice-win32-arm64-msvc@1.1.1 OK for: @napi-rs/nice@1.1.1 want: 1.1.1
2579 silly placeDep ROOT @napi-rs/nice-win32-ia32-msvc@1.1.1 OK for: @napi-rs/nice@1.1.1 want: 1.1.1
2580 silly placeDep ROOT @napi-rs/nice-win32-x64-msvc@1.1.1 OK for: @napi-rs/nice@1.1.1 want: 1.1.1
2581 silly placeDep ROOT nanoid@3.3.11 OK for: postcss@8.5.6 want: ^3.3.11
2582 silly placeDep ROOT err-code@2.0.3 OK for: promise-retry@2.0.1 want: ^2.0.2
2583 silly placeDep ROOT retry@0.12.0 OK for: promise-retry@2.0.1 want: ^0.12.0
2584 silly placeDep ROOT forwarded@0.2.0 OK for: proxy-addr@2.0.7 want: 0.2.0
2585 silly placeDep ROOT ipaddr.js@1.9.1 OK for: proxy-addr@2.0.7 want: 1.9.1
2586 silly placeDep ROOT side-channel@1.1.0 OK for: qs@6.15.0 want: ^1.1.0
2587 silly fetch manifest es-errors@^1.3.0
2588 silly packumentCache full:https://registry.npmjs.org/es-errors cache-miss
2589 http fetch GET 200 https://registry.npmjs.org/es-errors 44ms (cache miss)
2590 silly packumentCache full:https://registry.npmjs.org/es-errors set size:undefined disposed:false
2591 silly fetch manifest object-inspect@^1.13.3
2592 silly packumentCache full:https://registry.npmjs.org/object-inspect cache-miss
2593 http fetch GET 200 https://registry.npmjs.org/object-inspect 51ms (cache miss)
2594 silly packumentCache full:https://registry.npmjs.org/object-inspect set size:undefined disposed:false
2595 silly fetch manifest side-channel-list@^1.0.0
2596 silly packumentCache full:https://registry.npmjs.org/side-channel-list cache-miss
2597 http fetch GET 200 https://registry.npmjs.org/side-channel-list 62ms (cache miss)
2598 silly packumentCache full:https://registry.npmjs.org/side-channel-list set size:undefined disposed:false
2599 silly fetch manifest side-channel-map@^1.0.1
2600 silly packumentCache full:https://registry.npmjs.org/side-channel-map cache-miss
2601 http fetch GET 200 https://registry.npmjs.org/side-channel-map 51ms (cache miss)
2602 silly packumentCache full:https://registry.npmjs.org/side-channel-map set size:undefined disposed:false
2603 silly fetch manifest side-channel-weakmap@^1.0.2
2604 silly packumentCache full:https://registry.npmjs.org/side-channel-weakmap cache-miss
2605 http fetch GET 200 https://registry.npmjs.org/side-channel-weakmap 41ms (cache miss)
2606 silly packumentCache full:https://registry.npmjs.org/side-channel-weakmap set size:undefined disposed:false
2607 silly placeDep ROOT unpipe@1.0.0 OK for: raw-body@3.0.2 want: ~1.0.0
2608 silly placeDep ROOT is-core-module@2.16.1 OK for: resolve@1.22.11 want: ^2.16.1
2609 silly placeDep ROOT path-parse@1.0.7 OK for: resolve@1.22.11 want: ^1.0.7
2610 silly placeDep ROOT supports-preserve-symlinks-flag@1.0.0 OK for: resolve@1.22.11 want: ^1.0.0
2611 silly fetch manifest hasown@^2.0.2
2612 silly packumentCache full:https://registry.npmjs.org/hasown cache-miss
2613 http fetch GET 200 https://registry.npmjs.org/hasown 46ms (cache miss)
2614 silly packumentCache full:https://registry.npmjs.org/hasown set size:undefined disposed:false
2615 silly placeDep ROOT hasown@2.0.2 OK for: is-core-module@2.16.1 want: ^2.0.2
2616 silly fetch manifest function-bind@^1.1.2
2617 silly packumentCache full:https://registry.npmjs.org/function-bind cache-miss
2618 http fetch GET 200 https://registry.npmjs.org/function-bind 46ms (cache miss)
2619 silly packumentCache full:https://registry.npmjs.org/function-bind set size:undefined disposed:false
2620 silly placeDep ROOT function-bind@1.1.2 OK for: hasown@2.0.2 want: ^1.1.2
2621 silly placeDep ROOT onetime@7.0.0 OK for: restore-cursor@5.1.0 want: ^7.0.0
2622 silly fetch manifest mimic-function@^5.0.0
2623 silly packumentCache full:https://registry.npmjs.org/mimic-function cache-miss
2624 http fetch GET 200 https://registry.npmjs.org/mimic-function 47ms (cache miss)
2625 silly packumentCache full:https://registry.npmjs.org/mimic-function set size:undefined disposed:false
2626 silly placeDep ROOT mimic-function@5.0.1 OK for: onetime@7.0.0 want: ^5.0.0
2627 silly placeDep ROOT @oxc-project/types@0.106.0 OK for: rolldown@1.0.0-beta.58 want: =0.106.0
2628 silly placeDep ROOT @rolldown/binding-android-arm64@1.0.0-beta.58 OK for: rolldown@1.0.0-beta.58 want: 1.0.0-beta.58
2629 silly placeDep ROOT @rolldown/binding-darwin-arm64@1.0.0-beta.58 OK for: rolldown@1.0.0-beta.58 want: 1.0.0-beta.58
2630 silly placeDep ROOT @rolldown/binding-darwin-x64@1.0.0-beta.58 OK for: rolldown@1.0.0-beta.58 want: 1.0.0-beta.58
2631 silly placeDep ROOT @rolldown/binding-freebsd-x64@1.0.0-beta.58 OK for: rolldown@1.0.0-beta.58 want: 1.0.0-beta.58
2632 silly placeDep ROOT @rolldown/binding-linux-arm-gnueabihf@1.0.0-beta.58 OK for: rolldown@1.0.0-beta.58 want: 1.0.0-beta.58
2633 silly placeDep ROOT @rolldown/binding-linux-arm64-gnu@1.0.0-beta.58 OK for: rolldown@1.0.0-beta.58 want: 1.0.0-beta.58
2634 silly placeDep ROOT @rolldown/binding-linux-arm64-musl@1.0.0-beta.58 OK for: rolldown@1.0.0-beta.58 want: 1.0.0-beta.58
2635 silly placeDep ROOT @rolldown/binding-linux-x64-gnu@1.0.0-beta.58 OK for: rolldown@1.0.0-beta.58 want: 1.0.0-beta.58
2636 silly placeDep ROOT @rolldown/binding-linux-x64-musl@1.0.0-beta.58 OK for: rolldown@1.0.0-beta.58 want: 1.0.0-beta.58
2637 silly placeDep ROOT @rolldown/binding-openharmony-arm64@1.0.0-beta.58 OK for: rolldown@1.0.0-beta.58 want: 1.0.0-beta.58
2638 silly placeDep ROOT @rolldown/binding-wasm32-wasi@1.0.0-beta.58 OK for: rolldown@1.0.0-beta.58 want: 1.0.0-beta.58
2639 silly placeDep ROOT @rolldown/binding-win32-arm64-msvc@1.0.0-beta.58 OK for: rolldown@1.0.0-beta.58 want: 1.0.0-beta.58
2640 silly placeDep ROOT @rolldown/binding-win32-x64-msvc@1.0.0-beta.58 OK for: rolldown@1.0.0-beta.58 want: 1.0.0-beta.58
2641 silly placeDep ROOT @rolldown/pluginutils@1.0.0-beta.58 OK for: rolldown@1.0.0-beta.58 want: 1.0.0-beta.58
2642 silly fetch manifest @napi-rs/wasm-runtime@^1.1.1
2643 silly packumentCache full:https://registry.npmjs.org/@napi-rs%2fwasm-runtime cache-miss
2644 http fetch GET 200 https://registry.npmjs.org/@napi-rs%2fwasm-runtime 68ms (cache miss)
2645 silly packumentCache full:https://registry.npmjs.org/@napi-rs%2fwasm-runtime set size:undefined disposed:false
2646 silly placeDep ROOT @napi-rs/wasm-runtime@1.1.1 OK for: @rolldown/binding-wasm32-wasi@1.0.0-beta.58 want: ^1.1.1
2647 silly fetch manifest @emnapi/core@^1.7.1
2648 silly packumentCache full:https://registry.npmjs.org/@emnapi%2fcore cache-miss
2649 http fetch GET 200 https://registry.npmjs.org/@emnapi%2fcore 65ms (cache miss)
2650 silly packumentCache full:https://registry.npmjs.org/@emnapi%2fcore set size:undefined disposed:false
2651 silly fetch manifest @emnapi/runtime@^1.7.1
2652 silly packumentCache full:https://registry.npmjs.org/@emnapi%2fruntime cache-miss
2653 http fetch GET 200 https://registry.npmjs.org/@emnapi%2fruntime 59ms (cache miss)
2654 silly packumentCache full:https://registry.npmjs.org/@emnapi%2fruntime set size:undefined disposed:false
2655 silly fetch manifest @tybys/wasm-util@^0.10.1
2656 silly packumentCache full:https://registry.npmjs.org/@tybys%2fwasm-util cache-miss
2657 http fetch GET 200 https://registry.npmjs.org/@tybys%2fwasm-util 78ms (cache miss)
2658 silly packumentCache full:https://registry.npmjs.org/@tybys%2fwasm-util set size:undefined disposed:false
2659 silly placeDep ROOT @emnapi/core@1.8.1 OK for: @napi-rs/wasm-runtime@1.1.1 want: ^1.7.1
2660 silly placeDep ROOT @emnapi/runtime@1.8.1 OK for: @napi-rs/wasm-runtime@1.1.1 want: ^1.7.1
2661 silly placeDep ROOT @tybys/wasm-util@0.10.1 OK for: @napi-rs/wasm-runtime@1.1.1 want: ^0.10.1
2662 silly fetch manifest @emnapi/wasi-threads@1.1.0
2663 silly packumentCache full:https://registry.npmjs.org/@emnapi%2fwasi-threads cache-miss
2664 http fetch GET 200 https://registry.npmjs.org/@emnapi%2fwasi-threads 61ms (cache miss)
2665 silly packumentCache full:https://registry.npmjs.org/@emnapi%2fwasi-threads set size:undefined disposed:false
2666 silly placeDep ROOT @emnapi/wasi-threads@1.1.0 OK for: @emnapi/core@1.8.1 want: 1.1.0
2667 silly placeDep ROOT is-promise@4.0.0 OK for: router@2.2.0 want: ^4.0.0
2668 silly placeDep ROOT path-to-regexp@8.3.0 OK for: router@2.2.0 want: ^8.0.0
2669 silly placeDep ROOT @parcel/watcher@2.5.6 OK for: sass@1.97.1 want: ^2.4.1
2670 silly placeDep node_modules/sass chokidar@4.0.3 OK for: sass@1.97.1 want: ^4.0.0
2671 silly placeDep ROOT immutable@5.1.4 OK for: sass@1.97.1 want: ^5.0.2
2672 silly fetch manifest is-glob@^4.0.3
2673 silly packumentCache full:https://registry.npmjs.org/is-glob cache-miss
2674 http fetch GET 200 https://registry.npmjs.org/is-glob 54ms (cache miss)
2675 silly packumentCache full:https://registry.npmjs.org/is-glob set size:undefined disposed:false
2676 silly fetch manifest node-addon-api@^7.0.0
2677 silly packumentCache full:https://registry.npmjs.org/node-addon-api cache-miss
2678 http cache https://registry.npmjs.org/node-addon-api 32ms (cache hit)
2679 silly packumentCache full:https://registry.npmjs.org/node-addon-api set size:328136 disposed:false
2680 silly fetch manifest @parcel/watcher-darwin-x64@2.5.6
2681 silly packumentCache full:https://registry.npmjs.org/@parcel%2fwatcher-darwin-x64 cache-miss
2682 http fetch GET 200 https://registry.npmjs.org/@parcel%2fwatcher-darwin-x64 129ms (cache miss)
2683 silly packumentCache full:https://registry.npmjs.org/@parcel%2fwatcher-darwin-x64 set size:undefined disposed:false
2684 silly fetch manifest @parcel/watcher-darwin-arm64@2.5.6
2685 silly packumentCache full:https://registry.npmjs.org/@parcel%2fwatcher-darwin-arm64 cache-miss
2686 http fetch GET 200 https://registry.npmjs.org/@parcel%2fwatcher-darwin-arm64 213ms (cache miss)
2687 silly packumentCache full:https://registry.npmjs.org/@parcel%2fwatcher-darwin-arm64 set size:undefined disposed:false
2688 silly fetch manifest @parcel/watcher-win32-x64@2.5.6
2689 silly packumentCache full:https://registry.npmjs.org/@parcel%2fwatcher-win32-x64 cache-miss
2690 http fetch GET 200 https://registry.npmjs.org/@parcel%2fwatcher-win32-x64 66ms (cache miss)
2691 silly packumentCache full:https://registry.npmjs.org/@parcel%2fwatcher-win32-x64 set size:undefined disposed:false
2692 silly fetch manifest @parcel/watcher-win32-arm64@2.5.6
2693 silly packumentCache full:https://registry.npmjs.org/@parcel%2fwatcher-win32-arm64 cache-miss
2694 http fetch GET 200 https://registry.npmjs.org/@parcel%2fwatcher-win32-arm64 274ms (cache miss)
2695 silly packumentCache full:https://registry.npmjs.org/@parcel%2fwatcher-win32-arm64 set size:undefined disposed:false
2696 silly fetch manifest @parcel/watcher-win32-ia32@2.5.6
2697 silly packumentCache full:https://registry.npmjs.org/@parcel%2fwatcher-win32-ia32 cache-miss
2698 http fetch GET 200 https://registry.npmjs.org/@parcel%2fwatcher-win32-ia32 129ms (cache miss)
2699 silly packumentCache full:https://registry.npmjs.org/@parcel%2fwatcher-win32-ia32 set size:undefined disposed:false
2700 silly fetch manifest @parcel/watcher-linux-x64-glibc@2.5.6
2701 silly packumentCache full:https://registry.npmjs.org/@parcel%2fwatcher-linux-x64-glibc cache-miss
2702 http fetch GET 200 https://registry.npmjs.org/@parcel%2fwatcher-linux-x64-glibc 126ms (cache miss)
2703 silly packumentCache full:https://registry.npmjs.org/@parcel%2fwatcher-linux-x64-glibc set size:undefined disposed:false
2704 silly fetch manifest @parcel/watcher-linux-x64-musl@2.5.6
2705 silly packumentCache full:https://registry.npmjs.org/@parcel%2fwatcher-linux-x64-musl cache-miss
2706 http fetch GET 200 https://registry.npmjs.org/@parcel%2fwatcher-linux-x64-musl 139ms (cache miss)
2707 silly packumentCache full:https://registry.npmjs.org/@parcel%2fwatcher-linux-x64-musl set size:undefined disposed:false
2708 silly fetch manifest @parcel/watcher-linux-arm64-glibc@2.5.6
2709 silly packumentCache full:https://registry.npmjs.org/@parcel%2fwatcher-linux-arm64-glibc cache-miss
2710 http fetch GET 200 https://registry.npmjs.org/@parcel%2fwatcher-linux-arm64-glibc 141ms (cache miss)
2711 silly packumentCache full:https://registry.npmjs.org/@parcel%2fwatcher-linux-arm64-glibc set size:undefined disposed:false
2712 silly fetch manifest @parcel/watcher-linux-arm64-musl@2.5.6
2713 silly packumentCache full:https://registry.npmjs.org/@parcel%2fwatcher-linux-arm64-musl cache-miss
2714 http fetch GET 200 https://registry.npmjs.org/@parcel%2fwatcher-linux-arm64-musl 180ms (cache miss)
2715 silly packumentCache full:https://registry.npmjs.org/@parcel%2fwatcher-linux-arm64-musl set size:undefined disposed:false
2716 silly fetch manifest @parcel/watcher-linux-arm-glibc@2.5.6
2717 silly packumentCache full:https://registry.npmjs.org/@parcel%2fwatcher-linux-arm-glibc cache-miss
2718 http fetch GET 200 https://registry.npmjs.org/@parcel%2fwatcher-linux-arm-glibc 378ms (cache miss)
2719 silly packumentCache full:https://registry.npmjs.org/@parcel%2fwatcher-linux-arm-glibc set size:undefined disposed:false
2720 silly fetch manifest @parcel/watcher-linux-arm-musl@2.5.6
2721 silly packumentCache full:https://registry.npmjs.org/@parcel%2fwatcher-linux-arm-musl cache-miss
2722 http fetch GET 200 https://registry.npmjs.org/@parcel%2fwatcher-linux-arm-musl 268ms (cache miss)
2723 silly packumentCache full:https://registry.npmjs.org/@parcel%2fwatcher-linux-arm-musl set size:undefined disposed:false
2724 silly fetch manifest @parcel/watcher-android-arm64@2.5.6
2725 silly packumentCache full:https://registry.npmjs.org/@parcel%2fwatcher-android-arm64 cache-miss
2726 http fetch GET 200 https://registry.npmjs.org/@parcel%2fwatcher-android-arm64 246ms (cache miss)
2727 silly packumentCache full:https://registry.npmjs.org/@parcel%2fwatcher-android-arm64 set size:undefined disposed:false
2728 silly fetch manifest @parcel/watcher-freebsd-x64@2.5.6
2729 silly packumentCache full:https://registry.npmjs.org/@parcel%2fwatcher-freebsd-x64 cache-miss
2730 http fetch GET 200 https://registry.npmjs.org/@parcel%2fwatcher-freebsd-x64 254ms (cache miss)
2731 silly packumentCache full:https://registry.npmjs.org/@parcel%2fwatcher-freebsd-x64 set size:undefined disposed:false
2732 silly fetch manifest readdirp@^4.0.1
2733 silly packumentCache full:https://registry.npmjs.org/readdirp cache-miss
2734 http cache https://registry.npmjs.org/readdirp 18ms (cache hit)
2735 silly packumentCache full:https://registry.npmjs.org/readdirp set size:107589 disposed:false
2736 silly placeDep ROOT @parcel/watcher-android-arm64@2.5.6 OK for: @parcel/watcher@2.5.6 want: 2.5.6
2737 silly placeDep ROOT @parcel/watcher-darwin-arm64@2.5.6 OK for: @parcel/watcher@2.5.6 want: 2.5.6
2738 silly placeDep ROOT @parcel/watcher-darwin-x64@2.5.6 OK for: @parcel/watcher@2.5.6 want: 2.5.6
2739 silly placeDep ROOT @parcel/watcher-freebsd-x64@2.5.6 OK for: @parcel/watcher@2.5.6 want: 2.5.6
2740 silly placeDep ROOT @parcel/watcher-linux-arm-glibc@2.5.6 OK for: @parcel/watcher@2.5.6 want: 2.5.6
2741 silly placeDep ROOT @parcel/watcher-linux-arm-musl@2.5.6 OK for: @parcel/watcher@2.5.6 want: 2.5.6
2742 silly placeDep ROOT @parcel/watcher-linux-arm64-glibc@2.5.6 OK for: @parcel/watcher@2.5.6 want: 2.5.6
2743 silly placeDep ROOT @parcel/watcher-linux-arm64-musl@2.5.6 OK for: @parcel/watcher@2.5.6 want: 2.5.6
2744 silly placeDep ROOT @parcel/watcher-linux-x64-glibc@2.5.6 OK for: @parcel/watcher@2.5.6 want: 2.5.6
2745 silly placeDep ROOT @parcel/watcher-linux-x64-musl@2.5.6 OK for: @parcel/watcher@2.5.6 want: 2.5.6
2746 silly placeDep ROOT @parcel/watcher-win32-arm64@2.5.6 OK for: @parcel/watcher@2.5.6 want: 2.5.6
2747 silly placeDep ROOT @parcel/watcher-win32-ia32@2.5.6 OK for: @parcel/watcher@2.5.6 want: 2.5.6
2748 silly placeDep ROOT @parcel/watcher-win32-x64@2.5.6 OK for: @parcel/watcher@2.5.6 want: 2.5.6
2749 silly placeDep ROOT is-glob@4.0.3 OK for: @parcel/watcher@2.5.6 want: ^4.0.3
2750 silly placeDep node_modules/@parcel/watcher node-addon-api@7.1.1 OK for: @parcel/watcher@2.5.6 want: ^7.0.0
2751 silly fetch manifest is-extglob@^2.1.1
2752 silly packumentCache full:https://registry.npmjs.org/is-extglob cache-miss
2753 http fetch GET 200 https://registry.npmjs.org/is-extglob 198ms (cache miss)
2754 silly packumentCache full:https://registry.npmjs.org/is-extglob set size:undefined disposed:false
2755 silly placeDep ROOT is-extglob@2.1.1 OK for: is-glob@4.0.3 want: ^2.1.1
2756 silly placeDep ROOT xmlchars@2.2.0 OK for: saxes@6.0.0 want: ^2.2.0
2757 silly placeDep ROOT shebang-regex@3.0.0 OK for: shebang-command@2.0.0 want: ^3.0.0
2758 silly placeDep ROOT es-errors@1.3.0 OK for: side-channel@1.1.0 want: ^1.3.0
2759 silly placeDep ROOT object-inspect@1.13.4 OK for: side-channel@1.1.0 want: ^1.13.3
2760 silly placeDep ROOT side-channel-list@1.0.0 OK for: side-channel@1.1.0 want: ^1.0.0
2761 silly placeDep ROOT side-channel-map@1.0.1 OK for: side-channel@1.1.0 want: ^1.0.1
2762 silly placeDep ROOT side-channel-weakmap@1.0.2 OK for: side-channel@1.1.0 want: ^1.0.2
2763 silly fetch manifest call-bound@^1.0.2
2764 silly packumentCache full:https://registry.npmjs.org/call-bound cache-miss
2765 http fetch GET 200 https://registry.npmjs.org/call-bound 399ms (cache miss)
2766 silly packumentCache full:https://registry.npmjs.org/call-bound set size:undefined disposed:false
2767 silly fetch manifest get-intrinsic@^1.2.5
2768 silly packumentCache full:https://registry.npmjs.org/get-intrinsic cache-miss
2769 http fetch GET 200 https://registry.npmjs.org/get-intrinsic 89ms (cache miss)
2770 silly packumentCache full:https://registry.npmjs.org/get-intrinsic set size:undefined disposed:false
2771 silly placeDep ROOT call-bound@1.0.4 OK for: side-channel-map@1.0.1 want: ^1.0.2
2772 silly placeDep ROOT get-intrinsic@1.3.0 OK for: side-channel-map@1.0.1 want: ^1.2.5
2773 silly fetch manifest call-bind-apply-helpers@^1.0.2
2774 silly packumentCache full:https://registry.npmjs.org/call-bind-apply-helpers cache-miss
2775 http fetch GET 200 https://registry.npmjs.org/call-bind-apply-helpers 58ms (cache miss)
2776 silly packumentCache full:https://registry.npmjs.org/call-bind-apply-helpers set size:undefined disposed:false
2777 silly fetch manifest get-intrinsic@^1.3.0
2778 silly packumentCache full:https://registry.npmjs.org/get-intrinsic cache-miss
2779 http cache https://registry.npmjs.org/get-intrinsic 6ms (cache hit)
2780 silly packumentCache full:https://registry.npmjs.org/get-intrinsic set size:60985 disposed:false
2781 silly fetch manifest gopd@^1.2.0
2782 silly packumentCache full:https://registry.npmjs.org/gopd cache-miss
2783 http fetch GET 200 https://registry.npmjs.org/gopd 32ms (cache miss)
2784 silly packumentCache full:https://registry.npmjs.org/gopd set size:undefined disposed:false
2785 silly fetch manifest get-proto@^1.0.1
2786 silly packumentCache full:https://registry.npmjs.org/get-proto cache-miss
2787 http fetch GET 200 https://registry.npmjs.org/get-proto 51ms (cache miss)
2788 silly packumentCache full:https://registry.npmjs.org/get-proto set size:undefined disposed:false
2789 silly fetch manifest has-symbols@^1.1.0
2790 silly packumentCache full:https://registry.npmjs.org/has-symbols cache-miss
2791 http fetch GET 200 https://registry.npmjs.org/has-symbols 39ms (cache miss)
2792 silly packumentCache full:https://registry.npmjs.org/has-symbols set size:undefined disposed:false
2793 silly fetch manifest es-object-atoms@^1.1.1
2794 silly packumentCache full:https://registry.npmjs.org/es-object-atoms cache-miss
2795 http fetch GET 200 https://registry.npmjs.org/es-object-atoms 36ms (cache miss)
2796 silly packumentCache full:https://registry.npmjs.org/es-object-atoms set size:undefined disposed:false
2797 silly fetch manifest math-intrinsics@^1.1.0
2798 silly packumentCache full:https://registry.npmjs.org/math-intrinsics cache-miss
2799 http fetch GET 200 https://registry.npmjs.org/math-intrinsics 51ms (cache miss)
2800 silly packumentCache full:https://registry.npmjs.org/math-intrinsics set size:undefined disposed:false
2801 silly fetch manifest es-define-property@^1.0.1
2802 silly packumentCache full:https://registry.npmjs.org/es-define-property cache-miss
2803 http fetch GET 200 https://registry.npmjs.org/es-define-property 40ms (cache miss)
2804 silly packumentCache full:https://registry.npmjs.org/es-define-property set size:undefined disposed:false
2805 silly placeDep ROOT call-bind-apply-helpers@1.0.2 OK for: call-bound@1.0.4 want: ^1.0.2
2806 silly placeDep ROOT es-define-property@1.0.1 OK for: get-intrinsic@1.3.0 want: ^1.0.1
2807 silly placeDep ROOT es-object-atoms@1.1.1 OK for: get-intrinsic@1.3.0 want: ^1.1.1
2808 silly placeDep ROOT get-proto@1.0.1 OK for: get-intrinsic@1.3.0 want: ^1.0.1
2809 silly placeDep ROOT gopd@1.2.0 OK for: get-intrinsic@1.3.0 want: ^1.2.0
2810 silly placeDep ROOT has-symbols@1.1.0 OK for: get-intrinsic@1.3.0 want: ^1.1.0
2811 silly placeDep ROOT math-intrinsics@1.1.0 OK for: get-intrinsic@1.3.0 want: ^1.1.0
2812 silly fetch manifest dunder-proto@^1.0.1
2813 silly packumentCache full:https://registry.npmjs.org/dunder-proto cache-miss
2814 http fetch GET 200 https://registry.npmjs.org/dunder-proto 39ms (cache miss)
2815 silly packumentCache full:https://registry.npmjs.org/dunder-proto set size:undefined disposed:false
2816 silly placeDep ROOT dunder-proto@1.0.1 OK for: get-proto@1.0.1 want: ^1.0.1
2817 silly placeDep ROOT @sigstore/bundle@4.0.0 OK for: sigstore@4.1.0 want: ^4.0.0
2818 silly placeDep ROOT @sigstore/core@3.1.0 OK for: sigstore@4.1.0 want: ^3.1.0
2819 silly placeDep ROOT @sigstore/protobuf-specs@0.5.0 OK for: sigstore@4.1.0 want: ^0.5.0
2820 silly placeDep ROOT @sigstore/sign@4.1.0 OK for: sigstore@4.1.0 want: ^4.1.0
2821 silly placeDep ROOT @sigstore/tuf@4.0.1 OK for: sigstore@4.1.0 want: ^4.0.1
2822 silly placeDep ROOT @sigstore/verify@3.1.0 OK for: sigstore@4.1.0 want: ^3.1.0
2823 silly fetch manifest tuf-js@^4.1.0
2824 silly packumentCache full:https://registry.npmjs.org/tuf-js cache-miss
2825 http fetch GET 200 https://registry.npmjs.org/tuf-js 242ms (cache miss)
2826 silly packumentCache full:https://registry.npmjs.org/tuf-js set size:undefined disposed:false
2827 silly placeDep ROOT tuf-js@4.1.0 OK for: @sigstore/tuf@4.0.1 want: ^4.1.0
2828 silly fetch manifest @tufjs/models@4.1.0
2829 silly packumentCache full:https://registry.npmjs.org/@tufjs%2fmodels cache-miss
2830 http fetch GET 200 https://registry.npmjs.org/@tufjs%2fmodels 169ms (cache miss)
2831 silly packumentCache full:https://registry.npmjs.org/@tufjs%2fmodels set size:undefined disposed:false
2832 silly placeDep ROOT ansi-styles@6.2.3 OK for: slice-ansi@7.1.2 want: ^6.2.1
2833 silly placeDep ROOT is-fullwidth-code-point@5.1.0 OK for: slice-ansi@7.1.2 want: ^5.0.0
2834 silly fetch manifest get-east-asian-width@^1.3.1
2835 silly packumentCache full:https://registry.npmjs.org/get-east-asian-width cache-miss
2836 http cache https://registry.npmjs.org/get-east-asian-width 14ms (cache hit)
2837 silly packumentCache full:https://registry.npmjs.org/get-east-asian-width set size:18337 disposed:false
2838 silly placeDep ROOT get-east-asian-width@1.5.0 OK for: is-fullwidth-code-point@5.1.0 want: ^1.3.1
2839 silly placeDep ROOT socks@2.8.7 OK for: socks-proxy-agent@8.0.5 want: ^2.8.3
2840 silly fetch manifest smart-buffer@^4.2.0
2841 silly packumentCache full:https://registry.npmjs.org/smart-buffer cache-miss
2842 http fetch GET 200 https://registry.npmjs.org/smart-buffer 37ms (cache miss)
2843 silly packumentCache full:https://registry.npmjs.org/smart-buffer set size:undefined disposed:false
2844 silly placeDep ROOT smart-buffer@4.2.0 OK for: socks@2.8.7 want: ^4.2.0
2845 silly placeDep ROOT buffer-from@1.1.2 OK for: source-map-support@0.5.21 want: ^1.0.0
2846 silly placeDep node_modules/source-map-support source-map@0.6.1 OK for: source-map-support@0.5.21 want: ^0.6.0
2847 silly placeDep ROOT spdx-exceptions@2.5.0 OK for: spdx-expression-parse@4.0.0 want: ^2.1.0
2848 silly placeDep ROOT spdx-license-ids@3.0.23 OK for: spdx-expression-parse@4.0.0 want: ^3.0.0
2849 silly placeDep ROOT ansi-regex@6.2.2 OK for: strip-ansi@7.1.2 want: ^6.0.1
2850 silly placeDep ROOT @isaacs/fs-minipass@4.0.1 OK for: tar@7.5.9 want: ^4.0.0
2851 silly placeDep ROOT chownr@3.0.0 OK for: tar@7.5.9 want: ^3.0.0
2852 silly placeDep node_modules/tar yallist@5.0.0 OK for: tar@7.5.9 want: ^5.0.0
2853 silly placeDep ROOT fdir@6.5.0 OK for: tinyglobby@0.2.15 want: ^6.5.0
2854 silly placeDep ROOT tldts@7.0.23 OK for: tough-cookie@6.0.0 want: ^7.0.5
2855 silly fetch manifest tldts-core@^7.0.23
2856 silly packumentCache full:https://registry.npmjs.org/tldts-core cache-miss
2857 http fetch GET 200 https://registry.npmjs.org/tldts-core 142ms (cache miss)
2858 silly packumentCache full:https://registry.npmjs.org/tldts-core set size:undefined disposed:false
2859 silly placeDep ROOT tldts-core@7.0.23 OK for: tldts@7.0.23 want: ^7.0.23
2860 silly placeDep ROOT @tufjs/models@4.1.0 OK for: tuf-js@4.1.0 want: 4.1.0
2861 silly fetch manifest @tufjs/canonical-json@2.0.0
2862 silly packumentCache full:https://registry.npmjs.org/@tufjs%2fcanonical-json cache-miss
2863 http fetch GET 200 https://registry.npmjs.org/@tufjs%2fcanonical-json 83ms (cache miss)
2864 silly packumentCache full:https://registry.npmjs.org/@tufjs%2fcanonical-json set size:undefined disposed:false
2865 silly placeDep ROOT @tufjs/canonical-json@2.0.0 OK for: @tufjs/models@4.1.0 want: 2.0.0
2866 silly placeDep ROOT media-typer@1.1.0 OK for: type-is@2.0.1 want: ^1.1.0
2867 silly placeDep ROOT unique-slug@6.0.0 OK for: unique-filename@5.0.0 want: ^6.0.0
2868 silly fetch manifest imurmurhash@^0.1.4
2869 silly packumentCache full:https://registry.npmjs.org/imurmurhash cache-miss
2870 http fetch GET 200 https://registry.npmjs.org/imurmurhash 43ms (cache miss)
2871 silly packumentCache full:https://registry.npmjs.org/imurmurhash set size:undefined disposed:false
2872 silly placeDep ROOT imurmurhash@0.1.4 OK for: unique-slug@6.0.0 want: ^0.1.4
2873 silly placeDep ROOT escalade@3.2.0 OK for: update-browserslist-db@1.2.3 want: ^3.2.0
2874 silly placeDep ROOT fsevents@2.3.3 OK for: vite@7.3.0 want: ~2.3.3
2875 silly placeDep ROOT rollup@4.59.0 OK for: vite@7.3.0 want: ^4.43.0
2876 silly fetch manifest @types/estree@1.0.8
2877 silly packumentCache full:https://registry.npmjs.org/@types%2festree cache-miss
2878 http fetch GET 200 https://registry.npmjs.org/@types%2festree 43ms (cache miss)
2879 silly packumentCache full:https://registry.npmjs.org/@types%2festree set size:undefined disposed:false
2880 silly fetch manifest @rollup/rollup-darwin-arm64@4.59.0
2881 silly packumentCache full:https://registry.npmjs.org/@rollup%2frollup-darwin-arm64 cache-miss
2882 http fetch GET 200 https://registry.npmjs.org/@rollup%2frollup-darwin-arm64 61ms (cache miss)
2883 silly packumentCache full:https://registry.npmjs.org/@rollup%2frollup-darwin-arm64 set size:undefined disposed:false
2884 silly fetch manifest @rollup/rollup-android-arm64@4.59.0
2885 silly packumentCache full:https://registry.npmjs.org/@rollup%2frollup-android-arm64 cache-miss
2886 http fetch GET 200 https://registry.npmjs.org/@rollup%2frollup-android-arm64 57ms (cache miss)
2887 silly packumentCache full:https://registry.npmjs.org/@rollup%2frollup-android-arm64 set size:undefined disposed:false
2888 silly fetch manifest @rollup/rollup-win32-arm64-msvc@4.59.0
2889 silly packumentCache full:https://registry.npmjs.org/@rollup%2frollup-win32-arm64-msvc cache-miss
2890 http fetch GET 200 https://registry.npmjs.org/@rollup%2frollup-win32-arm64-msvc 65ms (cache miss)
2891 silly packumentCache full:https://registry.npmjs.org/@rollup%2frollup-win32-arm64-msvc set size:undefined disposed:false
2892 silly fetch manifest @rollup/rollup-freebsd-arm64@4.59.0
2893 silly packumentCache full:https://registry.npmjs.org/@rollup%2frollup-freebsd-arm64 cache-miss
2894 http fetch GET 200 https://registry.npmjs.org/@rollup%2frollup-freebsd-arm64 51ms (cache miss)
2895 silly packumentCache full:https://registry.npmjs.org/@rollup%2frollup-freebsd-arm64 set size:undefined disposed:false
2896 silly fetch manifest @rollup/rollup-linux-arm64-gnu@4.59.0
2897 silly packumentCache full:https://registry.npmjs.org/@rollup%2frollup-linux-arm64-gnu cache-miss
2898 http fetch GET 200 https://registry.npmjs.org/@rollup%2frollup-linux-arm64-gnu 75ms (cache miss)
2899 silly packumentCache full:https://registry.npmjs.org/@rollup%2frollup-linux-arm64-gnu set size:undefined disposed:false
2900 silly fetch manifest @rollup/rollup-linux-arm64-musl@4.59.0
2901 silly packumentCache full:https://registry.npmjs.org/@rollup%2frollup-linux-arm64-musl cache-miss
2902 http fetch GET 200 https://registry.npmjs.org/@rollup%2frollup-linux-arm64-musl 66ms (cache miss)
2903 silly packumentCache full:https://registry.npmjs.org/@rollup%2frollup-linux-arm64-musl set size:undefined disposed:false
2904 silly fetch manifest @rollup/rollup-android-arm-eabi@4.59.0
2905 silly packumentCache full:https://registry.npmjs.org/@rollup%2frollup-android-arm-eabi cache-miss
2906 http fetch GET 200 https://registry.npmjs.org/@rollup%2frollup-android-arm-eabi 262ms (cache miss)
2907 silly packumentCache full:https://registry.npmjs.org/@rollup%2frollup-android-arm-eabi set size:undefined disposed:false
2908 silly fetch manifest @rollup/rollup-linux-arm-gnueabihf@4.59.0
2909 silly packumentCache full:https://registry.npmjs.org/@rollup%2frollup-linux-arm-gnueabihf cache-miss
2910 http fetch GET 200 https://registry.npmjs.org/@rollup%2frollup-linux-arm-gnueabihf 61ms (cache miss)
2911 silly packumentCache full:https://registry.npmjs.org/@rollup%2frollup-linux-arm-gnueabihf set size:undefined disposed:false
2912 silly fetch manifest @rollup/rollup-linux-arm-musleabihf@4.59.0
2913 silly packumentCache full:https://registry.npmjs.org/@rollup%2frollup-linux-arm-musleabihf cache-miss
2914 http fetch GET 200 https://registry.npmjs.org/@rollup%2frollup-linux-arm-musleabihf 64ms (cache miss)
2915 silly packumentCache full:https://registry.npmjs.org/@rollup%2frollup-linux-arm-musleabihf set size:undefined disposed:false
2916 silly fetch manifest @rollup/rollup-win32-ia32-msvc@4.59.0
2917 silly packumentCache full:https://registry.npmjs.org/@rollup%2frollup-win32-ia32-msvc cache-miss
2918 http fetch GET 200 https://registry.npmjs.org/@rollup%2frollup-win32-ia32-msvc 53ms (cache miss)
2919 silly packumentCache full:https://registry.npmjs.org/@rollup%2frollup-win32-ia32-msvc set size:undefined disposed:false
2920 silly fetch manifest @rollup/rollup-linux-loong64-gnu@4.59.0
2921 silly packumentCache full:https://registry.npmjs.org/@rollup%2frollup-linux-loong64-gnu cache-miss
2922 http fetch GET 200 https://registry.npmjs.org/@rollup%2frollup-linux-loong64-gnu 57ms (cache miss)
2923 silly packumentCache full:https://registry.npmjs.org/@rollup%2frollup-linux-loong64-gnu set size:undefined disposed:false
2924 silly fetch manifest @rollup/rollup-linux-loong64-musl@4.59.0
2925 silly packumentCache full:https://registry.npmjs.org/@rollup%2frollup-linux-loong64-musl cache-miss
2926 http fetch GET 200 https://registry.npmjs.org/@rollup%2frollup-linux-loong64-musl 57ms (cache miss)
2927 silly packumentCache full:https://registry.npmjs.org/@rollup%2frollup-linux-loong64-musl set size:undefined disposed:false
2928 silly fetch manifest @rollup/rollup-linux-riscv64-gnu@4.59.0
2929 silly packumentCache full:https://registry.npmjs.org/@rollup%2frollup-linux-riscv64-gnu cache-miss
2930 http fetch GET 200 https://registry.npmjs.org/@rollup%2frollup-linux-riscv64-gnu 58ms (cache miss)
2931 silly packumentCache full:https://registry.npmjs.org/@rollup%2frollup-linux-riscv64-gnu set size:undefined disposed:false
2932 silly fetch manifest @rollup/rollup-linux-riscv64-musl@4.59.0
2933 silly packumentCache full:https://registry.npmjs.org/@rollup%2frollup-linux-riscv64-musl cache-miss
2934 http fetch GET 200 https://registry.npmjs.org/@rollup%2frollup-linux-riscv64-musl 46ms (cache miss)
2935 silly packumentCache full:https://registry.npmjs.org/@rollup%2frollup-linux-riscv64-musl set size:undefined disposed:false
2936 silly fetch manifest @rollup/rollup-linux-ppc64-gnu@4.59.0
2937 silly packumentCache full:https://registry.npmjs.org/@rollup%2frollup-linux-ppc64-gnu cache-miss
2938 http fetch GET 200 https://registry.npmjs.org/@rollup%2frollup-linux-ppc64-gnu 56ms (cache miss)
2939 silly packumentCache full:https://registry.npmjs.org/@rollup%2frollup-linux-ppc64-gnu set size:undefined disposed:false
2940 silly fetch manifest @rollup/rollup-linux-ppc64-musl@4.59.0
2941 silly packumentCache full:https://registry.npmjs.org/@rollup%2frollup-linux-ppc64-musl cache-miss
2942 http fetch GET 200 https://registry.npmjs.org/@rollup%2frollup-linux-ppc64-musl 54ms (cache miss)
2943 silly packumentCache full:https://registry.npmjs.org/@rollup%2frollup-linux-ppc64-musl set size:undefined disposed:false
2944 silly fetch manifest @rollup/rollup-linux-s390x-gnu@4.59.0
2945 silly packumentCache full:https://registry.npmjs.org/@rollup%2frollup-linux-s390x-gnu cache-miss
2946 http fetch GET 200 https://registry.npmjs.org/@rollup%2frollup-linux-s390x-gnu 52ms (cache miss)
2947 silly packumentCache full:https://registry.npmjs.org/@rollup%2frollup-linux-s390x-gnu set size:undefined disposed:false
2948 silly fetch manifest @rollup/rollup-darwin-x64@4.59.0
2949 silly packumentCache full:https://registry.npmjs.org/@rollup%2frollup-darwin-x64 cache-miss
2950 http fetch GET 200 https://registry.npmjs.org/@rollup%2frollup-darwin-x64 66ms (cache miss)
2951 silly packumentCache full:https://registry.npmjs.org/@rollup%2frollup-darwin-x64 set size:undefined disposed:false
2952 silly fetch manifest @rollup/rollup-win32-x64-gnu@4.59.0
2953 silly packumentCache full:https://registry.npmjs.org/@rollup%2frollup-win32-x64-gnu cache-miss
2954 http fetch GET 200 https://registry.npmjs.org/@rollup%2frollup-win32-x64-gnu 61ms (cache miss)
2955 silly packumentCache full:https://registry.npmjs.org/@rollup%2frollup-win32-x64-gnu set size:undefined disposed:false
2956 silly fetch manifest @rollup/rollup-win32-x64-msvc@4.59.0
2957 silly packumentCache full:https://registry.npmjs.org/@rollup%2frollup-win32-x64-msvc cache-miss
2958 http fetch GET 200 https://registry.npmjs.org/@rollup%2frollup-win32-x64-msvc 52ms (cache miss)
2959 silly packumentCache full:https://registry.npmjs.org/@rollup%2frollup-win32-x64-msvc set size:undefined disposed:false
2960 silly fetch manifest @rollup/rollup-freebsd-x64@4.59.0
2961 silly packumentCache full:https://registry.npmjs.org/@rollup%2frollup-freebsd-x64 cache-miss
2962 http fetch GET 200 https://registry.npmjs.org/@rollup%2frollup-freebsd-x64 58ms (cache miss)
2963 silly packumentCache full:https://registry.npmjs.org/@rollup%2frollup-freebsd-x64 set size:undefined disposed:false
2964 silly fetch manifest @rollup/rollup-linux-x64-gnu@4.59.0
2965 silly packumentCache full:https://registry.npmjs.org/@rollup%2frollup-linux-x64-gnu cache-miss
2966 http fetch GET 200 https://registry.npmjs.org/@rollup%2frollup-linux-x64-gnu 52ms (cache miss)
2967 silly packumentCache full:https://registry.npmjs.org/@rollup%2frollup-linux-x64-gnu set size:undefined disposed:false
2968 silly fetch manifest @rollup/rollup-linux-x64-musl@4.59.0
2969 silly packumentCache full:https://registry.npmjs.org/@rollup%2frollup-linux-x64-musl cache-miss
2970 http fetch GET 200 https://registry.npmjs.org/@rollup%2frollup-linux-x64-musl 59ms (cache miss)
2971 silly packumentCache full:https://registry.npmjs.org/@rollup%2frollup-linux-x64-musl set size:undefined disposed:false
2972 silly fetch manifest @rollup/rollup-openbsd-x64@4.59.0
2973 silly packumentCache full:https://registry.npmjs.org/@rollup%2frollup-openbsd-x64 cache-miss
2974 http fetch GET 200 https://registry.npmjs.org/@rollup%2frollup-openbsd-x64 56ms (cache miss)
2975 silly packumentCache full:https://registry.npmjs.org/@rollup%2frollup-openbsd-x64 set size:undefined disposed:false
2976 silly fetch manifest @rollup/rollup-openharmony-arm64@4.59.0
2977 silly packumentCache full:https://registry.npmjs.org/@rollup%2frollup-openharmony-arm64 cache-miss
2978 http fetch GET 200 https://registry.npmjs.org/@rollup%2frollup-openharmony-arm64 59ms (cache miss)
2979 silly packumentCache full:https://registry.npmjs.org/@rollup%2frollup-openharmony-arm64 set size:undefined disposed:false
2980 silly placeDep ROOT @rollup/rollup-android-arm-eabi@4.59.0 OK for: rollup@4.59.0 want: 4.59.0
2981 silly placeDep ROOT @rollup/rollup-android-arm64@4.59.0 OK for: rollup@4.59.0 want: 4.59.0
2982 silly placeDep ROOT @rollup/rollup-darwin-arm64@4.59.0 OK for: rollup@4.59.0 want: 4.59.0
2983 silly placeDep ROOT @rollup/rollup-darwin-x64@4.59.0 OK for: rollup@4.59.0 want: 4.59.0
2984 silly placeDep ROOT @rollup/rollup-freebsd-arm64@4.59.0 OK for: rollup@4.59.0 want: 4.59.0
2985 silly placeDep ROOT @rollup/rollup-freebsd-x64@4.59.0 OK for: rollup@4.59.0 want: 4.59.0
2986 silly placeDep ROOT @rollup/rollup-linux-arm-gnueabihf@4.59.0 OK for: rollup@4.59.0 want: 4.59.0
2987 silly placeDep ROOT @rollup/rollup-linux-arm-musleabihf@4.59.0 OK for: rollup@4.59.0 want: 4.59.0
2988 silly placeDep ROOT @rollup/rollup-linux-arm64-gnu@4.59.0 OK for: rollup@4.59.0 want: 4.59.0
2989 silly placeDep ROOT @rollup/rollup-linux-arm64-musl@4.59.0 OK for: rollup@4.59.0 want: 4.59.0
2990 silly placeDep ROOT @rollup/rollup-linux-loong64-gnu@4.59.0 OK for: rollup@4.59.0 want: 4.59.0
2991 silly placeDep ROOT @rollup/rollup-linux-loong64-musl@4.59.0 OK for: rollup@4.59.0 want: 4.59.0
2992 silly placeDep ROOT @rollup/rollup-linux-ppc64-gnu@4.59.0 OK for: rollup@4.59.0 want: 4.59.0
2993 silly placeDep ROOT @rollup/rollup-linux-ppc64-musl@4.59.0 OK for: rollup@4.59.0 want: 4.59.0
2994 silly placeDep ROOT @rollup/rollup-linux-riscv64-gnu@4.59.0 OK for: rollup@4.59.0 want: 4.59.0
2995 silly placeDep ROOT @rollup/rollup-linux-riscv64-musl@4.59.0 OK for: rollup@4.59.0 want: 4.59.0
2996 silly placeDep ROOT @rollup/rollup-linux-s390x-gnu@4.59.0 OK for: rollup@4.59.0 want: 4.59.0
2997 silly placeDep ROOT @rollup/rollup-linux-x64-gnu@4.59.0 OK for: rollup@4.59.0 want: 4.59.0
2998 silly placeDep ROOT @rollup/rollup-linux-x64-musl@4.59.0 OK for: rollup@4.59.0 want: 4.59.0
2999 silly placeDep ROOT @rollup/rollup-openbsd-x64@4.59.0 OK for: rollup@4.59.0 want: 4.59.0
3000 silly placeDep ROOT @rollup/rollup-openharmony-arm64@4.59.0 OK for: rollup@4.59.0 want: 4.59.0
3001 silly placeDep ROOT @rollup/rollup-win32-arm64-msvc@4.59.0 OK for: rollup@4.59.0 want: 4.59.0
3002 silly placeDep ROOT @rollup/rollup-win32-ia32-msvc@4.59.0 OK for: rollup@4.59.0 want: 4.59.0
3003 silly placeDep ROOT @rollup/rollup-win32-x64-gnu@4.59.0 OK for: rollup@4.59.0 want: 4.59.0
3004 silly placeDep ROOT @rollup/rollup-win32-x64-msvc@4.59.0 OK for: rollup@4.59.0 want: 4.59.0
3005 silly placeDep ROOT @types/estree@1.0.8 OK for: rollup@4.59.0 want: 1.0.8
3006 silly fetch manifest msw@^2.4.9
3007 silly packumentCache full:https://registry.npmjs.org/msw cache-miss
3008 http fetch GET 200 https://registry.npmjs.org/msw 68ms (cache miss)
3009 silly packumentCache full:https://registry.npmjs.org/msw set size:undefined disposed:false
3010 silly fetch manifest typescript@>= 4.8.x
3011 silly packumentCache full:https://registry.npmjs.org/typescript cache-miss
3012 http cache https://registry.npmjs.org/typescript 141ms (cache hit)
3013 silly packumentCache full:https://registry.npmjs.org/typescript set size:15280158 disposed:false
3014 silly fetch manifest less@^4.0.0
3015 silly packumentCache full:https://registry.npmjs.org/less cache-miss
3016 http cache https://registry.npmjs.org/less 61ms (cache hit)
3017 silly packumentCache full:https://registry.npmjs.org/less set size:430648 disposed:false
3018 silly fetch manifest sass@^1.70.0
3019 silly packumentCache full:https://registry.npmjs.org/sass cache-miss
3020 http cache https://registry.npmjs.org/sass 8ms (cache hit)
3021 silly packumentCache full:https://registry.npmjs.org/sass set size:722061 disposed:false
3022 silly fetch manifest postcss@^8.3.3
3023 silly packumentCache full:https://registry.npmjs.org/postcss cache-hit
3024 silly placeDep ROOT @vitest/expect@4.0.18 OK for: vitest@4.0.18 want: 4.0.18
3025 silly placeDep ROOT @vitest/mocker@4.0.18 OK for: vitest@4.0.18 want: 4.0.18
3026 silly placeDep ROOT @vitest/pretty-format@4.0.18 OK for: vitest@4.0.18 want: 4.0.18
3027 silly placeDep ROOT @vitest/runner@4.0.18 OK for: vitest@4.0.18 want: 4.0.18
3028 silly placeDep ROOT @vitest/snapshot@4.0.18 OK for: vitest@4.0.18 want: 4.0.18
3029 silly placeDep ROOT @vitest/spy@4.0.18 OK for: vitest@4.0.18 want: 4.0.18
3030 silly placeDep ROOT @vitest/utils@4.0.18 OK for: vitest@4.0.18 want: 4.0.18
3031 silly placeDep ROOT es-module-lexer@1.7.0 OK for: vitest@4.0.18 want: ^1.7.0
3032 silly placeDep ROOT expect-type@1.3.0 OK for: vitest@4.0.18 want: ^1.2.2
3033 silly placeDep ROOT obug@2.1.1 OK for: vitest@4.0.18 want: ^2.1.1
3034 silly placeDep ROOT pathe@2.0.3 OK for: vitest@4.0.18 want: ^2.0.3
3035 silly placeDep ROOT std-env@3.10.0 OK for: vitest@4.0.18 want: ^3.10.0
3036 silly placeDep ROOT tinybench@2.9.0 OK for: vitest@4.0.18 want: ^2.9.0
3037 silly placeDep ROOT tinyexec@1.0.2 OK for: vitest@4.0.18 want: ^1.0.2
3038 silly placeDep ROOT tinyrainbow@3.0.3 OK for: vitest@4.0.18 want: ^3.0.3
3039 silly placeDep ROOT why-is-node-running@2.3.0 OK for: vitest@4.0.18 want: ^2.3.0
3040 silly fetch manifest chai@^6.2.1
3041 silly packumentCache full:https://registry.npmjs.org/chai cache-miss
3042 http fetch GET 200 https://registry.npmjs.org/chai 49ms (cache miss)
3043 silly packumentCache full:https://registry.npmjs.org/chai set size:undefined disposed:false
3044 silly fetch manifest @types/chai@^5.2.2
3045 silly packumentCache full:https://registry.npmjs.org/@types%2fchai cache-miss
3046 http fetch GET 200 https://registry.npmjs.org/@types%2fchai 50ms (cache miss)
3047 silly packumentCache full:https://registry.npmjs.org/@types%2fchai set size:undefined disposed:false
3048 silly fetch manifest estree-walker@^3.0.3
3049 silly packumentCache full:https://registry.npmjs.org/estree-walker cache-miss
3050 http fetch GET 200 https://registry.npmjs.org/estree-walker 42ms (cache miss)
3051 silly packumentCache full:https://registry.npmjs.org/estree-walker set size:undefined disposed:false
3052 silly fetch manifest siginfo@^2.0.0
3053 silly packumentCache full:https://registry.npmjs.org/siginfo cache-miss
3054 http fetch GET 200 https://registry.npmjs.org/siginfo 111ms (cache miss)
3055 silly packumentCache full:https://registry.npmjs.org/siginfo set size:undefined disposed:false
3056 silly fetch manifest stackback@0.0.2
3057 silly packumentCache full:https://registry.npmjs.org/stackback cache-miss
3058 http fetch GET 200 https://registry.npmjs.org/stackback 36ms (cache miss)
3059 silly packumentCache full:https://registry.npmjs.org/stackback set size:undefined disposed:false
3060 silly placeDep ROOT @types/chai@5.2.3 OK for: @vitest/expect@4.0.18 want: ^5.2.2
3061 silly placeDep ROOT chai@6.2.2 OK for: @vitest/expect@4.0.18 want: ^6.2.1
3062 silly fetch manifest @types/deep-eql@*
3063 silly packumentCache full:https://registry.npmjs.org/@types%2fdeep-eql cache-miss
3064 http fetch GET 200 https://registry.npmjs.org/@types%2fdeep-eql 116ms (cache miss)
3065 silly packumentCache full:https://registry.npmjs.org/@types%2fdeep-eql set size:undefined disposed:false
3066 silly fetch manifest assertion-error@^2.0.1
3067 silly packumentCache full:https://registry.npmjs.org/assertion-error cache-miss
3068 http fetch GET 200 https://registry.npmjs.org/assertion-error 114ms (cache miss)
3069 silly packumentCache full:https://registry.npmjs.org/assertion-error set size:undefined disposed:false
3070 silly placeDep ROOT @types/deep-eql@4.0.2 OK for: @types/chai@5.2.3 want: *
3071 silly placeDep ROOT assertion-error@2.0.1 OK for: @types/chai@5.2.3 want: ^2.0.1
3072 silly placeDep ROOT estree-walker@3.0.3 OK for: @vitest/mocker@4.0.18 want: ^3.0.3
3073 silly placeDep ROOT glob-to-regexp@0.4.1 OK for: watchpack@2.5.0 want: ^0.4.1
3074 silly placeDep ROOT tr46@6.0.0 OK for: whatwg-url@15.1.0 want: ^6.0.0
3075 silly fetch manifest punycode@^2.3.1
3076 silly packumentCache full:https://registry.npmjs.org/punycode cache-miss
3077 http fetch GET 200 https://registry.npmjs.org/punycode 41ms (cache miss)
3078 silly packumentCache full:https://registry.npmjs.org/punycode set size:undefined disposed:false
3079 silly placeDep ROOT punycode@2.3.1 OK for: tr46@6.0.0 want: ^2.3.1
3080 silly placeDep ROOT isexe@2.0.0 OK for: which@2.0.2 want: ^2.0.0
3081 silly placeDep ROOT siginfo@2.0.0 OK for: why-is-node-running@2.3.0 want: ^2.0.0
3082 silly placeDep ROOT stackback@0.0.2 OK for: why-is-node-running@2.3.0 want: 0.0.2
3083 silly placeDep node_modules/wrap-ansi ansi-styles@4.3.0 OK for: wrap-ansi@6.2.0 want: ^4.0.0
3084 silly placeDep node_modules/wrap-ansi string-width@4.2.3 OK for: wrap-ansi@6.2.0 want: ^4.1.0
3085 silly placeDep node_modules/wrap-ansi strip-ansi@6.0.1 OK for: wrap-ansi@6.2.0 want: ^6.0.0
3086 silly fetch manifest color-convert@^2.0.1
3087 silly packumentCache full:https://registry.npmjs.org/color-convert cache-miss
3088 http fetch GET 200 https://registry.npmjs.org/color-convert 40ms (cache miss)
3089 silly packumentCache full:https://registry.npmjs.org/color-convert set size:undefined disposed:false
3090 silly fetch manifest strip-ansi@^6.0.1
3091 silly packumentCache full:https://registry.npmjs.org/strip-ansi cache-hit
3092 silly fetch manifest emoji-regex@^8.0.0
3093 silly packumentCache full:https://registry.npmjs.org/emoji-regex cache-miss
3094 http fetch GET 200 https://registry.npmjs.org/emoji-regex 39ms (cache miss)
3095 silly packumentCache full:https://registry.npmjs.org/emoji-regex set size:undefined disposed:false
3096 silly fetch manifest is-fullwidth-code-point@^3.0.0
3097 silly packumentCache full:https://registry.npmjs.org/is-fullwidth-code-point cache-miss
3098 http cache https://registry.npmjs.org/is-fullwidth-code-point 8ms (cache hit)
3099 silly packumentCache full:https://registry.npmjs.org/is-fullwidth-code-point set size:14578 disposed:false
3100 silly fetch manifest ansi-regex@^5.0.1
3101 silly packumentCache full:https://registry.npmjs.org/ansi-regex cache-miss
3102 http cache https://registry.npmjs.org/ansi-regex 6ms (cache hit)
3103 silly packumentCache full:https://registry.npmjs.org/ansi-regex set size:43572 disposed:false
3104 silly placeDep ROOT cliui@9.0.1 OK for: yargs@18.0.0 want: ^9.0.1
3105 silly placeDep ROOT get-caller-file@2.0.5 OK for: yargs@18.0.0 want: ^2.0.5
3106 silly placeDep node_modules/yargs string-width@7.2.0 OK for: yargs@18.0.0 want: ^7.2.0
3107 silly placeDep ROOT y18n@5.0.8 OK for: yargs@18.0.0 want: ^5.0.5
3108 silly placeDep ROOT yargs-parser@22.0.0 OK for: yargs@18.0.0 want: ^22.0.0
3109 silly fetch manifest emoji-regex@^10.3.0
3110 silly packumentCache full:https://registry.npmjs.org/emoji-regex cache-miss
3111 http cache https://registry.npmjs.org/emoji-regex 8ms (cache hit)
3112 silly packumentCache full:https://registry.npmjs.org/emoji-regex set size:89088 disposed:false
3113 silly placeDep node_modules/cliui string-width@7.2.0 OK for: cliui@9.0.1 want: ^7.2.0
3114 silly placeDep node_modules/cliui wrap-ansi@9.0.2 OK for: cliui@9.0.1 want: ^9.0.0
3115 silly placeDep node_modules/@npmcli/git isexe@4.0.0 OK for: which@6.0.1 want: ^4.0.0
3116 silly placeDep node_modules/@npmcli/promise-spawn isexe@4.0.0 OK for: which@6.0.1 want: ^4.0.0
3117 silly placeDep node_modules/@npmcli/run-script isexe@4.0.0 OK for: which@6.0.1 want: ^4.0.0
3118 silly placeDep ROOT emoji-regex@10.6.0 OK for: string-width@7.2.0 want: ^10.3.0
3119 silly placeDep node_modules/listr2 string-width@7.2.0 OK for: wrap-ansi@9.0.2 want: ^7.0.0
3120 silly placeDep node_modules/log-update string-width@7.2.0 OK for: wrap-ansi@9.0.2 want: ^7.0.0
3121 silly placeDep node_modules/minipass-flush yallist@4.0.0 OK for: minipass@3.3.6 want: ^4.0.0
3122 silly placeDep node_modules/minipass-pipeline yallist@4.0.0 OK for: minipass@3.3.6 want: ^4.0.0
3123 silly placeDep node_modules/node-gyp isexe@4.0.0 OK for: which@6.0.1 want: ^4.0.0
3124 silly placeDep node_modules/sass readdirp@4.1.2 OK for: chokidar@4.0.3 want: ^4.0.1
3125 silly placeDep ROOT color-convert@2.0.1 OK for: ansi-styles@4.3.0 want: ^2.0.1
3126 silly fetch manifest color-name@~1.1.4
3127 silly packumentCache full:https://registry.npmjs.org/color-name cache-miss
3128 http fetch GET 200 https://registry.npmjs.org/color-name 45ms (cache miss)
3129 silly packumentCache full:https://registry.npmjs.org/color-name set size:undefined disposed:false
3130 silly placeDep ROOT color-name@1.1.4 OK for: color-convert@2.0.1 want: ~1.1.4
3131 silly placeDep node_modules/wrap-ansi emoji-regex@8.0.0 OK for: string-width@4.2.3 want: ^8.0.0
3132 silly placeDep node_modules/wrap-ansi is-fullwidth-code-point@3.0.0 OK for: string-width@4.2.3 want: ^3.0.0
3133 silly placeDep node_modules/wrap-ansi ansi-regex@5.0.1 OK for: strip-ansi@6.0.1 want: ^5.0.1
3134 silly reify moves {}
3135 silly audit bulk request {
3135 silly audit   '@angular/build': [ '21.1.5' ],
3135 silly audit   tslib: [ '2.8.1' ],
3135 silly audit   typescript: [ '5.9.3' ],
3135 silly audit   '@angular/compiler': [ '21.1.5' ],
3135 silly audit   '@angular/compiler-cli': [ '21.1.5' ],
3135 silly audit   '@angular/cli': [ '21.1.5' ],
3135 silly audit   '@angular/common': [ '21.1.5' ],
3135 silly audit   rxjs: [ '7.8.2' ],
3135 silly audit   '@angular/core': [ '21.1.5' ],
3135 silly audit   '@angular/forms': [ '21.1.5' ],
3135 silly audit   '@angular/platform-browser': [ '21.1.5' ],
3135 silly audit   '@angular/router': [ '21.1.5' ],
3135 silly audit   jsdom: [ '27.4.0' ],
3135 silly audit   vitest: [ '4.0.18' ],
3135 silly audit   '@ampproject/remapping': [ '2.3.0' ],
3135 silly audit   '@angular-devkit/architect': [ '0.2101.5' ],
3135 silly audit   '@babel/core': [ '7.28.5' ],
3135 silly audit   '@babel/helper-annotate-as-pure': [ '7.27.3' ],
3135 silly audit   '@babel/helper-split-export-declaration': [ '7.24.7' ],
3135 silly audit   '@inquirer/confirm': [ '5.1.21' ],
3135 silly audit   '@vitejs/plugin-basic-ssl': [ '2.1.0' ],
3135 silly audit   vite: [ '7.3.0' ],
3135 silly audit   beasties: [ '0.3.5' ],
3135 silly audit   browserslist: [ '4.28.1' ],
3135 silly audit   esbuild: [ '0.27.2' ],
3135 silly audit   'https-proxy-agent': [ '7.0.6' ],
3135 silly audit   'istanbul-lib-instrument': [ '6.0.3' ],
3135 silly audit   'jsonc-parser': [ '3.3.1' ],
3135 silly audit   listr2: [ '9.0.5' ],
3135 silly audit   lmdb: [ '3.4.4' ],
3135 silly audit   'magic-string': [ '0.30.21' ],
3135 silly audit   mrmime: [ '2.0.1' ],
3135 silly audit   'parse5-html-rewriting-stream': [ '8.0.0' ],
3135 silly audit   picomatch: [ '4.0.3' ],
3135 silly audit   piscina: [ '5.1.4' ],
3135 silly audit   rolldown: [ '1.0.0-beta.58' ],
3135 silly audit   sass: [ '1.97.1' ],
3135 silly audit   semver: [ '7.7.3', '6.3.1' ],
3135 silly audit   'source-map-support': [ '0.5.21' ],
3135 silly audit   tinyglobby: [ '0.2.15' ],
3135 silly audit   undici: [ '7.20.0' ],
3135 silly audit   watchpack: [ '2.5.0' ],
3135 silly audit   '@jridgewell/gen-mapping': [ '0.3.13' ],
3135 silly audit   '@jridgewell/trace-mapping': [ '0.3.31' ],
3135 silly audit   '@angular-devkit/core': [ '21.1.5' ],
3135 silly audit   ajv: [ '8.18.0' ],
3135 silly audit   'ajv-formats': [ '3.0.1' ],
3135 silly audit   'source-map': [ '0.7.6', '0.6.1' ],
3135 silly audit   '@angular-devkit/schematics': [ '21.1.5' ],
3135 silly audit   '@inquirer/prompts': [ '7.10.1' ],
3135 silly audit   '@listr2/prompt-adapter-inquirer': [ '3.0.5' ],
3135 silly audit   '@modelcontextprotocol/sdk': [ '1.26.0' ],
3135 silly audit   '@schematics/angular': [ '21.1.5' ],
3135 silly audit   '@yarnpkg/lockfile': [ '1.1.0' ],
3135 silly audit   algoliasearch: [ '5.46.2' ],
3135 silly audit   ini: [ '6.0.0' ],
3135 silly audit   'npm-package-arg': [ '13.0.2' ],
3135 silly audit   pacote: [ '21.0.4' ],
3135 silly audit   resolve: [ '1.22.11' ],
3135 silly audit   yargs: [ '18.0.0' ],
3135 silly audit   zod: [ '4.3.5' ],
3135 silly audit   ora: [ '9.0.0' ],
3135 silly audit   '@jridgewell/sourcemap-codec': [ '1.5.5' ],
3135 silly audit   chokidar: [ '5.0.0', '4.0.3' ],
3135 silly audit   'convert-source-map': [ '1.9.0', '2.0.0' ],
3135 silly audit   'reflect-metadata': [ '0.2.2' ],
3135 silly audit   '@standard-schema/spec': [ '1.1.0' ],
3135 silly audit   '@babel/code-frame': [ '7.29.0' ],
3135 silly audit   '@babel/generator': [ '7.29.1' ],
3135 silly audit   '@babel/helper-compilation-targets': [ '7.28.6' ],
3135 silly audit   '@babel/helper-module-transforms': [ '7.28.6' ],
3135 silly audit   '@babel/helpers': [ '7.28.6' ],
3135 silly audit   '@babel/parser': [ '7.29.0' ],
3135 silly audit   '@babel/template': [ '7.28.6' ],
3135 silly audit   '@babel/traverse': [ '7.29.0' ],
3135 silly audit   '@babel/types': [ '7.29.0' ],
3135 silly audit   '@jridgewell/remapping': [ '2.3.5' ],
3135 silly audit   debug: [ '4.4.3' ],
3135 silly audit   gensync: [ '1.0.0-beta.2' ],
3135 silly audit   json5: [ '2.2.3' ],
3135 silly audit   '@babel/helper-validator-identifier': [ '7.28.5' ],
3135 silly audit   'js-tokens': [ '4.0.0' ],
3135 silly audit   picocolors: [ '1.1.1' ],
3135 silly audit   jsesc: [ '3.1.0' ],
3135 silly audit   '@babel/compat-data': [ '7.29.0' ],
3135 silly audit   '@babel/helper-validator-option': [ '7.27.1' ],
3135 silly audit   'lru-cache': [ '5.1.1', '11.2.6' ],
3135 silly audit   '@babel/helper-module-imports': [ '7.28.6' ],
3135 silly audit   '@babel/helper-globals': [ '7.28.0' ],
3135 silly audit   '@babel/helper-string-parser': [ '7.27.1' ],
3135 silly audit   '@inquirer/core': [ '10.3.2' ],
3135 silly audit   '@inquirer/type': [ '3.0.10' ],
3135 silly audit   '@inquirer/ansi': [ '1.0.2' ],
3135 silly audit   '@inquirer/figures': [ '1.0.15' ],
3135 silly audit   'cli-width': [ '4.1.0' ],
3135 silly audit   'mute-stream': [ '2.0.0' ],
3135 silly audit   'signal-exit': [ '4.1.0' ],
3135 silly audit   'wrap-ansi': [ '6.2.0', '9.0.2' ],
3135 silly audit   'yoctocolors-cjs': [ '2.1.3' ],
3135 silly audit   '@inquirer/checkbox': [ '4.3.2' ],
3135 silly audit   '@inquirer/editor': [ '4.2.23' ],
3135 silly audit   '@inquirer/expand': [ '4.0.23' ],
3135 silly audit   '@inquirer/input': [ '4.3.1' ],
3135 silly audit   '@inquirer/number': [ '3.0.23' ],
3135 silly audit   '@inquirer/password': [ '4.0.23' ],
3135 silly audit   '@inquirer/rawlist': [ '4.1.11' ],
3135 silly audit   '@inquirer/search': [ '3.2.2' ],
3135 silly audit   '@inquirer/select': [ '4.4.2' ],
3135 silly audit   '@inquirer/external-editor': [ '1.0.3' ],
3135 silly audit   chardet: [ '2.1.1' ],
3135 silly audit   'iconv-lite': [ '0.7.2' ],
3135 silly audit   '@jridgewell/resolve-uri': [ '3.1.2' ],
3135 silly audit   '@hono/node-server': [ '1.19.9' ],
3135 silly audit   hono: [ '4.12.2' ],
3135 silly audit   'content-type': [ '1.0.5' ],
3135 silly audit   cors: [ '2.8.6' ],
3135 silly audit   'cross-spawn': [ '7.0.6' ],
3135 silly audit   eventsource: [ '3.0.7' ],
3135 silly audit   'eventsource-parser': [ '3.0.6' ],
3135 silly audit   express: [ '5.2.1' ],
3135 silly audit   'express-rate-limit': [ '8.2.1' ],
3135 silly audit   jose: [ '6.1.3' ],
3135 silly audit   'json-schema-typed': [ '8.0.2' ],
3135 silly audit   'pkce-challenge': [ '5.0.1' ],
3135 silly audit   'raw-body': [ '3.0.2' ],
3135 silly audit   'zod-to-json-schema': [ '3.25.1' ],
3135 silly audit   'fast-deep-equal': [ '3.1.3' ],
3135 silly audit   'fast-uri': [ '3.1.0' ],
3135 silly audit   'json-schema-traverse': [ '1.0.0' ],
3135 silly audit   'require-from-string': [ '2.0.2' ],
3135 silly audit   '@algolia/abtesting': [ '1.12.2' ],
3135 silly audit   '@algolia/client-abtesting': [ '5.46.2' ],
3135 silly audit   '@algolia/client-analytics': [ '5.46.2' ],
3135 silly audit   '@algolia/client-common': [ '5.46.2' ],
3135 silly audit   '@algolia/client-insights': [ '5.46.2' ],
3135 silly audit   '@algolia/client-personalization': [ '5.46.2' ],
3135 silly audit   '@algolia/client-query-suggestions': [ '5.46.2' ],
3135 silly audit   '@algolia/client-search': [ '5.46.2' ],
3135 silly audit   '@algolia/ingestion': [ '1.46.2' ],
3135 silly audit   '@algolia/monitoring': [ '1.46.2' ],
3135 silly audit   '@algolia/recommend': [ '5.46.2' ],
3135 silly audit   '@algolia/requester-browser-xhr': [ '5.46.2' ],
3135 silly audit   '@algolia/requester-fetch': [ '5.46.2' ],
3135 silly audit   '@algolia/requester-node-http': [ '5.46.2' ],
3135 silly audit   'css-select': [ '6.0.0' ],
3135 silly audit   'css-what': [ '7.0.0' ],
3135 silly audit   'dom-serializer': [ '2.0.0' ],
3135 silly audit   domhandler: [ '5.0.3' ],
3135 silly audit   htmlparser2: [ '10.1.0' ],
3135 silly audit   postcss: [ '8.5.6' ],
3135 silly audit   'postcss-media-query-parser': [ '0.2.3' ],
3135 silly audit   'baseline-browser-mapping': [ '2.10.0' ],
3135 silly audit   'caniuse-lite': [ '1.0.30001774' ],
3135 silly audit   'electron-to-chromium': [ '1.5.302' ],
3135 silly audit   'node-releases': [ '2.0.27' ],
3135 silly audit   'update-browserslist-db': [ '1.2.3' ],
3135 silly audit   readdirp: [ '5.0.0', '4.1.2' ],
3135 silly audit   'object-assign': [ '4.1.1' ],
3135 silly audit   vary: [ '1.1.2' ],
3135 silly audit   'path-key': [ '3.1.1' ],
3135 silly audit   'shebang-command': [ '2.0.0' ],
3135 silly audit   which: [ '2.0.2', '6.0.1' ],
3135 silly audit   boolbase: [ '1.0.0' ],
3135 silly audit   domutils: [ '3.2.2' ],
3135 silly audit   'nth-check': [ '2.1.1' ],
3135 silly audit   ms: [ '2.1.3' ],
3135 silly audit   domelementtype: [ '2.3.0' ],
3135 silly audit   entities: [ '4.5.0', '7.0.1', '6.0.1' ],
3135 silly audit   '@esbuild/aix-ppc64': [ '0.27.2' ],
3135 silly audit   '@esbuild/android-arm': [ '0.27.2' ],
3135 silly audit   '@esbuild/android-arm64': [ '0.27.2' ],
3135 silly audit   '@esbuild/android-x64': [ '0.27.2' ],
3135 silly audit   '@esbuild/darwin-arm64': [ '0.27.2' ],
3135 silly audit   '@esbuild/darwin-x64': [ '0.27.2' ],
3135 silly audit   '@esbuild/freebsd-arm64': [ '0.27.2' ],
3135 silly audit   '@esbuild/freebsd-x64': [ '0.27.2' ],
3135 silly audit   '@esbuild/linux-arm': [ '0.27.2' ],
3135 silly audit   '@esbuild/linux-arm64': [ '0.27.2' ],
3135 silly audit   '@esbuild/linux-ia32': [ '0.27.2' ],
3135 silly audit   '@esbuild/linux-loong64': [ '0.27.2' ],
3135 silly audit   '@esbuild/linux-mips64el': [ '0.27.2' ],
3135 silly audit   '@esbuild/linux-ppc64': [ '0.27.2' ],
3135 silly audit   '@esbuild/linux-riscv64': [ '0.27.2' ],
3135 silly audit   '@esbuild/linux-s390x': [ '0.27.2' ],
3135 silly audit   '@esbuild/linux-x64': [ '0.27.2' ],
3135 silly audit   '@esbuild/netbsd-arm64': [ '0.27.2' ],
3135 silly audit   '@esbuild/netbsd-x64': [ '0.27.2' ],
3135 silly audit   '@esbuild/openbsd-arm64': [ '0.27.2' ],
3135 silly audit   '@esbuild/openbsd-x64': [ '0.27.2' ],
3135 silly audit   '@esbuild/openharmony-arm64': [ '0.27.2' ],
3135 silly audit   '@esbuild/sunos-x64': [ '0.27.2' ],
3135 silly audit   '@esbuild/win32-arm64': [ '0.27.2' ],
3135 silly audit   '@esbuild/win32-ia32': [ '0.27.2' ],
3135 silly audit   '@esbuild/win32-x64': [ '0.27.2' ],
3135 silly audit   accepts: [ '2.0.0' ],
3135 silly audit   'body-parser': [ '2.2.2' ],
3135 silly audit   'content-disposition': [ '1.0.1' ],
3135 silly audit   cookie: [ '0.7.2' ],
3135 silly audit   'cookie-signature': [ '1.2.2' ],
3135 silly audit   depd: [ '2.0.0' ],
3135 silly audit   encodeurl: [ '2.0.0' ],
3135 silly audit   'escape-html': [ '1.0.3' ],
3135 silly audit   etag: [ '1.8.1' ],
3135 silly audit   finalhandler: [ '2.1.1' ],
3135 silly audit   fresh: [ '2.0.0' ],
3135 silly audit   'http-errors': [ '2.0.1' ],
3135 silly audit   'merge-descriptors': [ '2.0.0' ],
3135 silly audit   'mime-types': [ '3.0.2' ],
3135 silly audit   'on-finished': [ '2.4.1' ],
3135 silly audit   once: [ '1.4.0' ],
3135 silly audit   parseurl: [ '1.3.3' ],
3135 silly audit   'proxy-addr': [ '2.0.7' ],
3135 silly audit   qs: [ '6.15.0' ],
3135 silly audit   'range-parser': [ '1.2.1' ],
3135 silly audit   router: [ '2.2.0' ],
3135 silly audit   send: [ '1.2.1' ],
3135 silly audit   'serve-static': [ '2.2.1' ],
3135 silly audit   statuses: [ '2.0.2' ],
3135 silly audit   'type-is': [ '2.0.1' ],
3135 silly audit   negotiator: [ '1.0.0' ],
3135 silly audit   bytes: [ '3.1.2' ],
3135 silly audit   'ip-address': [ '10.0.1' ],
3135 silly audit   inherits: [ '2.0.4' ],
3135 silly audit   setprototypeof: [ '1.2.0' ],
3135 silly audit   toidentifier: [ '1.0.1' ],
3135 silly audit   'agent-base': [ '7.1.4' ],
3135 silly audit   'safer-buffer': [ '2.1.2' ],
3135 silly audit   '@istanbuljs/schema': [ '0.1.3' ],
3135 silly audit   'istanbul-lib-coverage': [ '3.2.2' ],
3135 silly audit   '@acemir/cssom': [ '0.9.31' ],
3135 silly audit   '@asamuzakjp/dom-selector': [ '6.8.1' ],
3135 silly audit   '@exodus/bytes': [ '1.14.1' ],
3135 silly audit   cssstyle: [ '5.3.7' ],
3135 silly audit   'data-urls': [ '6.0.1' ],
3135 silly audit   'decimal.js': [ '10.6.0' ],
3135 silly audit   'html-encoding-sniffer': [ '6.0.0' ],
3135 silly audit   'http-proxy-agent': [ '7.0.2' ],
3135 silly audit   'is-potential-custom-element-name': [ '1.0.1' ],
3135 silly audit   parse5: [ '8.0.0' ],
3135 silly audit   saxes: [ '6.0.0' ],
3135 silly audit   'symbol-tree': [ '3.2.4' ],
3135 silly audit   'tough-cookie': [ '6.0.0' ],
3135 silly audit   'w3c-xmlserializer': [ '5.0.0' ],
3135 silly audit   'webidl-conversions': [ '8.0.1' ],
3135 silly audit   'whatwg-mimetype': [ '4.0.0', '5.0.0' ],
3135 silly audit   'whatwg-url': [ '15.1.0' ],
3135 silly audit   ws: [ '8.19.0' ],
3135 silly audit   'xml-name-validator': [ '5.0.0' ],
3135 silly audit   '@asamuzakjp/nwsapi': [ '2.3.9' ],
3135 silly audit   'bidi-js': [ '1.0.3' ],
3135 silly audit   'css-tree': [ '3.1.0' ],
3135 silly audit   'mdn-data': [ '2.12.2' ],
3135 silly audit   'source-map-js': [ '1.2.1' ],
3135 silly audit   '@asamuzakjp/css-color': [ '4.1.2' ],
3135 silly audit   '@csstools/css-syntax-patches-for-csstree': [ '1.0.28' ],
3135 silly audit   '@csstools/css-calc': [ '3.1.1' ],
3135 silly audit   '@csstools/css-parser-algorithms': [ '4.0.0' ],
3135 silly audit   '@csstools/css-tokenizer': [ '4.0.0' ],
3135 silly audit   '@csstools/css-color-parser': [ '4.0.2' ],
3135 silly audit   '@csstools/color-helpers': [ '6.0.2' ],
3135 silly audit   'cli-truncate': [ '5.1.1' ],
3135 silly audit   colorette: [ '2.0.20' ],
3135 silly audit   eventemitter3: [ '5.0.4' ],
3135 silly audit   'log-update': [ '6.1.0' ],
3135 silly audit   rfdc: [ '1.4.1' ],
3135 silly audit   'slice-ansi': [ '7.1.2' ],
3135 silly audit   'string-width': [ '8.2.0', '4.2.3', '7.2.0' ],
3135 silly audit   '@lmdb/lmdb-darwin-arm64': [ '3.4.4' ],
3135 silly audit   '@lmdb/lmdb-darwin-x64': [ '3.4.4' ],
3135 silly audit   '@lmdb/lmdb-linux-arm': [ '3.4.4' ],
3135 silly audit   '@lmdb/lmdb-linux-arm64': [ '3.4.4' ],
3135 silly audit   '@lmdb/lmdb-linux-x64': [ '3.4.4' ],
3135 silly audit   '@lmdb/lmdb-win32-arm64': [ '3.4.4' ],
3135 silly audit   '@lmdb/lmdb-win32-x64': [ '3.4.4' ],
3135 silly audit   msgpackr: [ '1.11.8' ],
3135 silly audit   'node-addon-api': [ '6.1.0', '7.1.1' ],
3135 silly audit   'node-gyp-build-optional-packages': [ '5.2.2' ],
3135 silly audit   'ordered-binary': [ '1.6.1' ],
3135 silly audit   'weak-lru-cache': [ '1.2.2' ],
3135 silly audit   'ansi-escapes': [ '7.3.0' ],
3135 silly audit   'cli-cursor': [ '5.0.0' ],
3135 silly audit   'strip-ansi': [ '7.1.2', '6.0.1' ],
3135 silly audit   environment: [ '1.1.0' ],
3135 silly audit   'restore-cursor': [ '5.1.0' ],
3135 silly audit   yallist: [ '3.1.1', '5.0.0', '4.0.0' ],
3135 silly audit   'mime-db': [ '1.54.0' ],
3135 silly audit   'msgpackr-extract': [ '3.0.3' ],
3135 silly audit   '@msgpackr-extract/msgpackr-extract-darwin-arm64': [ '3.0.3' ],
3135 silly audit   '@msgpackr-extract/msgpackr-extract-darwin-x64': [ '3.0.3' ],
3135 silly audit   '@msgpackr-extract/msgpackr-extract-linux-arm': [ '3.0.3' ],
3135 silly audit   '@msgpackr-extract/msgpackr-extract-linux-arm64': [ '3.0.3' ],
3135 silly audit   '@msgpackr-extract/msgpackr-extract-linux-x64': [ '3.0.3' ],
3135 silly audit   '@msgpackr-extract/msgpackr-extract-win32-x64': [ '3.0.3' ],
3135 silly audit   'detect-libc': [ '2.1.2' ],
3135 silly audit   'hosted-git-info': [ '9.0.2' ],
3135 silly audit   'proc-log': [ '6.1.0' ],
3135 silly audit   'validate-npm-package-name': [ '7.0.2' ],
3135 silly audit   'ee-first': [ '1.1.1' ],
3135 silly audit   wrappy: [ '1.0.2' ],
3135 silly audit   chalk: [ '5.6.2' ],
3135 silly audit   'cli-spinners': [ '3.4.0' ],
3135 silly audit   'is-interactive': [ '2.0.0' ],
3135 silly audit   'is-unicode-supported': [ '2.1.0' ],
3135 silly audit   'log-symbols': [ '7.0.1' ],
3135 silly audit   'stdin-discarder': [ '0.2.2' ],
3135 silly audit   yoctocolors: [ '2.1.2' ],
3135 silly audit   '@npmcli/git': [ '7.0.1' ],
3135 silly audit   '@npmcli/installed-package-contents': [ '4.0.0' ],
3135 silly audit   '@npmcli/package-json': [ '7.0.5' ],
3135 silly audit   '@npmcli/promise-spawn': [ '9.0.1' ],
3135 silly audit   '@npmcli/run-script': [ '10.0.3' ],
3135 silly audit   cacache: [ '20.0.3' ],
3135 silly audit   'fs-minipass': [ '3.0.3' ],
3135 silly audit   minipass: [ '7.1.3', '3.3.6' ],
3135 silly audit   'npm-packlist': [ '10.0.4' ],
3135 silly audit   'npm-pick-manifest': [ '11.0.3' ],
3135 silly audit   'npm-registry-fetch': [ '19.1.1' ],
3135 silly audit   'promise-retry': [ '2.0.1' ],
3135 silly audit   sigstore: [ '4.1.0' ],
3135 silly audit   ssri: [ '13.0.1' ],
3135 silly audit   tar: [ '7.5.9' ],
3135 silly audit   'npm-bundled': [ '5.0.0' ],
3135 silly audit   'npm-normalize-package-bin': [ '5.0.0' ],
3135 silly audit   glob: [ '13.0.6' ],
3135 silly audit   'json-parse-even-better-errors': [ '5.0.0' ],
3135 silly audit   'spdx-expression-parse': [ '4.0.0' ],
3135 silly audit   '@npmcli/node-gyp': [ '5.0.0' ],
3135 silly audit   'node-gyp': [ '12.2.0' ],
3135 silly audit   '@npmcli/fs': [ '5.0.0' ],
3135 silly audit   'minipass-collect': [ '2.0.1' ],
3135 silly audit   'minipass-flush': [ '1.0.5' ],
3135 silly audit   'minipass-pipeline': [ '1.2.4' ],
3135 silly audit   'p-map': [ '7.0.4' ],
3135 silly audit   'unique-filename': [ '5.0.0' ],
3135 silly audit   minimatch: [ '10.2.2' ],
3135 silly audit   'path-scurry': [ '2.0.2' ],
3135 silly audit   'brace-expansion': [ '5.0.3' ],
3135 silly audit   'balanced-match': [ '4.0.4' ],
3135 silly audit   'env-paths': [ '2.2.1' ],
3135 silly audit   'exponential-backoff': [ '3.1.3' ],
3135 silly audit   'graceful-fs': [ '4.2.11' ],
3135 silly audit   'make-fetch-happen': [ '15.0.3' ],
3135 silly audit   nopt: [ '9.0.0' ],
3135 silly audit   '@npmcli/agent': [ '4.0.0' ],
3135 silly audit   'http-cache-semantics': [ '4.2.0' ],
3135 silly audit   'minipass-fetch': [ '5.0.2' ],
3135 silly audit   'socks-proxy-agent': [ '8.0.5' ],
3135 silly audit   'minipass-sized': [ '2.0.0' ],
3135 silly audit   minizlib: [ '3.1.0' ],
3135 silly audit   abbrev: [ '4.0.0' ],
3135 silly audit   'ignore-walk': [ '8.0.0' ],
3135 silly audit   'npm-install-checks': [ '8.0.0' ],
3135 silly audit   '@npmcli/redact': [ '4.0.0' ],
3135 silly audit   jsonparse: [ '1.3.1' ],
3135 silly audit   'parse5-sax-parser': [ '8.0.0' ],
3135 silly audit   '@napi-rs/nice': [ '1.1.1' ],
3135 silly audit   '@napi-rs/nice-android-arm-eabi': [ '1.1.1' ],
3135 silly audit   '@napi-rs/nice-android-arm64': [ '1.1.1' ],
3135 silly audit   '@napi-rs/nice-darwin-arm64': [ '1.1.1' ],
3135 silly audit   '@napi-rs/nice-darwin-x64': [ '1.1.1' ],
3135 silly audit   '@napi-rs/nice-freebsd-x64': [ '1.1.1' ],
3135 silly audit   '@napi-rs/nice-linux-arm-gnueabihf': [ '1.1.1' ],
3135 silly audit   '@napi-rs/nice-linux-arm64-gnu': [ '1.1.1' ],
3135 silly audit   '@napi-rs/nice-linux-arm64-musl': [ '1.1.1' ],
3135 silly audit   '@napi-rs/nice-linux-ppc64-gnu': [ '1.1.1' ],
3135 silly audit   '@napi-rs/nice-linux-riscv64-gnu': [ '1.1.1' ],
3135 silly audit   '@napi-rs/nice-linux-s390x-gnu': [ '1.1.1' ],
3135 silly audit   '@napi-rs/nice-linux-x64-gnu': [ '1.1.1' ],
3135 silly audit   '@napi-rs/nice-linux-x64-musl': [ '1.1.1' ],
3135 silly audit   '@napi-rs/nice-openharmony-arm64': [ '1.1.1' ],
3135 silly audit   '@napi-rs/nice-win32-arm64-msvc': [ '1.1.1' ],
3135 silly audit   '@napi-rs/nice-win32-ia32-msvc': [ '1.1.1' ],
3135 silly audit   '@napi-rs/nice-win32-x64-msvc': [ '1.1.1' ],
3135 silly audit   nanoid: [ '3.3.11' ],
3135 silly audit   'err-code': [ '2.0.3' ],
3135 silly audit   retry: [ '0.12.0' ],
3135 silly audit   forwarded: [ '0.2.0' ],
3135 silly audit   'ipaddr.js': [ '1.9.1' ],
3135 silly audit   'side-channel': [ '1.1.0' ],
3135 silly audit   unpipe: [ '1.0.0' ],
3135 silly audit   'is-core-module': [ '2.16.1' ],
3135 silly audit   'path-parse': [ '1.0.7' ],
3135 silly audit   'supports-preserve-symlinks-flag': [ '1.0.0' ],
3135 silly audit   hasown: [ '2.0.2' ],
3135 silly audit   'function-bind': [ '1.1.2' ],
3135 silly audit   onetime: [ '7.0.0' ],
3135 silly audit   'mimic-function': [ '5.0.1' ],
3135 silly audit   '@oxc-project/types': [ '0.106.0' ],
3135 silly audit   '@rolldown/binding-android-arm64': [ '1.0.0-beta.58' ],
3135 silly audit   '@rolldown/binding-darwin-arm64': [ '1.0.0-beta.58' ],
3135 silly audit   '@rolldown/binding-darwin-x64': [ '1.0.0-beta.58' ],
3135 silly audit   '@rolldown/binding-freebsd-x64': [ '1.0.0-beta.58' ],
3135 silly audit   '@rolldown/binding-linux-arm-gnueabihf': [ '1.0.0-beta.58' ],
3135 silly audit   '@rolldown/binding-linux-arm64-gnu': [ '1.0.0-beta.58' ],
3135 silly audit   '@rolldown/binding-linux-arm64-musl': [ '1.0.0-beta.58' ],
3135 silly audit   '@rolldown/binding-linux-x64-gnu': [ '1.0.0-beta.58' ],
3135 silly audit   '@rolldown/binding-linux-x64-musl': [ '1.0.0-beta.58' ],
3135 silly audit   '@rolldown/binding-openharmony-arm64': [ '1.0.0-beta.58' ],
3135 silly audit   '@rolldown/binding-wasm32-wasi': [ '1.0.0-beta.58' ],
3135 silly audit   '@rolldown/binding-win32-arm64-msvc': [ '1.0.0-beta.58' ],
3135 silly audit   '@rolldown/binding-win32-x64-msvc': [ '1.0.0-beta.58' ],
3135 silly audit   '@rolldown/pluginutils': [ '1.0.0-beta.58' ],
3135 silly audit   '@napi-rs/wasm-runtime': [ '1.1.1' ],
3135 silly audit   '@emnapi/core': [ '1.8.1' ],
3135 silly audit   '@emnapi/runtime': [ '1.8.1' ],
3135 silly audit   '@tybys/wasm-util': [ '0.10.1' ],
3135 silly audit   '@emnapi/wasi-threads': [ '1.1.0' ],
3135 silly audit   'is-promise': [ '4.0.0' ],
3135 silly audit   'path-to-regexp': [ '8.3.0' ],
3135 silly audit   '@parcel/watcher': [ '2.5.6' ],
3135 silly audit   immutable: [ '5.1.4' ],
3135 silly audit   '@parcel/watcher-android-arm64': [ '2.5.6' ],
3135 silly audit   '@parcel/watcher-darwin-arm64': [ '2.5.6' ],
3135 silly audit   '@parcel/watcher-darwin-x64': [ '2.5.6' ],
3135 silly audit   '@parcel/watcher-freebsd-x64': [ '2.5.6' ],
3135 silly audit   '@parcel/watcher-linux-arm-glibc': [ '2.5.6' ],
3135 silly audit   '@parcel/watcher-linux-arm-musl': [ '2.5.6' ],
3135 silly audit   '@parcel/watcher-linux-arm64-glibc': [ '2.5.6' ],
3135 silly audit   '@parcel/watcher-linux-arm64-musl': [ '2.5.6' ],
3135 silly audit   '@parcel/watcher-linux-x64-glibc': [ '2.5.6' ],
3135 silly audit   '@parcel/watcher-linux-x64-musl': [ '2.5.6' ],
3135 silly audit   '@parcel/watcher-win32-arm64': [ '2.5.6' ],
3135 silly audit   '@parcel/watcher-win32-ia32': [ '2.5.6' ],
3135 silly audit   '@parcel/watcher-win32-x64': [ '2.5.6' ],
3135 silly audit   'is-glob': [ '4.0.3' ],
3135 silly audit   'is-extglob': [ '2.1.1' ],
3135 silly audit   xmlchars: [ '2.2.0' ],
3135 silly audit   'shebang-regex': [ '3.0.0' ],
3135 silly audit   'es-errors': [ '1.3.0' ],
3135 silly audit   'object-inspect': [ '1.13.4' ],
3135 silly audit   'side-channel-list': [ '1.0.0' ],
3135 silly audit   'side-channel-map': [ '1.0.1' ],
3135 silly audit   'side-channel-weakmap': [ '1.0.2' ],
3135 silly audit   'call-bound': [ '1.0.4' ],
3135 silly audit   'get-intrinsic': [ '1.3.0' ],
3135 silly audit   'call-bind-apply-helpers': [ '1.0.2' ],
3135 silly audit   'es-define-property': [ '1.0.1' ],
3135 silly audit   'es-object-atoms': [ '1.1.1' ],
3135 silly audit   'get-proto': [ '1.0.1' ],
3135 silly audit   gopd: [ '1.2.0' ],
3135 silly audit   'has-symbols': [ '1.1.0' ],
3135 silly audit   'math-intrinsics': [ '1.1.0' ],
3135 silly audit   'dunder-proto': [ '1.0.1' ],
3135 silly audit   '@sigstore/bundle': [ '4.0.0' ],
3135 silly audit   '@sigstore/core': [ '3.1.0' ],
3135 silly audit   '@sigstore/protobuf-specs': [ '0.5.0' ],
3135 silly audit   '@sigstore/sign': [ '4.1.0' ],
3135 silly audit   '@sigstore/tuf': [ '4.0.1' ],
3135 silly audit   '@sigstore/verify': [ '3.1.0' ],
3135 silly audit   'tuf-js': [ '4.1.0' ],
3135 silly audit   'ansi-styles': [ '6.2.3', '4.3.0' ],
3135 silly audit   'is-fullwidth-code-point': [ '5.1.0', '3.0.0' ],
3135 silly audit   'get-east-asian-width': [ '1.5.0' ],
3135 silly audit   socks: [ '2.8.7' ],
3135 silly audit   'smart-buffer': [ '4.2.0' ],
3135 silly audit   'buffer-from': [ '1.1.2' ],
3135 silly audit   'spdx-exceptions': [ '2.5.0' ],
3135 silly audit   'spdx-license-ids': [ '3.0.23' ],
3135 silly audit   'ansi-regex': [ '6.2.2', '5.0.1' ],
3135 silly audit   '@isaacs/fs-minipass': [ '4.0.1' ],
3135 silly audit   chownr: [ '3.0.0' ],
3135 silly audit   fdir: [ '6.5.0' ],
3135 silly audit   tldts: [ '7.0.23' ],
3135 silly audit   'tldts-core': [ '7.0.23' ],
3135 silly audit   '@tufjs/models': [ '4.1.0' ],
3135 silly audit   '@tufjs/canonical-json': [ '2.0.0' ],
3135 silly audit   'media-typer': [ '1.1.0' ],
3135 silly audit   'unique-slug': [ '6.0.0' ],
3135 silly audit   imurmurhash: [ '0.1.4' ],
3135 silly audit   escalade: [ '3.2.0' ],
3135 silly audit   fsevents: [ '2.3.3' ],
3135 silly audit   rollup: [ '4.59.0' ],
3135 silly audit   '@rollup/rollup-android-arm-eabi': [ '4.59.0' ],
3135 silly audit   '@rollup/rollup-android-arm64': [ '4.59.0' ],
3135 silly audit   '@rollup/rollup-darwin-arm64': [ '4.59.0' ],
3135 silly audit   '@rollup/rollup-darwin-x64': [ '4.59.0' ],
3135 silly audit   '@rollup/rollup-freebsd-arm64': [ '4.59.0' ],
3135 silly audit   '@rollup/rollup-freebsd-x64': [ '4.59.0' ],
3135 silly audit   '@rollup/rollup-linux-arm-gnueabihf': [ '4.59.0' ],
3135 silly audit   '@rollup/rollup-linux-arm-musleabihf': [ '4.59.0' ],
3135 silly audit   '@rollup/rollup-linux-arm64-gnu': [ '4.59.0' ],
3135 silly audit   '@rollup/rollup-linux-arm64-musl': [ '4.59.0' ],
3135 silly audit   '@rollup/rollup-linux-loong64-gnu': [ '4.59.0' ],
3135 silly audit   '@rollup/rollup-linux-loong64-musl': [ '4.59.0' ],
3135 silly audit   '@rollup/rollup-linux-ppc64-gnu': [ '4.59.0' ],
3135 silly audit   '@rollup/rollup-linux-ppc64-musl': [ '4.59.0' ],
3135 silly audit   '@rollup/rollup-linux-riscv64-gnu': [ '4.59.0' ],
3135 silly audit   '@rollup/rollup-linux-riscv64-musl': [ '4.59.0' ],
3135 silly audit   '@rollup/rollup-linux-s390x-gnu': [ '4.59.0' ],
3135 silly audit   '@rollup/rollup-linux-x64-gnu': [ '4.59.0' ],
3135 silly audit   '@rollup/rollup-linux-x64-musl': [ '4.59.0' ],
3135 silly audit   '@rollup/rollup-openbsd-x64': [ '4.59.0' ],
3135 silly audit   '@rollup/rollup-openharmony-arm64': [ '4.59.0' ],
3135 silly audit   '@rollup/rollup-win32-arm64-msvc': [ '4.59.0' ],
3135 silly audit   '@rollup/rollup-win32-ia32-msvc': [ '4.59.0' ],
3135 silly audit   '@rollup/rollup-win32-x64-gnu': [ '4.59.0' ],
3135 silly audit   '@rollup/rollup-win32-x64-msvc': [ '4.59.0' ],
3135 silly audit   '@types/estree': [ '1.0.8' ],
3135 silly audit   '@vitest/expect': [ '4.0.18' ],
3135 silly audit   '@vitest/mocker': [ '4.0.18' ],
3135 silly audit   '@vitest/pretty-format': [ '4.0.18' ],
3135 silly audit   '@vitest/runner': [ '4.0.18' ],
3135 silly audit   '@vitest/snapshot': [ '4.0.18' ],
3135 silly audit   '@vitest/spy': [ '4.0.18' ],
3135 silly audit   '@vitest/utils': [ '4.0.18' ],
3135 silly audit   'es-module-lexer': [ '1.7.0' ],
3135 silly audit   'expect-type': [ '1.3.0' ],
3135 silly audit   obug: [ '2.1.1' ],
3135 silly audit   pathe: [ '2.0.3' ],
3135 silly audit   'std-env': [ '3.10.0' ],
3135 silly audit   tinybench: [ '2.9.0' ],
3135 silly audit   tinyexec: [ '1.0.2' ],
3135 silly audit   tinyrainbow: [ '3.0.3' ],
3135 silly audit   'why-is-node-running': [ '2.3.0' ],
3135 silly audit   '@types/chai': [ '5.2.3' ],
3135 silly audit   chai: [ '6.2.2' ],
3135 silly audit   '@types/deep-eql': [ '4.0.2' ],
3135 silly audit   'assertion-error': [ '2.0.1' ],
3135 silly audit   'estree-walker': [ '3.0.3' ],
3135 silly audit   'glob-to-regexp': [ '0.4.1' ],
3135 silly audit   tr46: [ '6.0.0' ],
3135 silly audit   punycode: [ '2.3.1' ],
3135 silly audit   isexe: [ '2.0.0', '4.0.0' ],
3135 silly audit   siginfo: [ '2.0.0' ],
3135 silly audit   stackback: [ '0.0.2' ],
3135 silly audit   cliui: [ '9.0.1' ],
3135 silly audit   'get-caller-file': [ '2.0.5' ],
3135 silly audit   y18n: [ '5.0.8' ],
3135 silly audit   'yargs-parser': [ '22.0.0' ],
3135 silly audit   'emoji-regex': [ '10.6.0', '8.0.0' ],
3135 silly audit   'color-convert': [ '2.0.1' ],
3135 silly audit   'color-name': [ '1.1.4' ]
3135 silly audit }
3136 http cache color-name@https://registry.npmjs.org/color-name/-/color-name-1.1.4.tgz 0ms (cache hit)
3137 http cache color-convert@https://registry.npmjs.org/color-convert/-/color-convert-2.0.1.tgz 0ms (cache hit)
3138 http cache emoji-regex@https://registry.npmjs.org/emoji-regex/-/emoji-regex-10.6.0.tgz 0ms (cache hit)
3139 http cache yargs-parser@https://registry.npmjs.org/yargs-parser/-/yargs-parser-22.0.0.tgz 0ms (cache hit)
3140 http cache cliui@https://registry.npmjs.org/cliui/-/cliui-9.0.1.tgz 0ms (cache hit)
3141 http cache get-caller-file@https://registry.npmjs.org/get-caller-file/-/get-caller-file-2.0.5.tgz 0ms (cache hit)
3142 http cache y18n@https://registry.npmjs.org/y18n/-/y18n-5.0.8.tgz 0ms (cache hit)
3143 http cache stackback@https://registry.npmjs.org/stackback/-/stackback-0.0.2.tgz 0ms (cache hit)
3144 http cache siginfo@https://registry.npmjs.org/siginfo/-/siginfo-2.0.0.tgz 0ms (cache hit)
3145 http cache punycode@https://registry.npmjs.org/punycode/-/punycode-2.3.1.tgz 0ms (cache hit)
3146 http cache isexe@https://registry.npmjs.org/isexe/-/isexe-2.0.0.tgz 0ms (cache hit)
3147 http cache tr46@https://registry.npmjs.org/tr46/-/tr46-6.0.0.tgz 0ms (cache hit)
3148 http cache assertion-error@https://registry.npmjs.org/assertion-error/-/assertion-error-2.0.1.tgz 0ms (cache hit)
3149 http cache @types/deep-eql@https://registry.npmjs.org/@types/deep-eql/-/deep-eql-4.0.2.tgz 0ms (cache hit)
3150 http cache glob-to-regexp@https://registry.npmjs.org/glob-to-regexp/-/glob-to-regexp-0.4.1.tgz 0ms (cache hit)
3151 http cache chai@https://registry.npmjs.org/chai/-/chai-6.2.2.tgz 0ms (cache hit)
3152 http cache estree-walker@https://registry.npmjs.org/estree-walker/-/estree-walker-3.0.3.tgz 0ms (cache hit)
3153 http cache @types/chai@https://registry.npmjs.org/@types/chai/-/chai-5.2.3.tgz 0ms (cache hit)
3154 http cache why-is-node-running@https://registry.npmjs.org/why-is-node-running/-/why-is-node-running-2.3.0.tgz 0ms (cache hit)
3155 http cache tinyrainbow@https://registry.npmjs.org/tinyrainbow/-/tinyrainbow-3.0.3.tgz 0ms (cache hit)
3156 http cache tinyexec@https://registry.npmjs.org/tinyexec/-/tinyexec-1.0.2.tgz 0ms (cache hit)
3157 http cache tinybench@https://registry.npmjs.org/tinybench/-/tinybench-2.9.0.tgz 0ms (cache hit)
3158 http cache std-env@https://registry.npmjs.org/std-env/-/std-env-3.10.0.tgz 0ms (cache hit)
3159 http cache obug@https://registry.npmjs.org/obug/-/obug-2.1.1.tgz 0ms (cache hit)
3160 http cache pathe@https://registry.npmjs.org/pathe/-/pathe-2.0.3.tgz 0ms (cache hit)
3161 http cache expect-type@https://registry.npmjs.org/expect-type/-/expect-type-1.3.0.tgz 0ms (cache hit)
3162 http cache es-module-lexer@https://registry.npmjs.org/es-module-lexer/-/es-module-lexer-1.7.0.tgz 0ms (cache hit)
3163 http cache @vitest/utils@https://registry.npmjs.org/@vitest/utils/-/utils-4.0.18.tgz 0ms (cache hit)
3164 http cache @vitest/snapshot@https://registry.npmjs.org/@vitest/snapshot/-/snapshot-4.0.18.tgz 0ms (cache hit)
3165 http cache @vitest/spy@https://registry.npmjs.org/@vitest/spy/-/spy-4.0.18.tgz 0ms (cache hit)
3166 http cache @vitest/runner@https://registry.npmjs.org/@vitest/runner/-/runner-4.0.18.tgz 0ms (cache hit)
3167 http cache @vitest/pretty-format@https://registry.npmjs.org/@vitest/pretty-format/-/pretty-format-4.0.18.tgz 0ms (cache hit)
3168 http cache @vitest/mocker@https://registry.npmjs.org/@vitest/mocker/-/mocker-4.0.18.tgz 0ms (cache hit)
3169 http cache @vitest/expect@https://registry.npmjs.org/@vitest/expect/-/expect-4.0.18.tgz 0ms (cache hit)
3170 http cache @types/estree@https://registry.npmjs.org/@types/estree/-/estree-1.0.8.tgz 0ms (cache hit)
3171 http cache @rollup/rollup-win32-x64-msvc@https://registry.npmjs.org/@rollup/rollup-win32-x64-msvc/-/rollup-win32-x64-msvc-4.59.0.tgz 0ms (cache hit)
3172 http cache @rollup/rollup-win32-x64-gnu@https://registry.npmjs.org/@rollup/rollup-win32-x64-gnu/-/rollup-win32-x64-gnu-4.59.0.tgz 0ms (cache hit)
3173 http cache rollup@https://registry.npmjs.org/rollup/-/rollup-4.59.0.tgz 0ms (cache hit)
3174 http cache escalade@https://registry.npmjs.org/escalade/-/escalade-3.2.0.tgz 0ms (cache hit)
3175 http cache imurmurhash@https://registry.npmjs.org/imurmurhash/-/imurmurhash-0.1.4.tgz 0ms (cache hit)
3176 http cache unique-slug@https://registry.npmjs.org/unique-slug/-/unique-slug-6.0.0.tgz 0ms (cache hit)
3177 http cache media-typer@https://registry.npmjs.org/media-typer/-/media-typer-1.1.0.tgz 0ms (cache hit)
3178 http cache @tufjs/models@https://registry.npmjs.org/@tufjs/models/-/models-4.1.0.tgz 0ms (cache hit)
3179 http cache @tufjs/canonical-json@https://registry.npmjs.org/@tufjs/canonical-json/-/canonical-json-2.0.0.tgz 0ms (cache hit)
3180 http cache tldts@https://registry.npmjs.org/tldts/-/tldts-7.0.23.tgz 0ms (cache hit)
3181 http cache fdir@https://registry.npmjs.org/fdir/-/fdir-6.5.0.tgz 0ms (cache hit)
3182 http cache chownr@https://registry.npmjs.org/chownr/-/chownr-3.0.0.tgz 0ms (cache hit)
3183 http cache @isaacs/fs-minipass@https://registry.npmjs.org/@isaacs/fs-minipass/-/fs-minipass-4.0.1.tgz 0ms (cache hit)
3184 http cache ansi-regex@https://registry.npmjs.org/ansi-regex/-/ansi-regex-6.2.2.tgz 0ms (cache hit)
3185 http cache spdx-license-ids@https://registry.npmjs.org/spdx-license-ids/-/spdx-license-ids-3.0.23.tgz 0ms (cache hit)
3186 http cache tldts-core@https://registry.npmjs.org/tldts-core/-/tldts-core-7.0.23.tgz 0ms (cache hit)
3187 http cache smart-buffer@https://registry.npmjs.org/smart-buffer/-/smart-buffer-4.2.0.tgz 0ms (cache hit)
3188 http cache buffer-from@https://registry.npmjs.org/buffer-from/-/buffer-from-1.1.2.tgz 0ms (cache hit)
3189 http cache get-east-asian-width@https://registry.npmjs.org/get-east-asian-width/-/get-east-asian-width-1.5.0.tgz 0ms (cache hit)
3190 http cache is-fullwidth-code-point@https://registry.npmjs.org/is-fullwidth-code-point/-/is-fullwidth-code-point-5.1.0.tgz 0ms (cache hit)
3191 http cache spdx-exceptions@https://registry.npmjs.org/spdx-exceptions/-/spdx-exceptions-2.5.0.tgz 0ms (cache hit)
3192 http cache tuf-js@https://registry.npmjs.org/tuf-js/-/tuf-js-4.1.0.tgz 0ms (cache hit)
3193 http cache socks@https://registry.npmjs.org/socks/-/socks-2.8.7.tgz 0ms (cache hit)
3194 http cache @sigstore/verify@https://registry.npmjs.org/@sigstore/verify/-/verify-3.1.0.tgz 0ms (cache hit)
3195 http cache @sigstore/tuf@https://registry.npmjs.org/@sigstore/tuf/-/tuf-4.0.1.tgz 0ms (cache hit)
3196 http cache @sigstore/sign@https://registry.npmjs.org/@sigstore/sign/-/sign-4.1.0.tgz 0ms (cache hit)
3197 http cache ansi-styles@https://registry.npmjs.org/ansi-styles/-/ansi-styles-6.2.3.tgz 0ms (cache hit)
3198 http cache @sigstore/protobuf-specs@https://registry.npmjs.org/@sigstore/protobuf-specs/-/protobuf-specs-0.5.0.tgz 0ms (cache hit)
3199 http cache @sigstore/core@https://registry.npmjs.org/@sigstore/core/-/core-3.1.0.tgz 0ms (cache hit)
3200 http cache @sigstore/bundle@https://registry.npmjs.org/@sigstore/bundle/-/bundle-4.0.0.tgz 0ms (cache hit)
3201 http cache dunder-proto@https://registry.npmjs.org/dunder-proto/-/dunder-proto-1.0.1.tgz 0ms (cache hit)
3202 http cache has-symbols@https://registry.npmjs.org/has-symbols/-/has-symbols-1.1.0.tgz 0ms (cache hit)
3203 http cache math-intrinsics@https://registry.npmjs.org/math-intrinsics/-/math-intrinsics-1.1.0.tgz 0ms (cache hit)
3204 http cache gopd@https://registry.npmjs.org/gopd/-/gopd-1.2.0.tgz 0ms (cache hit)
3205 http cache es-object-atoms@https://registry.npmjs.org/es-object-atoms/-/es-object-atoms-1.1.1.tgz 0ms (cache hit)
3206 http cache get-proto@https://registry.npmjs.org/get-proto/-/get-proto-1.0.1.tgz 0ms (cache hit)
3207 http cache es-define-property@https://registry.npmjs.org/es-define-property/-/es-define-property-1.0.1.tgz 0ms (cache hit)
3208 http cache call-bind-apply-helpers@https://registry.npmjs.org/call-bind-apply-helpers/-/call-bind-apply-helpers-1.0.2.tgz 0ms (cache hit)
3209 http cache get-intrinsic@https://registry.npmjs.org/get-intrinsic/-/get-intrinsic-1.3.0.tgz 0ms (cache hit)
3210 http cache side-channel-weakmap@https://registry.npmjs.org/side-channel-weakmap/-/side-channel-weakmap-1.0.2.tgz 0ms (cache hit)
3211 http cache call-bound@https://registry.npmjs.org/call-bound/-/call-bound-1.0.4.tgz 0ms (cache hit)
3212 http cache side-channel-map@https://registry.npmjs.org/side-channel-map/-/side-channel-map-1.0.1.tgz 0ms (cache hit)
3213 http cache side-channel-list@https://registry.npmjs.org/side-channel-list/-/side-channel-list-1.0.0.tgz 0ms (cache hit)
3214 http cache object-inspect@https://registry.npmjs.org/object-inspect/-/object-inspect-1.13.4.tgz 0ms (cache hit)
3215 http cache es-errors@https://registry.npmjs.org/es-errors/-/es-errors-1.3.0.tgz 0ms (cache hit)
3216 http cache shebang-regex@https://registry.npmjs.org/shebang-regex/-/shebang-regex-3.0.0.tgz 1ms (cache hit)
3217 http cache xmlchars@https://registry.npmjs.org/xmlchars/-/xmlchars-2.2.0.tgz 0ms (cache hit)
3218 http cache is-extglob@https://registry.npmjs.org/is-extglob/-/is-extglob-2.1.1.tgz 0ms (cache hit)
3219 http cache is-glob@https://registry.npmjs.org/is-glob/-/is-glob-4.0.3.tgz 0ms (cache hit)
3220 http cache @parcel/watcher-win32-x64@https://registry.npmjs.org/@parcel/watcher-win32-x64/-/watcher-win32-x64-2.5.6.tgz 0ms (cache hit)
3221 http cache immutable@https://registry.npmjs.org/immutable/-/immutable-5.1.4.tgz 0ms (cache hit)
3222 http cache path-to-regexp@https://registry.npmjs.org/path-to-regexp/-/path-to-regexp-8.3.0.tgz 0ms (cache hit)
3223 http cache @parcel/watcher@https://registry.npmjs.org/@parcel/watcher/-/watcher-2.5.6.tgz 0ms (cache hit)
3224 http cache is-promise@https://registry.npmjs.org/is-promise/-/is-promise-4.0.0.tgz 0ms (cache hit)
3225 http cache @rolldown/pluginutils@https://registry.npmjs.org/@rolldown/pluginutils/-/pluginutils-1.0.0-beta.58.tgz 0ms (cache hit)
3226 http cache @rolldown/binding-win32-x64-msvc@https://registry.npmjs.org/@rolldown/binding-win32-x64-msvc/-/binding-win32-x64-msvc-1.0.0-beta.58.tgz 0ms (cache hit)
3227 http cache @oxc-project/types@https://registry.npmjs.org/@oxc-project/types/-/types-0.106.0.tgz 0ms (cache hit)
3228 http cache mimic-function@https://registry.npmjs.org/mimic-function/-/mimic-function-5.0.1.tgz 0ms (cache hit)
3229 http cache function-bind@https://registry.npmjs.org/function-bind/-/function-bind-1.1.2.tgz 0ms (cache hit)
3230 http cache onetime@https://registry.npmjs.org/onetime/-/onetime-7.0.0.tgz 0ms (cache hit)
3231 http cache supports-preserve-symlinks-flag@https://registry.npmjs.org/supports-preserve-symlinks-flag/-/supports-preserve-symlinks-flag-1.0.0.tgz 0ms (cache hit)
3232 http cache path-parse@https://registry.npmjs.org/path-parse/-/path-parse-1.0.7.tgz 0ms (cache hit)
3233 http cache hasown@https://registry.npmjs.org/hasown/-/hasown-2.0.2.tgz 0ms (cache hit)
3234 http cache is-core-module@https://registry.npmjs.org/is-core-module/-/is-core-module-2.16.1.tgz 0ms (cache hit)
3235 http cache unpipe@https://registry.npmjs.org/unpipe/-/unpipe-1.0.0.tgz 0ms (cache hit)
3236 http cache side-channel@https://registry.npmjs.org/side-channel/-/side-channel-1.1.0.tgz 0ms (cache hit)
3237 http cache ipaddr.js@https://registry.npmjs.org/ipaddr.js/-/ipaddr.js-1.9.1.tgz 0ms (cache hit)
3238 http cache retry@https://registry.npmjs.org/retry/-/retry-0.12.0.tgz 0ms (cache hit)
3239 http cache forwarded@https://registry.npmjs.org/forwarded/-/forwarded-0.2.0.tgz 0ms (cache hit)
3240 http cache err-code@https://registry.npmjs.org/err-code/-/err-code-2.0.3.tgz 0ms (cache hit)
3241 http cache nanoid@https://registry.npmjs.org/nanoid/-/nanoid-3.3.11.tgz 0ms (cache hit)
3242 http cache @napi-rs/nice-win32-x64-msvc@https://registry.npmjs.org/@napi-rs/nice-win32-x64-msvc/-/nice-win32-x64-msvc-1.1.1.tgz 0ms (cache hit)
3243 http cache @napi-rs/nice@https://registry.npmjs.org/@napi-rs/nice/-/nice-1.1.1.tgz 0ms (cache hit)
3244 http cache parse5-sax-parser@https://registry.npmjs.org/parse5-sax-parser/-/parse5-sax-parser-8.0.0.tgz 1ms (cache hit)
3245 http cache jsonparse@https://registry.npmjs.org/jsonparse/-/jsonparse-1.3.1.tgz 0ms (cache hit)
3246 http cache npm-install-checks@https://registry.npmjs.org/npm-install-checks/-/npm-install-checks-8.0.0.tgz 0ms (cache hit)
3247 http cache @npmcli/redact@https://registry.npmjs.org/@npmcli/redact/-/redact-4.0.0.tgz 0ms (cache hit)
3248 http cache ignore-walk@https://registry.npmjs.org/ignore-walk/-/ignore-walk-8.0.0.tgz 0ms (cache hit)
3249 http cache minizlib@https://registry.npmjs.org/minizlib/-/minizlib-3.1.0.tgz 0ms (cache hit)
3250 http cache abbrev@https://registry.npmjs.org/abbrev/-/abbrev-4.0.0.tgz 0ms (cache hit)
3251 http cache socks-proxy-agent@https://registry.npmjs.org/socks-proxy-agent/-/socks-proxy-agent-8.0.5.tgz 0ms (cache hit)
3252 http cache minipass-sized@https://registry.npmjs.org/minipass-sized/-/minipass-sized-2.0.0.tgz 0ms (cache hit)
3253 http cache minipass-fetch@https://registry.npmjs.org/minipass-fetch/-/minipass-fetch-5.0.2.tgz 0ms (cache hit)
3254 http cache @npmcli/agent@https://registry.npmjs.org/@npmcli/agent/-/agent-4.0.0.tgz 0ms (cache hit)
3255 http cache http-cache-semantics@https://registry.npmjs.org/http-cache-semantics/-/http-cache-semantics-4.2.0.tgz 0ms (cache hit)
3256 http cache make-fetch-happen@https://registry.npmjs.org/make-fetch-happen/-/make-fetch-happen-15.0.3.tgz 0ms (cache hit)
3257 http cache nopt@https://registry.npmjs.org/nopt/-/nopt-9.0.0.tgz 0ms (cache hit)
3258 http cache graceful-fs@https://registry.npmjs.org/graceful-fs/-/graceful-fs-4.2.11.tgz 0ms (cache hit)
3259 http cache balanced-match@https://registry.npmjs.org/balanced-match/-/balanced-match-4.0.4.tgz 0ms (cache hit)
3260 http cache env-paths@https://registry.npmjs.org/env-paths/-/env-paths-2.2.1.tgz 0ms (cache hit)
3261 http cache exponential-backoff@https://registry.npmjs.org/exponential-backoff/-/exponential-backoff-3.1.3.tgz 0ms (cache hit)
3262 http cache path-scurry@https://registry.npmjs.org/path-scurry/-/path-scurry-2.0.2.tgz 0ms (cache hit)
3263 http cache brace-expansion@https://registry.npmjs.org/brace-expansion/-/brace-expansion-5.0.3.tgz 0ms (cache hit)
3264 http cache minimatch@https://registry.npmjs.org/minimatch/-/minimatch-10.2.2.tgz 0ms (cache hit)
3265 http cache unique-filename@https://registry.npmjs.org/unique-filename/-/unique-filename-5.0.0.tgz 0ms (cache hit)
3266 http cache p-map@https://registry.npmjs.org/p-map/-/p-map-7.0.4.tgz 0ms (cache hit)
3267 http cache minipass-pipeline@https://registry.npmjs.org/minipass-pipeline/-/minipass-pipeline-1.2.4.tgz 0ms (cache hit)
3268 http cache minipass-flush@https://registry.npmjs.org/minipass-flush/-/minipass-flush-1.0.5.tgz 0ms (cache hit)
3269 http cache @npmcli/fs@https://registry.npmjs.org/@npmcli/fs/-/fs-5.0.0.tgz 0ms (cache hit)
3270 http cache minipass-collect@https://registry.npmjs.org/minipass-collect/-/minipass-collect-2.0.1.tgz 0ms (cache hit)
3271 http cache node-gyp@https://registry.npmjs.org/node-gyp/-/node-gyp-12.2.0.tgz 0ms (cache hit)
3272 http cache @npmcli/node-gyp@https://registry.npmjs.org/@npmcli/node-gyp/-/node-gyp-5.0.0.tgz 0ms (cache hit)
3273 http cache spdx-expression-parse@https://registry.npmjs.org/spdx-expression-parse/-/spdx-expression-parse-4.0.0.tgz 0ms (cache hit)
3274 http cache json-parse-even-better-errors@https://registry.npmjs.org/json-parse-even-better-errors/-/json-parse-even-better-errors-5.0.0.tgz 0ms (cache hit)
3275 http cache glob@https://registry.npmjs.org/glob/-/glob-13.0.6.tgz 0ms (cache hit)
3276 http cache npm-normalize-package-bin@https://registry.npmjs.org/npm-normalize-package-bin/-/npm-normalize-package-bin-5.0.0.tgz 0ms (cache hit)
3277 http cache tar@https://registry.npmjs.org/tar/-/tar-7.5.9.tgz 0ms (cache hit)
3278 http cache npm-bundled@https://registry.npmjs.org/npm-bundled/-/npm-bundled-5.0.0.tgz 0ms (cache hit)
3279 http cache ssri@https://registry.npmjs.org/ssri/-/ssri-13.0.1.tgz 1ms (cache hit)
3280 http cache sigstore@https://registry.npmjs.org/sigstore/-/sigstore-4.1.0.tgz 0ms (cache hit)
3281 http cache promise-retry@https://registry.npmjs.org/promise-retry/-/promise-retry-2.0.1.tgz 0ms (cache hit)
3282 http cache npm-pick-manifest@https://registry.npmjs.org/npm-pick-manifest/-/npm-pick-manifest-11.0.3.tgz 0ms (cache hit)
3283 http cache npm-packlist@https://registry.npmjs.org/npm-packlist/-/npm-packlist-10.0.4.tgz 0ms (cache hit)
3284 http cache npm-registry-fetch@https://registry.npmjs.org/npm-registry-fetch/-/npm-registry-fetch-19.1.1.tgz 0ms (cache hit)
3285 http cache minipass@https://registry.npmjs.org/minipass/-/minipass-7.1.3.tgz 0ms (cache hit)
3286 http cache fs-minipass@https://registry.npmjs.org/fs-minipass/-/fs-minipass-3.0.3.tgz 0ms (cache hit)
3287 http cache @npmcli/run-script@https://registry.npmjs.org/@npmcli/run-script/-/run-script-10.0.3.tgz 0ms (cache hit)
3288 http cache @npmcli/promise-spawn@https://registry.npmjs.org/@npmcli/promise-spawn/-/promise-spawn-9.0.1.tgz 0ms (cache hit)
3289 http cache cacache@https://registry.npmjs.org/cacache/-/cacache-20.0.3.tgz 0ms (cache hit)
3290 http cache @npmcli/installed-package-contents@https://registry.npmjs.org/@npmcli/installed-package-contents/-/installed-package-contents-4.0.0.tgz 0ms (cache hit)
3291 http cache @npmcli/package-json@https://registry.npmjs.org/@npmcli/package-json/-/package-json-7.0.5.tgz 0ms (cache hit)
3292 http cache @npmcli/git@https://registry.npmjs.org/@npmcli/git/-/git-7.0.1.tgz 1ms (cache hit)
3293 http cache stdin-discarder@https://registry.npmjs.org/stdin-discarder/-/stdin-discarder-0.2.2.tgz 0ms (cache hit)
3294 http cache log-symbols@https://registry.npmjs.org/log-symbols/-/log-symbols-7.0.1.tgz 0ms (cache hit)
3295 http cache yoctocolors@https://registry.npmjs.org/yoctocolors/-/yoctocolors-2.1.2.tgz 0ms (cache hit)
3296 http cache is-interactive@https://registry.npmjs.org/is-interactive/-/is-interactive-2.0.0.tgz 0ms (cache hit)
3297 http cache is-unicode-supported@https://registry.npmjs.org/is-unicode-supported/-/is-unicode-supported-2.1.0.tgz 0ms (cache hit)
3298 http cache chalk@https://registry.npmjs.org/chalk/-/chalk-5.6.2.tgz 0ms (cache hit)
3299 http cache wrappy@https://registry.npmjs.org/wrappy/-/wrappy-1.0.2.tgz 0ms (cache hit)
3300 http cache cli-spinners@https://registry.npmjs.org/cli-spinners/-/cli-spinners-3.4.0.tgz 0ms (cache hit)
3301 http cache ee-first@https://registry.npmjs.org/ee-first/-/ee-first-1.1.1.tgz 0ms (cache hit)
3302 http cache proc-log@https://registry.npmjs.org/proc-log/-/proc-log-6.1.0.tgz 0ms (cache hit)
3303 http cache validate-npm-package-name@https://registry.npmjs.org/validate-npm-package-name/-/validate-npm-package-name-7.0.2.tgz 0ms (cache hit)
3304 http cache hosted-git-info@https://registry.npmjs.org/hosted-git-info/-/hosted-git-info-9.0.2.tgz 0ms (cache hit)
3305 http cache detect-libc@https://registry.npmjs.org/detect-libc/-/detect-libc-2.1.2.tgz 0ms (cache hit)
3306 http cache msgpackr-extract@https://registry.npmjs.org/msgpackr-extract/-/msgpackr-extract-3.0.3.tgz 0ms (cache hit)
3307 http cache @msgpackr-extract/msgpackr-extract-win32-x64@https://registry.npmjs.org/@msgpackr-extract/msgpackr-extract-win32-x64/-/msgpackr-extract-win32-x64-3.0.3.tgz 0ms (cache hit)
3308 http cache mime-db@https://registry.npmjs.org/mime-db/-/mime-db-1.54.0.tgz 0ms (cache hit)
3309 http cache yallist@https://registry.npmjs.org/yallist/-/yallist-3.1.1.tgz 0ms (cache hit)
3310 http cache environment@https://registry.npmjs.org/environment/-/environment-1.1.0.tgz 0ms (cache hit)
3311 http cache restore-cursor@https://registry.npmjs.org/restore-cursor/-/restore-cursor-5.1.0.tgz 0ms (cache hit)
3312 http cache cli-cursor@https://registry.npmjs.org/cli-cursor/-/cli-cursor-5.0.0.tgz 0ms (cache hit)
3313 http cache strip-ansi@https://registry.npmjs.org/strip-ansi/-/strip-ansi-7.1.2.tgz 0ms (cache hit)
3314 http cache weak-lru-cache@https://registry.npmjs.org/weak-lru-cache/-/weak-lru-cache-1.2.2.tgz 0ms (cache hit)
3315 http cache ansi-escapes@https://registry.npmjs.org/ansi-escapes/-/ansi-escapes-7.3.0.tgz 1ms (cache hit)
3316 http cache node-gyp-build-optional-packages@https://registry.npmjs.org/node-gyp-build-optional-packages/-/node-gyp-build-optional-packages-5.2.2.tgz 0ms (cache hit)
3317 http cache ordered-binary@https://registry.npmjs.org/ordered-binary/-/ordered-binary-1.6.1.tgz 0ms (cache hit)
3318 http cache msgpackr@https://registry.npmjs.org/msgpackr/-/msgpackr-1.11.8.tgz 0ms (cache hit)
3319 http cache @lmdb/lmdb-win32-x64@https://registry.npmjs.org/@lmdb/lmdb-win32-x64/-/lmdb-win32-x64-3.4.4.tgz 0ms (cache hit)
3320 http cache node-addon-api@https://registry.npmjs.org/node-addon-api/-/node-addon-api-6.1.0.tgz 0ms (cache hit)
3321 http cache rfdc@https://registry.npmjs.org/rfdc/-/rfdc-1.4.1.tgz 0ms (cache hit)
3322 http cache string-width@https://registry.npmjs.org/string-width/-/string-width-8.2.0.tgz 0ms (cache hit)
3323 http cache slice-ansi@https://registry.npmjs.org/slice-ansi/-/slice-ansi-7.1.2.tgz 0ms (cache hit)
3324 http cache colorette@https://registry.npmjs.org/colorette/-/colorette-2.0.20.tgz 0ms (cache hit)
3325 http cache eventemitter3@https://registry.npmjs.org/eventemitter3/-/eventemitter3-5.0.4.tgz 0ms (cache hit)
3326 http cache log-update@https://registry.npmjs.org/log-update/-/log-update-6.1.0.tgz 0ms (cache hit)
3327 http cache cli-truncate@https://registry.npmjs.org/cli-truncate/-/cli-truncate-5.1.1.tgz 0ms (cache hit)
3328 http cache @csstools/color-helpers@https://registry.npmjs.org/@csstools/color-helpers/-/color-helpers-6.0.2.tgz 0ms (cache hit)
3329 http cache @csstools/css-tokenizer@https://registry.npmjs.org/@csstools/css-tokenizer/-/css-tokenizer-4.0.0.tgz 0ms (cache hit)
3330 http cache @csstools/css-parser-algorithms@https://registry.npmjs.org/@csstools/css-parser-algorithms/-/css-parser-algorithms-4.0.0.tgz 0ms (cache hit)
3331 http cache @csstools/css-color-parser@https://registry.npmjs.org/@csstools/css-color-parser/-/css-color-parser-4.0.2.tgz 0ms (cache hit)
3332 http cache @csstools/css-syntax-patches-for-csstree@https://registry.npmjs.org/@csstools/css-syntax-patches-for-csstree/-/css-syntax-patches-for-csstree-1.0.28.tgz 0ms (cache hit)
3333 http cache @csstools/css-calc@https://registry.npmjs.org/@csstools/css-calc/-/css-calc-3.1.1.tgz 0ms (cache hit)
3334 http cache @asamuzakjp/css-color@https://registry.npmjs.org/@asamuzakjp/css-color/-/css-color-4.1.2.tgz 0ms (cache hit)
3335 http cache source-map-js@https://registry.npmjs.org/source-map-js/-/source-map-js-1.2.1.tgz 0ms (cache hit)
3336 http cache mdn-data@https://registry.npmjs.org/mdn-data/-/mdn-data-2.12.2.tgz 0ms (cache hit)
3337 http cache css-tree@https://registry.npmjs.org/css-tree/-/css-tree-3.1.0.tgz 0ms (cache hit)
3338 http cache bidi-js@https://registry.npmjs.org/bidi-js/-/bidi-js-1.0.3.tgz 0ms (cache hit)
3339 http cache xml-name-validator@https://registry.npmjs.org/xml-name-validator/-/xml-name-validator-5.0.0.tgz 0ms (cache hit)
3340 http cache @asamuzakjp/nwsapi@https://registry.npmjs.org/@asamuzakjp/nwsapi/-/nwsapi-2.3.9.tgz 0ms (cache hit)
3341 http cache ws@https://registry.npmjs.org/ws/-/ws-8.19.0.tgz 0ms (cache hit)
3342 http cache whatwg-mimetype@https://registry.npmjs.org/whatwg-mimetype/-/whatwg-mimetype-4.0.0.tgz 0ms (cache hit)
3343 http cache webidl-conversions@https://registry.npmjs.org/webidl-conversions/-/webidl-conversions-8.0.1.tgz 0ms (cache hit)
3344 http cache whatwg-url@https://registry.npmjs.org/whatwg-url/-/whatwg-url-15.1.0.tgz 0ms (cache hit)
3345 http cache w3c-xmlserializer@https://registry.npmjs.org/w3c-xmlserializer/-/w3c-xmlserializer-5.0.0.tgz 0ms (cache hit)
3346 http cache tough-cookie@https://registry.npmjs.org/tough-cookie/-/tough-cookie-6.0.0.tgz 0ms (cache hit)
3347 http cache symbol-tree@https://registry.npmjs.org/symbol-tree/-/symbol-tree-3.2.4.tgz 0ms (cache hit)
3348 http cache saxes@https://registry.npmjs.org/saxes/-/saxes-6.0.0.tgz 0ms (cache hit)
3349 http cache is-potential-custom-element-name@https://registry.npmjs.org/is-potential-custom-element-name/-/is-potential-custom-element-name-1.0.1.tgz 0ms (cache hit)
3350 http cache http-proxy-agent@https://registry.npmjs.org/http-proxy-agent/-/http-proxy-agent-7.0.2.tgz 0ms (cache hit)
3351 http cache parse5@https://registry.npmjs.org/parse5/-/parse5-8.0.0.tgz 0ms (cache hit)
3352 http cache html-encoding-sniffer@https://registry.npmjs.org/html-encoding-sniffer/-/html-encoding-sniffer-6.0.0.tgz 0ms (cache hit)
3353 http cache @exodus/bytes@https://registry.npmjs.org/@exodus/bytes/-/bytes-1.14.1.tgz 0ms (cache hit)
3354 http cache decimal.js@https://registry.npmjs.org/decimal.js/-/decimal.js-10.6.0.tgz 0ms (cache hit)
3355 http cache data-urls@https://registry.npmjs.org/data-urls/-/data-urls-6.0.1.tgz 0ms (cache hit)
3356 http cache cssstyle@https://registry.npmjs.org/cssstyle/-/cssstyle-5.3.7.tgz 0ms (cache hit)
3357 http cache @asamuzakjp/dom-selector@https://registry.npmjs.org/@asamuzakjp/dom-selector/-/dom-selector-6.8.1.tgz 0ms (cache hit)
3358 http cache istanbul-lib-coverage@https://registry.npmjs.org/istanbul-lib-coverage/-/istanbul-lib-coverage-3.2.2.tgz 0ms (cache hit)
3359 http cache @acemir/cssom@https://registry.npmjs.org/@acemir/cssom/-/cssom-0.9.31.tgz 0ms (cache hit)
3360 http cache @istanbuljs/schema@https://registry.npmjs.org/@istanbuljs/schema/-/schema-0.1.3.tgz 1ms (cache hit)
3361 http cache agent-base@https://registry.npmjs.org/agent-base/-/agent-base-7.1.4.tgz 0ms (cache hit)
3362 http cache safer-buffer@https://registry.npmjs.org/safer-buffer/-/safer-buffer-2.1.2.tgz 0ms (cache hit)
3363 http cache setprototypeof@https://registry.npmjs.org/setprototypeof/-/setprototypeof-1.2.0.tgz 0ms (cache hit)
3364 http cache toidentifier@https://registry.npmjs.org/toidentifier/-/toidentifier-1.0.1.tgz 0ms (cache hit)
3365 http cache inherits@https://registry.npmjs.org/inherits/-/inherits-2.0.4.tgz 0ms (cache hit)
3366 http cache bytes@https://registry.npmjs.org/bytes/-/bytes-3.1.2.tgz 0ms (cache hit)
3367 http cache ip-address@https://registry.npmjs.org/ip-address/-/ip-address-10.0.1.tgz 0ms (cache hit)
3368 http cache negotiator@https://registry.npmjs.org/negotiator/-/negotiator-1.0.0.tgz 0ms (cache hit)
3369 http cache statuses@https://registry.npmjs.org/statuses/-/statuses-2.0.2.tgz 0ms (cache hit)
3370 http cache type-is@https://registry.npmjs.org/type-is/-/type-is-2.0.1.tgz 0ms (cache hit)
3371 http cache serve-static@https://registry.npmjs.org/serve-static/-/serve-static-2.2.1.tgz 0ms (cache hit)
3372 http cache send@https://registry.npmjs.org/send/-/send-1.2.1.tgz 0ms (cache hit)
3373 http cache router@https://registry.npmjs.org/router/-/router-2.2.0.tgz 0ms (cache hit)
3374 http cache range-parser@https://registry.npmjs.org/range-parser/-/range-parser-1.2.1.tgz 0ms (cache hit)
3375 http cache proxy-addr@https://registry.npmjs.org/proxy-addr/-/proxy-addr-2.0.7.tgz 0ms (cache hit)
3376 http cache parseurl@https://registry.npmjs.org/parseurl/-/parseurl-1.3.3.tgz 0ms (cache hit)
3377 http cache qs@https://registry.npmjs.org/qs/-/qs-6.15.0.tgz 1ms (cache hit)
3378 http cache once@https://registry.npmjs.org/once/-/once-1.4.0.tgz 0ms (cache hit)
3379 http cache on-finished@https://registry.npmjs.org/on-finished/-/on-finished-2.4.1.tgz 0ms (cache hit)
3380 http cache mime-types@https://registry.npmjs.org/mime-types/-/mime-types-3.0.2.tgz 0ms (cache hit)
3381 http cache merge-descriptors@https://registry.npmjs.org/merge-descriptors/-/merge-descriptors-2.0.0.tgz 0ms (cache hit)
3382 http cache http-errors@https://registry.npmjs.org/http-errors/-/http-errors-2.0.1.tgz 0ms (cache hit)
3383 http cache fresh@https://registry.npmjs.org/fresh/-/fresh-2.0.0.tgz 0ms (cache hit)
3384 http cache etag@https://registry.npmjs.org/etag/-/etag-1.8.1.tgz 0ms (cache hit)
3385 http cache finalhandler@https://registry.npmjs.org/finalhandler/-/finalhandler-2.1.1.tgz 0ms (cache hit)
3386 http cache escape-html@https://registry.npmjs.org/escape-html/-/escape-html-1.0.3.tgz 0ms (cache hit)
3387 http cache encodeurl@https://registry.npmjs.org/encodeurl/-/encodeurl-2.0.0.tgz 0ms (cache hit)
3388 http cache depd@https://registry.npmjs.org/depd/-/depd-2.0.0.tgz 0ms (cache hit)
3389 http cache cookie@https://registry.npmjs.org/cookie/-/cookie-0.7.2.tgz 0ms (cache hit)
3390 http cache cookie-signature@https://registry.npmjs.org/cookie-signature/-/cookie-signature-1.2.2.tgz 0ms (cache hit)
3391 http cache content-disposition@https://registry.npmjs.org/content-disposition/-/content-disposition-1.0.1.tgz 0ms (cache hit)
3392 http cache body-parser@https://registry.npmjs.org/body-parser/-/body-parser-2.2.2.tgz 0ms (cache hit)
3393 http cache @esbuild/win32-x64@https://registry.npmjs.org/@esbuild/win32-x64/-/win32-x64-0.27.2.tgz 0ms (cache hit)
3394 http cache domelementtype@https://registry.npmjs.org/domelementtype/-/domelementtype-2.3.0.tgz 0ms (cache hit)
3395 http cache accepts@https://registry.npmjs.org/accepts/-/accepts-2.0.0.tgz 0ms (cache hit)
3396 http cache ms@https://registry.npmjs.org/ms/-/ms-2.1.3.tgz 0ms (cache hit)
3397 http cache nth-check@https://registry.npmjs.org/nth-check/-/nth-check-2.1.1.tgz 0ms (cache hit)
3398 http cache entities@https://registry.npmjs.org/entities/-/entities-4.5.0.tgz 0ms (cache hit)
3399 http cache boolbase@https://registry.npmjs.org/boolbase/-/boolbase-1.0.0.tgz 0ms (cache hit)
3400 http cache domutils@https://registry.npmjs.org/domutils/-/domutils-3.2.2.tgz 0ms (cache hit)
3401 http cache which@https://registry.npmjs.org/which/-/which-2.0.2.tgz 0ms (cache hit)
3402 http cache shebang-command@https://registry.npmjs.org/shebang-command/-/shebang-command-2.0.0.tgz 0ms (cache hit)
3403 http cache vary@https://registry.npmjs.org/vary/-/vary-1.1.2.tgz 0ms (cache hit)
3404 http cache path-key@https://registry.npmjs.org/path-key/-/path-key-3.1.1.tgz 0ms (cache hit)
3405 http cache readdirp@https://registry.npmjs.org/readdirp/-/readdirp-5.0.0.tgz 0ms (cache hit)
3406 http cache object-assign@https://registry.npmjs.org/object-assign/-/object-assign-4.1.1.tgz 0ms (cache hit)
3407 http cache update-browserslist-db@https://registry.npmjs.org/update-browserslist-db/-/update-browserslist-db-1.2.3.tgz 0ms (cache hit)
3408 http cache electron-to-chromium@https://registry.npmjs.org/electron-to-chromium/-/electron-to-chromium-1.5.302.tgz 0ms (cache hit)
3409 http cache node-releases@https://registry.npmjs.org/node-releases/-/node-releases-2.0.27.tgz 0ms (cache hit)
3410 http cache baseline-browser-mapping@https://registry.npmjs.org/baseline-browser-mapping/-/baseline-browser-mapping-2.10.0.tgz 0ms (cache hit)
3411 http cache caniuse-lite@https://registry.npmjs.org/caniuse-lite/-/caniuse-lite-1.0.30001774.tgz 0ms (cache hit)
3412 http cache postcss-media-query-parser@https://registry.npmjs.org/postcss-media-query-parser/-/postcss-media-query-parser-0.2.3.tgz 0ms (cache hit)
3413 http cache htmlparser2@https://registry.npmjs.org/htmlparser2/-/htmlparser2-10.1.0.tgz 0ms (cache hit)
3414 http cache postcss@https://registry.npmjs.org/postcss/-/postcss-8.5.6.tgz 0ms (cache hit)
3415 http cache dom-serializer@https://registry.npmjs.org/dom-serializer/-/dom-serializer-2.0.0.tgz 0ms (cache hit)
3416 http cache domhandler@https://registry.npmjs.org/domhandler/-/domhandler-5.0.3.tgz 0ms (cache hit)
3417 http cache css-what@https://registry.npmjs.org/css-what/-/css-what-7.0.0.tgz 0ms (cache hit)
3418 http cache @algolia/requester-node-http@https://registry.npmjs.org/@algolia/requester-node-http/-/requester-node-http-5.46.2.tgz 0ms (cache hit)
3419 http cache css-select@https://registry.npmjs.org/css-select/-/css-select-6.0.0.tgz 0ms (cache hit)
3420 http cache @algolia/requester-fetch@https://registry.npmjs.org/@algolia/requester-fetch/-/requester-fetch-5.46.2.tgz 0ms (cache hit)
3421 http cache @algolia/requester-browser-xhr@https://registry.npmjs.org/@algolia/requester-browser-xhr/-/requester-browser-xhr-5.46.2.tgz 0ms (cache hit)
3422 http cache @algolia/recommend@https://registry.npmjs.org/@algolia/recommend/-/recommend-5.46.2.tgz 0ms (cache hit)
3423 http cache @algolia/monitoring@https://registry.npmjs.org/@algolia/monitoring/-/monitoring-1.46.2.tgz 0ms (cache hit)
3424 http cache @algolia/ingestion@https://registry.npmjs.org/@algolia/ingestion/-/ingestion-1.46.2.tgz 0ms (cache hit)
3425 http cache @algolia/client-search@https://registry.npmjs.org/@algolia/client-search/-/client-search-5.46.2.tgz 0ms (cache hit)
3426 http cache @algolia/client-personalization@https://registry.npmjs.org/@algolia/client-personalization/-/client-personalization-5.46.2.tgz 0ms (cache hit)
3427 http cache @algolia/client-insights@https://registry.npmjs.org/@algolia/client-insights/-/client-insights-5.46.2.tgz 0ms (cache hit)
3428 http cache @algolia/client-common@https://registry.npmjs.org/@algolia/client-common/-/client-common-5.46.2.tgz 0ms (cache hit)
3429 http cache @algolia/client-query-suggestions@https://registry.npmjs.org/@algolia/client-query-suggestions/-/client-query-suggestions-5.46.2.tgz 0ms (cache hit)
3430 http cache @algolia/client-abtesting@https://registry.npmjs.org/@algolia/client-abtesting/-/client-abtesting-5.46.2.tgz 0ms (cache hit)
3431 http cache @algolia/client-analytics@https://registry.npmjs.org/@algolia/client-analytics/-/client-analytics-5.46.2.tgz 0ms (cache hit)
3432 http cache @algolia/abtesting@https://registry.npmjs.org/@algolia/abtesting/-/abtesting-1.12.2.tgz 0ms (cache hit)
3433 http cache json-schema-traverse@https://registry.npmjs.org/json-schema-traverse/-/json-schema-traverse-1.0.0.tgz 0ms (cache hit)
3434 http cache require-from-string@https://registry.npmjs.org/require-from-string/-/require-from-string-2.0.2.tgz 0ms (cache hit)
3435 http cache fast-uri@https://registry.npmjs.org/fast-uri/-/fast-uri-3.1.0.tgz 0ms (cache hit)
3436 http cache fast-deep-equal@https://registry.npmjs.org/fast-deep-equal/-/fast-deep-equal-3.1.3.tgz 0ms (cache hit)
3437 http cache zod-to-json-schema@https://registry.npmjs.org/zod-to-json-schema/-/zod-to-json-schema-3.25.1.tgz 0ms (cache hit)
3438 http cache raw-body@https://registry.npmjs.org/raw-body/-/raw-body-3.0.2.tgz 0ms (cache hit)
3439 http cache json-schema-typed@https://registry.npmjs.org/json-schema-typed/-/json-schema-typed-8.0.2.tgz 0ms (cache hit)
3440 http cache pkce-challenge@https://registry.npmjs.org/pkce-challenge/-/pkce-challenge-5.0.1.tgz 0ms (cache hit)
3441 http cache jose@https://registry.npmjs.org/jose/-/jose-6.1.3.tgz 0ms (cache hit)
3442 http cache express-rate-limit@https://registry.npmjs.org/express-rate-limit/-/express-rate-limit-8.2.1.tgz 0ms (cache hit)
3443 http cache eventsource-parser@https://registry.npmjs.org/eventsource-parser/-/eventsource-parser-3.0.6.tgz 0ms (cache hit)
3444 http cache eventsource@https://registry.npmjs.org/eventsource/-/eventsource-3.0.7.tgz 0ms (cache hit)
3445 http cache cross-spawn@https://registry.npmjs.org/cross-spawn/-/cross-spawn-7.0.6.tgz 0ms (cache hit)
3446 http cache express@https://registry.npmjs.org/express/-/express-5.2.1.tgz 0ms (cache hit)
3447 http cache content-type@https://registry.npmjs.org/content-type/-/content-type-1.0.5.tgz 0ms (cache hit)
3448 http cache cors@https://registry.npmjs.org/cors/-/cors-2.8.6.tgz 0ms (cache hit)
3449 http cache hono@https://registry.npmjs.org/hono/-/hono-4.12.2.tgz 0ms (cache hit)
3450 http cache @hono/node-server@https://registry.npmjs.org/@hono/node-server/-/node-server-1.19.9.tgz 0ms (cache hit)
3451 http cache @jridgewell/resolve-uri@https://registry.npmjs.org/@jridgewell/resolve-uri/-/resolve-uri-3.1.2.tgz 0ms (cache hit)
3452 http cache iconv-lite@https://registry.npmjs.org/iconv-lite/-/iconv-lite-0.7.2.tgz 0ms (cache hit)
3453 http cache chardet@https://registry.npmjs.org/chardet/-/chardet-2.1.1.tgz 0ms (cache hit)
3454 http cache @inquirer/external-editor@https://registry.npmjs.org/@inquirer/external-editor/-/external-editor-1.0.3.tgz 0ms (cache hit)
3455 http cache @inquirer/select@https://registry.npmjs.org/@inquirer/select/-/select-4.4.2.tgz 0ms (cache hit)
3456 http cache @inquirer/search@https://registry.npmjs.org/@inquirer/search/-/search-3.2.2.tgz 0ms (cache hit)
3457 http cache @inquirer/rawlist@https://registry.npmjs.org/@inquirer/rawlist/-/rawlist-4.1.11.tgz 0ms (cache hit)
3458 http cache @inquirer/password@https://registry.npmjs.org/@inquirer/password/-/password-4.0.23.tgz 0ms (cache hit)
3459 http cache @inquirer/number@https://registry.npmjs.org/@inquirer/number/-/number-3.0.23.tgz 0ms (cache hit)
3460 http cache @inquirer/input@https://registry.npmjs.org/@inquirer/input/-/input-4.3.1.tgz 0ms (cache hit)
3461 http cache @inquirer/expand@https://registry.npmjs.org/@inquirer/expand/-/expand-4.0.23.tgz 0ms (cache hit)
3462 http cache @inquirer/checkbox@https://registry.npmjs.org/@inquirer/checkbox/-/checkbox-4.3.2.tgz 0ms (cache hit)
3463 http cache yoctocolors-cjs@https://registry.npmjs.org/yoctocolors-cjs/-/yoctocolors-cjs-2.1.3.tgz 0ms (cache hit)
3464 http cache @inquirer/editor@https://registry.npmjs.org/@inquirer/editor/-/editor-4.2.23.tgz 0ms (cache hit)
3465 http cache wrap-ansi@https://registry.npmjs.org/wrap-ansi/-/wrap-ansi-6.2.0.tgz 0ms (cache hit)
3466 http cache signal-exit@https://registry.npmjs.org/signal-exit/-/signal-exit-4.1.0.tgz 0ms (cache hit)
3467 http cache mute-stream@https://registry.npmjs.org/mute-stream/-/mute-stream-2.0.0.tgz 0ms (cache hit)
3468 http cache cli-width@https://registry.npmjs.org/cli-width/-/cli-width-4.1.0.tgz 0ms (cache hit)
3469 http cache @inquirer/ansi@https://registry.npmjs.org/@inquirer/ansi/-/ansi-1.0.2.tgz 0ms (cache hit)
3470 http cache @inquirer/figures@https://registry.npmjs.org/@inquirer/figures/-/figures-1.0.15.tgz 0ms (cache hit)
3471 http cache @inquirer/type@https://registry.npmjs.org/@inquirer/type/-/type-3.0.10.tgz 0ms (cache hit)
3472 http cache @babel/helper-string-parser@https://registry.npmjs.org/@babel/helper-string-parser/-/helper-string-parser-7.27.1.tgz 0ms (cache hit)
3473 http cache @babel/helper-module-imports@https://registry.npmjs.org/@babel/helper-module-imports/-/helper-module-imports-7.28.6.tgz 0ms (cache hit)
3474 http cache @babel/helper-globals@https://registry.npmjs.org/@babel/helper-globals/-/helper-globals-7.28.0.tgz 0ms (cache hit)
3475 http cache lru-cache@https://registry.npmjs.org/lru-cache/-/lru-cache-5.1.1.tgz 0ms (cache hit)
3476 http cache @inquirer/core@https://registry.npmjs.org/@inquirer/core/-/core-10.3.2.tgz 0ms (cache hit)
3477 http cache @babel/helper-validator-option@https://registry.npmjs.org/@babel/helper-validator-option/-/helper-validator-option-7.27.1.tgz 0ms (cache hit)
3478 http cache @babel/compat-data@https://registry.npmjs.org/@babel/compat-data/-/compat-data-7.29.0.tgz 0ms (cache hit)
3479 http cache jsesc@https://registry.npmjs.org/jsesc/-/jsesc-3.1.0.tgz 2ms (cache hit)
3480 http cache picocolors@https://registry.npmjs.org/picocolors/-/picocolors-1.1.1.tgz 0ms (cache hit)
3481 http cache js-tokens@https://registry.npmjs.org/js-tokens/-/js-tokens-4.0.0.tgz 0ms (cache hit)
3482 http cache json5@https://registry.npmjs.org/json5/-/json5-2.2.3.tgz 0ms (cache hit)
3483 http cache @babel/helper-validator-identifier@https://registry.npmjs.org/@babel/helper-validator-identifier/-/helper-validator-identifier-7.28.5.tgz 0ms (cache hit)
3484 http cache gensync@https://registry.npmjs.org/gensync/-/gensync-1.0.0-beta.2.tgz 0ms (cache hit)
3485 http cache debug@https://registry.npmjs.org/debug/-/debug-4.4.3.tgz 0ms (cache hit)
3486 http cache @jridgewell/remapping@https://registry.npmjs.org/@jridgewell/remapping/-/remapping-2.3.5.tgz 0ms (cache hit)
3487 http cache @babel/types@https://registry.npmjs.org/@babel/types/-/types-7.29.0.tgz 0ms (cache hit)
3488 http cache @babel/template@https://registry.npmjs.org/@babel/template/-/template-7.28.6.tgz 0ms (cache hit)
3489 http cache @babel/traverse@https://registry.npmjs.org/@babel/traverse/-/traverse-7.29.0.tgz 0ms (cache hit)
3490 http cache @babel/parser@https://registry.npmjs.org/@babel/parser/-/parser-7.29.0.tgz 0ms (cache hit)
3491 http cache @babel/helpers@https://registry.npmjs.org/@babel/helpers/-/helpers-7.28.6.tgz 0ms (cache hit)
3492 http cache @babel/helper-module-transforms@https://registry.npmjs.org/@babel/helper-module-transforms/-/helper-module-transforms-7.28.6.tgz 0ms (cache hit)
3493 http cache @babel/helper-compilation-targets@https://registry.npmjs.org/@babel/helper-compilation-targets/-/helper-compilation-targets-7.28.6.tgz 0ms (cache hit)
3494 http cache @babel/generator@https://registry.npmjs.org/@babel/generator/-/generator-7.29.1.tgz 0ms (cache hit)
3495 http cache @babel/code-frame@https://registry.npmjs.org/@babel/code-frame/-/code-frame-7.29.0.tgz 0ms (cache hit)
3496 http cache @standard-schema/spec@https://registry.npmjs.org/@standard-schema/spec/-/spec-1.1.0.tgz 0ms (cache hit)
3497 http cache reflect-metadata@https://registry.npmjs.org/reflect-metadata/-/reflect-metadata-0.2.2.tgz 0ms (cache hit)
3498 http cache convert-source-map@https://registry.npmjs.org/convert-source-map/-/convert-source-map-1.9.0.tgz 0ms (cache hit)
3499 http cache chokidar@https://registry.npmjs.org/chokidar/-/chokidar-5.0.0.tgz 0ms (cache hit)
3500 http cache @jridgewell/sourcemap-codec@https://registry.npmjs.org/@jridgewell/sourcemap-codec/-/sourcemap-codec-1.5.5.tgz 0ms (cache hit)
3501 http cache ora@https://registry.npmjs.org/ora/-/ora-9.0.0.tgz 0ms (cache hit)
3502 http cache zod@https://registry.npmjs.org/zod/-/zod-4.3.5.tgz 0ms (cache hit)
3503 http cache yargs@https://registry.npmjs.org/yargs/-/yargs-18.0.0.tgz 0ms (cache hit)
3504 http cache resolve@https://registry.npmjs.org/resolve/-/resolve-1.22.11.tgz 0ms (cache hit)
3505 http cache pacote@https://registry.npmjs.org/pacote/-/pacote-21.0.4.tgz 0ms (cache hit)
3506 http cache ini@https://registry.npmjs.org/ini/-/ini-6.0.0.tgz 0ms (cache hit)
3507 http cache npm-package-arg@https://registry.npmjs.org/npm-package-arg/-/npm-package-arg-13.0.2.tgz 0ms (cache hit)
3508 http cache @yarnpkg/lockfile@https://registry.npmjs.org/@yarnpkg/lockfile/-/lockfile-1.1.0.tgz 0ms (cache hit)
3509 http cache algoliasearch@https://registry.npmjs.org/algoliasearch/-/algoliasearch-5.46.2.tgz 0ms (cache hit)
3510 http cache @schematics/angular@https://registry.npmjs.org/@schematics/angular/-/angular-21.1.5.tgz 0ms (cache hit)
3511 http cache @modelcontextprotocol/sdk@https://registry.npmjs.org/@modelcontextprotocol/sdk/-/sdk-1.26.0.tgz 0ms (cache hit)
3512 http cache @listr2/prompt-adapter-inquirer@https://registry.npmjs.org/@listr2/prompt-adapter-inquirer/-/prompt-adapter-inquirer-3.0.5.tgz 0ms (cache hit)
3513 http cache @inquirer/prompts@https://registry.npmjs.org/@inquirer/prompts/-/prompts-7.10.1.tgz 0ms (cache hit)
3514 http cache @angular-devkit/schematics@https://registry.npmjs.org/@angular-devkit/schematics/-/schematics-21.1.5.tgz 0ms (cache hit)
3515 http cache ajv-formats@https://registry.npmjs.org/ajv-formats/-/ajv-formats-3.0.1.tgz 0ms (cache hit)
3516 http cache source-map@https://registry.npmjs.org/source-map/-/source-map-0.7.6.tgz 0ms (cache hit)
3517 http cache ajv@https://registry.npmjs.org/ajv/-/ajv-8.18.0.tgz 0ms (cache hit)
3518 http cache @angular-devkit/core@https://registry.npmjs.org/@angular-devkit/core/-/core-21.1.5.tgz 0ms (cache hit)
3519 http cache @jridgewell/trace-mapping@https://registry.npmjs.org/@jridgewell/trace-mapping/-/trace-mapping-0.3.31.tgz 0ms (cache hit)
3520 http cache @jridgewell/gen-mapping@https://registry.npmjs.org/@jridgewell/gen-mapping/-/gen-mapping-0.3.13.tgz 0ms (cache hit)
3521 http cache watchpack@https://registry.npmjs.org/watchpack/-/watchpack-2.5.0.tgz 1ms (cache hit)
3522 http cache undici@https://registry.npmjs.org/undici/-/undici-7.20.0.tgz 0ms (cache hit)
3523 http cache tinyglobby@https://registry.npmjs.org/tinyglobby/-/tinyglobby-0.2.15.tgz 0ms (cache hit)
3524 http cache source-map-support@https://registry.npmjs.org/source-map-support/-/source-map-support-0.5.21.tgz 0ms (cache hit)
3525 http cache semver@https://registry.npmjs.org/semver/-/semver-7.7.3.tgz 0ms (cache hit)
3526 http cache sass@https://registry.npmjs.org/sass/-/sass-1.97.1.tgz 0ms (cache hit)
3527 http cache rolldown@https://registry.npmjs.org/rolldown/-/rolldown-1.0.0-beta.58.tgz 0ms (cache hit)
3528 http cache piscina@https://registry.npmjs.org/piscina/-/piscina-5.1.4.tgz 0ms (cache hit)
3529 http cache picomatch@https://registry.npmjs.org/picomatch/-/picomatch-4.0.3.tgz 0ms (cache hit)
3530 http cache parse5-html-rewriting-stream@https://registry.npmjs.org/parse5-html-rewriting-stream/-/parse5-html-rewriting-stream-8.0.0.tgz 0ms (cache hit)
3531 http cache mrmime@https://registry.npmjs.org/mrmime/-/mrmime-2.0.1.tgz 0ms (cache hit)
3532 http cache magic-string@https://registry.npmjs.org/magic-string/-/magic-string-0.30.21.tgz 0ms (cache hit)
3533 http cache lmdb@https://registry.npmjs.org/lmdb/-/lmdb-3.4.4.tgz 0ms (cache hit)
3534 http cache listr2@https://registry.npmjs.org/listr2/-/listr2-9.0.5.tgz 0ms (cache hit)
3535 http cache jsonc-parser@https://registry.npmjs.org/jsonc-parser/-/jsonc-parser-3.3.1.tgz 0ms (cache hit)
3536 http cache esbuild@https://registry.npmjs.org/esbuild/-/esbuild-0.27.2.tgz 0ms (cache hit)
3537 http cache https-proxy-agent@https://registry.npmjs.org/https-proxy-agent/-/https-proxy-agent-7.0.6.tgz 0ms (cache hit)
3538 http cache istanbul-lib-instrument@https://registry.npmjs.org/istanbul-lib-instrument/-/istanbul-lib-instrument-6.0.3.tgz 0ms (cache hit)
3539 http cache browserslist@https://registry.npmjs.org/browserslist/-/browserslist-4.28.1.tgz 0ms (cache hit)
3540 http cache beasties@https://registry.npmjs.org/beasties/-/beasties-0.3.5.tgz 0ms (cache hit)
3541 http cache vite@https://registry.npmjs.org/vite/-/vite-7.3.0.tgz 0ms (cache hit)
3542 http cache @inquirer/confirm@https://registry.npmjs.org/@inquirer/confirm/-/confirm-5.1.21.tgz 0ms (cache hit)
3543 http cache @vitejs/plugin-basic-ssl@https://registry.npmjs.org/@vitejs/plugin-basic-ssl/-/plugin-basic-ssl-2.1.0.tgz 0ms (cache hit)
3544 http cache @babel/helper-annotate-as-pure@https://registry.npmjs.org/@babel/helper-annotate-as-pure/-/helper-annotate-as-pure-7.27.3.tgz 0ms (cache hit)
3545 http cache @babel/helper-split-export-declaration@https://registry.npmjs.org/@babel/helper-split-export-declaration/-/helper-split-export-declaration-7.24.7.tgz 0ms (cache hit)
3546 http cache @babel/core@https://registry.npmjs.org/@babel/core/-/core-7.28.5.tgz 0ms (cache hit)
3547 http cache @angular-devkit/architect@https://registry.npmjs.org/@angular-devkit/architect/-/architect-0.2101.5.tgz 0ms (cache hit)
3548 http cache vitest@https://registry.npmjs.org/vitest/-/vitest-4.0.18.tgz 0ms (cache hit)
3549 http cache @ampproject/remapping@https://registry.npmjs.org/@ampproject/remapping/-/remapping-2.3.0.tgz 0ms (cache hit)
3550 http cache jsdom@https://registry.npmjs.org/jsdom/-/jsdom-27.4.0.tgz 0ms (cache hit)
3551 http cache @angular/platform-browser@https://registry.npmjs.org/@angular/platform-browser/-/platform-browser-21.1.5.tgz 0ms (cache hit)
3552 http cache @angular/router@https://registry.npmjs.org/@angular/router/-/router-21.1.5.tgz 0ms (cache hit)
3553 http cache @angular/forms@https://registry.npmjs.org/@angular/forms/-/forms-21.1.5.tgz 0ms (cache hit)
3554 http cache @angular/core@https://registry.npmjs.org/@angular/core/-/core-21.1.5.tgz 0ms (cache hit)
3555 http cache rxjs@https://registry.npmjs.org/rxjs/-/rxjs-7.8.2.tgz 0ms (cache hit)
3556 http cache @angular/common@https://registry.npmjs.org/@angular/common/-/common-21.1.5.tgz 0ms (cache hit)
3557 http cache @angular/cli@https://registry.npmjs.org/@angular/cli/-/cli-21.1.5.tgz 0ms (cache hit)
3558 http cache @angular/compiler-cli@https://registry.npmjs.org/@angular/compiler-cli/-/compiler-cli-21.1.5.tgz 0ms (cache hit)
3559 http cache @angular/compiler@https://registry.npmjs.org/@angular/compiler/-/compiler-21.1.5.tgz 0ms (cache hit)
3560 http cache typescript@https://registry.npmjs.org/typescript/-/typescript-5.9.3.tgz 0ms (cache hit)
3561 http cache tslib@https://registry.npmjs.org/tslib/-/tslib-2.8.1.tgz 0ms (cache hit)
3562 http cache @angular/build@https://registry.npmjs.org/@angular/build/-/build-21.1.5.tgz 0ms (cache hit)
3563 http cache wrap-ansi@https://registry.npmjs.org/wrap-ansi/-/wrap-ansi-9.0.2.tgz 0ms (cache hit)
3564 http cache node-addon-api@https://registry.npmjs.org/node-addon-api/-/node-addon-api-7.1.1.tgz 0ms (cache hit)
3565 http cache string-width@https://registry.npmjs.org/string-width/-/string-width-7.2.0.tgz 0ms (cache hit)
3566 http cache lru-cache@https://registry.npmjs.org/lru-cache/-/lru-cache-11.2.6.tgz 0ms (cache hit)
3567 http cache lru-cache@https://registry.npmjs.org/lru-cache/-/lru-cache-11.2.6.tgz 0ms (cache hit)
3568 http cache yallist@https://registry.npmjs.org/yallist/-/yallist-4.0.0.tgz 0ms (cache hit)
3569 http cache minipass@https://registry.npmjs.org/minipass/-/minipass-3.3.6.tgz 0ms (cache hit)
3570 http cache yallist@https://registry.npmjs.org/yallist/-/yallist-4.0.0.tgz 0ms (cache hit)
3571 http cache which@https://registry.npmjs.org/which/-/which-6.0.1.tgz 0ms (cache hit)
3572 http cache minipass@https://registry.npmjs.org/minipass/-/minipass-3.3.6.tgz 0ms (cache hit)
3573 http cache isexe@https://registry.npmjs.org/isexe/-/isexe-4.0.0.tgz 0ms (cache hit)
3574 http cache yallist@https://registry.npmjs.org/yallist/-/yallist-5.0.0.tgz 0ms (cache hit)
3575 http cache lru-cache@https://registry.npmjs.org/lru-cache/-/lru-cache-11.2.6.tgz 0ms (cache hit)
3576 http cache isexe@https://registry.npmjs.org/isexe/-/isexe-4.0.0.tgz 0ms (cache hit)
3577 http cache which@https://registry.npmjs.org/which/-/which-6.0.1.tgz 0ms (cache hit)
3578 http cache isexe@https://registry.npmjs.org/isexe/-/isexe-4.0.0.tgz 0ms (cache hit)
3579 http cache which@https://registry.npmjs.org/which/-/which-6.0.1.tgz 0ms (cache hit)
3580 http cache isexe@https://registry.npmjs.org/isexe/-/isexe-4.0.0.tgz 0ms (cache hit)
3581 http cache which@https://registry.npmjs.org/which/-/which-6.0.1.tgz 0ms (cache hit)
3582 http cache lru-cache@https://registry.npmjs.org/lru-cache/-/lru-cache-11.2.6.tgz 0ms (cache hit)
3583 http cache lru-cache@https://registry.npmjs.org/lru-cache/-/lru-cache-11.2.6.tgz 0ms (cache hit)
3584 http cache string-width@https://registry.npmjs.org/string-width/-/string-width-7.2.0.tgz 0ms (cache hit)
3585 http cache wrap-ansi@https://registry.npmjs.org/wrap-ansi/-/wrap-ansi-9.0.2.tgz 0ms (cache hit)
3586 http cache lru-cache@https://registry.npmjs.org/lru-cache/-/lru-cache-11.2.6.tgz 0ms (cache hit)
3587 http cache entities@https://registry.npmjs.org/entities/-/entities-6.0.1.tgz 0ms (cache hit)
3588 http cache whatwg-mimetype@https://registry.npmjs.org/whatwg-mimetype/-/whatwg-mimetype-5.0.0.tgz 0ms (cache hit)
3589 http cache lru-cache@https://registry.npmjs.org/lru-cache/-/lru-cache-11.2.6.tgz 0ms (cache hit)
3590 http cache lru-cache@https://registry.npmjs.org/lru-cache/-/lru-cache-11.2.6.tgz 0ms (cache hit)
3591 http cache entities@https://registry.npmjs.org/entities/-/entities-7.0.1.tgz 0ms (cache hit)
3592 http cache ansi-regex@https://registry.npmjs.org/ansi-regex/-/ansi-regex-5.0.1.tgz 0ms (cache hit)
3593 http cache is-fullwidth-code-point@https://registry.npmjs.org/is-fullwidth-code-point/-/is-fullwidth-code-point-3.0.0.tgz 0ms (cache hit)
3594 http cache emoji-regex@https://registry.npmjs.org/emoji-regex/-/emoji-regex-8.0.0.tgz 0ms (cache hit)
3595 http cache ansi-styles@https://registry.npmjs.org/ansi-styles/-/ansi-styles-4.3.0.tgz 0ms (cache hit)
3596 http cache strip-ansi@https://registry.npmjs.org/strip-ansi/-/strip-ansi-6.0.1.tgz 0ms (cache hit)
3597 http cache string-width@https://registry.npmjs.org/string-width/-/string-width-4.2.3.tgz 0ms (cache hit)
3598 http cache source-map@https://registry.npmjs.org/source-map/-/source-map-0.6.1.tgz 0ms (cache hit)
3599 http cache string-width@https://registry.npmjs.org/string-width/-/string-width-7.2.0.tgz 0ms (cache hit)
3600 http cache semver@https://registry.npmjs.org/semver/-/semver-6.3.1.tgz 0ms (cache hit)
3601 http cache chokidar@https://registry.npmjs.org/chokidar/-/chokidar-4.0.3.tgz 0ms (cache hit)
3602 http cache readdirp@https://registry.npmjs.org/readdirp/-/readdirp-4.1.2.tgz 0ms (cache hit)
3603 http cache entities@https://registry.npmjs.org/entities/-/entities-6.0.1.tgz 0ms (cache hit)
3604 http cache wrap-ansi@https://registry.npmjs.org/wrap-ansi/-/wrap-ansi-9.0.2.tgz 0ms (cache hit)
3605 http cache string-width@https://registry.npmjs.org/string-width/-/string-width-7.2.0.tgz 0ms (cache hit)
3606 http cache semver@https://registry.npmjs.org/semver/-/semver-6.3.1.tgz 0ms (cache hit)
3607 silly tarball no local data for color-name@https://registry.npmjs.org/color-name/-/color-name-1.1.4.tgz. Extracting by manifest.
3608 silly tarball no local data for color-convert@https://registry.npmjs.org/color-convert/-/color-convert-2.0.1.tgz. Extracting by manifest.
3609 http cache convert-source-map@https://registry.npmjs.org/convert-source-map/-/convert-source-map-2.0.0.tgz 0ms (cache hit)
3610 silly tarball no local data for emoji-regex@https://registry.npmjs.org/emoji-regex/-/emoji-regex-10.6.0.tgz. Extracting by manifest.
3611 silly tarball no local data for yargs-parser@https://registry.npmjs.org/yargs-parser/-/yargs-parser-22.0.0.tgz. Extracting by manifest.
3612 silly tarball no local data for cliui@https://registry.npmjs.org/cliui/-/cliui-9.0.1.tgz. Extracting by manifest.
3613 silly tarball no local data for get-caller-file@https://registry.npmjs.org/get-caller-file/-/get-caller-file-2.0.5.tgz. Extracting by manifest.
3614 silly tarball no local data for y18n@https://registry.npmjs.org/y18n/-/y18n-5.0.8.tgz. Extracting by manifest.
3615 silly tarball no local data for stackback@https://registry.npmjs.org/stackback/-/stackback-0.0.2.tgz. Extracting by manifest.
3616 silly tarball no local data for siginfo@https://registry.npmjs.org/siginfo/-/siginfo-2.0.0.tgz. Extracting by manifest.
3617 silly tarball no local data for punycode@https://registry.npmjs.org/punycode/-/punycode-2.3.1.tgz. Extracting by manifest.
3618 silly tarball no local data for isexe@https://registry.npmjs.org/isexe/-/isexe-2.0.0.tgz. Extracting by manifest.
3619 silly tarball no local data for tr46@https://registry.npmjs.org/tr46/-/tr46-6.0.0.tgz. Extracting by manifest.
3620 silly tarball no local data for assertion-error@https://registry.npmjs.org/assertion-error/-/assertion-error-2.0.1.tgz. Extracting by manifest.
3621 silly tarball no local data for @types/deep-eql@https://registry.npmjs.org/@types/deep-eql/-/deep-eql-4.0.2.tgz. Extracting by manifest.
3622 silly tarball no local data for glob-to-regexp@https://registry.npmjs.org/glob-to-regexp/-/glob-to-regexp-0.4.1.tgz. Extracting by manifest.
3623 silly tarball no local data for chai@https://registry.npmjs.org/chai/-/chai-6.2.2.tgz. Extracting by manifest.
3624 silly tarball no local data for estree-walker@https://registry.npmjs.org/estree-walker/-/estree-walker-3.0.3.tgz. Extracting by manifest.
3625 silly tarball no local data for @types/chai@https://registry.npmjs.org/@types/chai/-/chai-5.2.3.tgz. Extracting by manifest.
3626 silly tarball no local data for why-is-node-running@https://registry.npmjs.org/why-is-node-running/-/why-is-node-running-2.3.0.tgz. Extracting by manifest.
3627 silly tarball no local data for tinyrainbow@https://registry.npmjs.org/tinyrainbow/-/tinyrainbow-3.0.3.tgz. Extracting by manifest.
3628 silly tarball no local data for tinyexec@https://registry.npmjs.org/tinyexec/-/tinyexec-1.0.2.tgz. Extracting by manifest.
3629 silly tarball no local data for tinybench@https://registry.npmjs.org/tinybench/-/tinybench-2.9.0.tgz. Extracting by manifest.
3630 silly tarball no local data for std-env@https://registry.npmjs.org/std-env/-/std-env-3.10.0.tgz. Extracting by manifest.
3631 silly tarball no local data for obug@https://registry.npmjs.org/obug/-/obug-2.1.1.tgz. Extracting by manifest.
3632 silly tarball no local data for pathe@https://registry.npmjs.org/pathe/-/pathe-2.0.3.tgz. Extracting by manifest.
3633 silly tarball no local data for expect-type@https://registry.npmjs.org/expect-type/-/expect-type-1.3.0.tgz. Extracting by manifest.
3634 silly tarball no local data for es-module-lexer@https://registry.npmjs.org/es-module-lexer/-/es-module-lexer-1.7.0.tgz. Extracting by manifest.
3635 silly tarball no local data for @vitest/utils@https://registry.npmjs.org/@vitest/utils/-/utils-4.0.18.tgz. Extracting by manifest.
3636 silly tarball no local data for @vitest/snapshot@https://registry.npmjs.org/@vitest/snapshot/-/snapshot-4.0.18.tgz. Extracting by manifest.
3637 silly tarball no local data for @vitest/spy@https://registry.npmjs.org/@vitest/spy/-/spy-4.0.18.tgz. Extracting by manifest.
3638 silly tarball no local data for @vitest/runner@https://registry.npmjs.org/@vitest/runner/-/runner-4.0.18.tgz. Extracting by manifest.
3639 silly tarball no local data for @vitest/pretty-format@https://registry.npmjs.org/@vitest/pretty-format/-/pretty-format-4.0.18.tgz. Extracting by manifest.
3640 silly tarball no local data for @vitest/mocker@https://registry.npmjs.org/@vitest/mocker/-/mocker-4.0.18.tgz. Extracting by manifest.
3641 silly tarball no local data for @vitest/expect@https://registry.npmjs.org/@vitest/expect/-/expect-4.0.18.tgz. Extracting by manifest.
3642 silly tarball no local data for @types/estree@https://registry.npmjs.org/@types/estree/-/estree-1.0.8.tgz. Extracting by manifest.
3643 silly tarball no local data for @rollup/rollup-win32-x64-msvc@https://registry.npmjs.org/@rollup/rollup-win32-x64-msvc/-/rollup-win32-x64-msvc-4.59.0.tgz. Extracting by manifest.
3644 silly tarball no local data for @rollup/rollup-win32-x64-gnu@https://registry.npmjs.org/@rollup/rollup-win32-x64-gnu/-/rollup-win32-x64-gnu-4.59.0.tgz. Extracting by manifest.
3645 silly tarball no local data for rollup@https://registry.npmjs.org/rollup/-/rollup-4.59.0.tgz. Extracting by manifest.
3646 silly tarball no local data for escalade@https://registry.npmjs.org/escalade/-/escalade-3.2.0.tgz. Extracting by manifest.
3647 silly tarball no local data for imurmurhash@https://registry.npmjs.org/imurmurhash/-/imurmurhash-0.1.4.tgz. Extracting by manifest.
3648 silly tarball no local data for unique-slug@https://registry.npmjs.org/unique-slug/-/unique-slug-6.0.0.tgz. Extracting by manifest.
3649 silly tarball no local data for media-typer@https://registry.npmjs.org/media-typer/-/media-typer-1.1.0.tgz. Extracting by manifest.
3650 silly tarball no local data for @tufjs/models@https://registry.npmjs.org/@tufjs/models/-/models-4.1.0.tgz. Extracting by manifest.
3651 silly tarball no local data for @tufjs/canonical-json@https://registry.npmjs.org/@tufjs/canonical-json/-/canonical-json-2.0.0.tgz. Extracting by manifest.
3652 silly tarball no local data for tldts@https://registry.npmjs.org/tldts/-/tldts-7.0.23.tgz. Extracting by manifest.
3653 silly tarball no local data for fdir@https://registry.npmjs.org/fdir/-/fdir-6.5.0.tgz. Extracting by manifest.
3654 silly tarball no local data for chownr@https://registry.npmjs.org/chownr/-/chownr-3.0.0.tgz. Extracting by manifest.
3655 silly tarball no local data for @isaacs/fs-minipass@https://registry.npmjs.org/@isaacs/fs-minipass/-/fs-minipass-4.0.1.tgz. Extracting by manifest.
3656 silly tarball no local data for ansi-regex@https://registry.npmjs.org/ansi-regex/-/ansi-regex-6.2.2.tgz. Extracting by manifest.
3657 silly tarball no local data for spdx-license-ids@https://registry.npmjs.org/spdx-license-ids/-/spdx-license-ids-3.0.23.tgz. Extracting by manifest.
3658 silly tarball no local data for tldts-core@https://registry.npmjs.org/tldts-core/-/tldts-core-7.0.23.tgz. Extracting by manifest.
3659 silly tarball no local data for smart-buffer@https://registry.npmjs.org/smart-buffer/-/smart-buffer-4.2.0.tgz. Extracting by manifest.
3660 silly tarball no local data for buffer-from@https://registry.npmjs.org/buffer-from/-/buffer-from-1.1.2.tgz. Extracting by manifest.
3661 silly tarball no local data for get-east-asian-width@https://registry.npmjs.org/get-east-asian-width/-/get-east-asian-width-1.5.0.tgz. Extracting by manifest.
3662 silly tarball no local data for is-fullwidth-code-point@https://registry.npmjs.org/is-fullwidth-code-point/-/is-fullwidth-code-point-5.1.0.tgz. Extracting by manifest.
3663 silly tarball no local data for spdx-exceptions@https://registry.npmjs.org/spdx-exceptions/-/spdx-exceptions-2.5.0.tgz. Extracting by manifest.
3664 silly tarball no local data for tuf-js@https://registry.npmjs.org/tuf-js/-/tuf-js-4.1.0.tgz. Extracting by manifest.
3665 silly tarball no local data for socks@https://registry.npmjs.org/socks/-/socks-2.8.7.tgz. Extracting by manifest.
3666 silly tarball no local data for @sigstore/verify@https://registry.npmjs.org/@sigstore/verify/-/verify-3.1.0.tgz. Extracting by manifest.
3667 silly tarball no local data for @sigstore/tuf@https://registry.npmjs.org/@sigstore/tuf/-/tuf-4.0.1.tgz. Extracting by manifest.
3668 silly tarball no local data for @sigstore/sign@https://registry.npmjs.org/@sigstore/sign/-/sign-4.1.0.tgz. Extracting by manifest.
3669 silly tarball no local data for ansi-styles@https://registry.npmjs.org/ansi-styles/-/ansi-styles-6.2.3.tgz. Extracting by manifest.
3670 silly tarball no local data for @sigstore/protobuf-specs@https://registry.npmjs.org/@sigstore/protobuf-specs/-/protobuf-specs-0.5.0.tgz. Extracting by manifest.
3671 silly tarball no local data for @sigstore/core@https://registry.npmjs.org/@sigstore/core/-/core-3.1.0.tgz. Extracting by manifest.
3672 silly tarball no local data for @sigstore/bundle@https://registry.npmjs.org/@sigstore/bundle/-/bundle-4.0.0.tgz. Extracting by manifest.
3673 silly tarball no local data for dunder-proto@https://registry.npmjs.org/dunder-proto/-/dunder-proto-1.0.1.tgz. Extracting by manifest.
3674 silly tarball no local data for has-symbols@https://registry.npmjs.org/has-symbols/-/has-symbols-1.1.0.tgz. Extracting by manifest.
3675 silly tarball no local data for math-intrinsics@https://registry.npmjs.org/math-intrinsics/-/math-intrinsics-1.1.0.tgz. Extracting by manifest.
3676 silly tarball no local data for gopd@https://registry.npmjs.org/gopd/-/gopd-1.2.0.tgz. Extracting by manifest.
3677 silly tarball no local data for es-object-atoms@https://registry.npmjs.org/es-object-atoms/-/es-object-atoms-1.1.1.tgz. Extracting by manifest.
3678 silly tarball no local data for get-proto@https://registry.npmjs.org/get-proto/-/get-proto-1.0.1.tgz. Extracting by manifest.
3679 silly tarball no local data for es-define-property@https://registry.npmjs.org/es-define-property/-/es-define-property-1.0.1.tgz. Extracting by manifest.
3680 silly tarball no local data for call-bind-apply-helpers@https://registry.npmjs.org/call-bind-apply-helpers/-/call-bind-apply-helpers-1.0.2.tgz. Extracting by manifest.
3681 silly tarball no local data for get-intrinsic@https://registry.npmjs.org/get-intrinsic/-/get-intrinsic-1.3.0.tgz. Extracting by manifest.
3682 silly tarball no local data for side-channel-weakmap@https://registry.npmjs.org/side-channel-weakmap/-/side-channel-weakmap-1.0.2.tgz. Extracting by manifest.
3683 silly tarball no local data for call-bound@https://registry.npmjs.org/call-bound/-/call-bound-1.0.4.tgz. Extracting by manifest.
3684 silly tarball no local data for side-channel-map@https://registry.npmjs.org/side-channel-map/-/side-channel-map-1.0.1.tgz. Extracting by manifest.
3685 silly tarball no local data for side-channel-list@https://registry.npmjs.org/side-channel-list/-/side-channel-list-1.0.0.tgz. Extracting by manifest.
3686 silly tarball no local data for object-inspect@https://registry.npmjs.org/object-inspect/-/object-inspect-1.13.4.tgz. Extracting by manifest.
3687 silly tarball no local data for es-errors@https://registry.npmjs.org/es-errors/-/es-errors-1.3.0.tgz. Extracting by manifest.
3688 silly tarball no local data for shebang-regex@https://registry.npmjs.org/shebang-regex/-/shebang-regex-3.0.0.tgz. Extracting by manifest.
3689 silly tarball no local data for xmlchars@https://registry.npmjs.org/xmlchars/-/xmlchars-2.2.0.tgz. Extracting by manifest.
3690 silly tarball no local data for is-extglob@https://registry.npmjs.org/is-extglob/-/is-extglob-2.1.1.tgz. Extracting by manifest.
3691 silly tarball no local data for is-glob@https://registry.npmjs.org/is-glob/-/is-glob-4.0.3.tgz. Extracting by manifest.
3692 silly tarball no local data for @parcel/watcher-win32-x64@https://registry.npmjs.org/@parcel/watcher-win32-x64/-/watcher-win32-x64-2.5.6.tgz. Extracting by manifest.
3693 silly tarball no local data for immutable@https://registry.npmjs.org/immutable/-/immutable-5.1.4.tgz. Extracting by manifest.
3694 silly tarball no local data for path-to-regexp@https://registry.npmjs.org/path-to-regexp/-/path-to-regexp-8.3.0.tgz. Extracting by manifest.
3695 silly tarball no local data for @parcel/watcher@https://registry.npmjs.org/@parcel/watcher/-/watcher-2.5.6.tgz. Extracting by manifest.
3696 silly tarball no local data for is-promise@https://registry.npmjs.org/is-promise/-/is-promise-4.0.0.tgz. Extracting by manifest.
3697 silly tarball no local data for @rolldown/pluginutils@https://registry.npmjs.org/@rolldown/pluginutils/-/pluginutils-1.0.0-beta.58.tgz. Extracting by manifest.
3698 silly tarball no local data for @rolldown/binding-win32-x64-msvc@https://registry.npmjs.org/@rolldown/binding-win32-x64-msvc/-/binding-win32-x64-msvc-1.0.0-beta.58.tgz. Extracting by manifest.
3699 silly tarball no local data for @oxc-project/types@https://registry.npmjs.org/@oxc-project/types/-/types-0.106.0.tgz. Extracting by manifest.
3700 silly tarball no local data for mimic-function@https://registry.npmjs.org/mimic-function/-/mimic-function-5.0.1.tgz. Extracting by manifest.
3701 silly tarball no local data for function-bind@https://registry.npmjs.org/function-bind/-/function-bind-1.1.2.tgz. Extracting by manifest.
3702 silly tarball no local data for onetime@https://registry.npmjs.org/onetime/-/onetime-7.0.0.tgz. Extracting by manifest.
3703 silly tarball no local data for supports-preserve-symlinks-flag@https://registry.npmjs.org/supports-preserve-symlinks-flag/-/supports-preserve-symlinks-flag-1.0.0.tgz. Extracting by manifest.
3704 silly tarball no local data for path-parse@https://registry.npmjs.org/path-parse/-/path-parse-1.0.7.tgz. Extracting by manifest.
3705 silly tarball no local data for hasown@https://registry.npmjs.org/hasown/-/hasown-2.0.2.tgz. Extracting by manifest.
3706 silly tarball no local data for is-core-module@https://registry.npmjs.org/is-core-module/-/is-core-module-2.16.1.tgz. Extracting by manifest.
3707 silly tarball no local data for unpipe@https://registry.npmjs.org/unpipe/-/unpipe-1.0.0.tgz. Extracting by manifest.
3708 silly tarball no local data for side-channel@https://registry.npmjs.org/side-channel/-/side-channel-1.1.0.tgz. Extracting by manifest.
3709 silly tarball no local data for ipaddr.js@https://registry.npmjs.org/ipaddr.js/-/ipaddr.js-1.9.1.tgz. Extracting by manifest.
3710 silly tarball no local data for retry@https://registry.npmjs.org/retry/-/retry-0.12.0.tgz. Extracting by manifest.
3711 silly tarball no local data for forwarded@https://registry.npmjs.org/forwarded/-/forwarded-0.2.0.tgz. Extracting by manifest.
3712 silly tarball no local data for err-code@https://registry.npmjs.org/err-code/-/err-code-2.0.3.tgz. Extracting by manifest.
3713 silly tarball no local data for nanoid@https://registry.npmjs.org/nanoid/-/nanoid-3.3.11.tgz. Extracting by manifest.
3714 silly tarball no local data for @napi-rs/nice-win32-x64-msvc@https://registry.npmjs.org/@napi-rs/nice-win32-x64-msvc/-/nice-win32-x64-msvc-1.1.1.tgz. Extracting by manifest.
3715 silly tarball no local data for @napi-rs/nice@https://registry.npmjs.org/@napi-rs/nice/-/nice-1.1.1.tgz. Extracting by manifest.
3716 silly tarball no local data for parse5-sax-parser@https://registry.npmjs.org/parse5-sax-parser/-/parse5-sax-parser-8.0.0.tgz. Extracting by manifest.
3717 silly tarball no local data for jsonparse@https://registry.npmjs.org/jsonparse/-/jsonparse-1.3.1.tgz. Extracting by manifest.
3718 silly tarball no local data for npm-install-checks@https://registry.npmjs.org/npm-install-checks/-/npm-install-checks-8.0.0.tgz. Extracting by manifest.
3719 silly tarball no local data for @npmcli/redact@https://registry.npmjs.org/@npmcli/redact/-/redact-4.0.0.tgz. Extracting by manifest.
3720 silly tarball no local data for ignore-walk@https://registry.npmjs.org/ignore-walk/-/ignore-walk-8.0.0.tgz. Extracting by manifest.
3721 silly tarball no local data for minizlib@https://registry.npmjs.org/minizlib/-/minizlib-3.1.0.tgz. Extracting by manifest.
3722 silly tarball no local data for abbrev@https://registry.npmjs.org/abbrev/-/abbrev-4.0.0.tgz. Extracting by manifest.
3723 silly tarball no local data for socks-proxy-agent@https://registry.npmjs.org/socks-proxy-agent/-/socks-proxy-agent-8.0.5.tgz. Extracting by manifest.
3724 silly tarball no local data for minipass-sized@https://registry.npmjs.org/minipass-sized/-/minipass-sized-2.0.0.tgz. Extracting by manifest.
3725 silly tarball no local data for minipass-fetch@https://registry.npmjs.org/minipass-fetch/-/minipass-fetch-5.0.2.tgz. Extracting by manifest.
3726 silly tarball no local data for @npmcli/agent@https://registry.npmjs.org/@npmcli/agent/-/agent-4.0.0.tgz. Extracting by manifest.
3727 silly tarball no local data for http-cache-semantics@https://registry.npmjs.org/http-cache-semantics/-/http-cache-semantics-4.2.0.tgz. Extracting by manifest.
3728 silly tarball no local data for make-fetch-happen@https://registry.npmjs.org/make-fetch-happen/-/make-fetch-happen-15.0.3.tgz. Extracting by manifest.
3729 silly tarball no local data for nopt@https://registry.npmjs.org/nopt/-/nopt-9.0.0.tgz. Extracting by manifest.
3730 silly tarball no local data for graceful-fs@https://registry.npmjs.org/graceful-fs/-/graceful-fs-4.2.11.tgz. Extracting by manifest.
3731 silly tarball no local data for balanced-match@https://registry.npmjs.org/balanced-match/-/balanced-match-4.0.4.tgz. Extracting by manifest.
3732 silly tarball no local data for env-paths@https://registry.npmjs.org/env-paths/-/env-paths-2.2.1.tgz. Extracting by manifest.
3733 silly tarball no local data for exponential-backoff@https://registry.npmjs.org/exponential-backoff/-/exponential-backoff-3.1.3.tgz. Extracting by manifest.
3734 silly tarball no local data for path-scurry@https://registry.npmjs.org/path-scurry/-/path-scurry-2.0.2.tgz. Extracting by manifest.
3735 silly tarball no local data for brace-expansion@https://registry.npmjs.org/brace-expansion/-/brace-expansion-5.0.3.tgz. Extracting by manifest.
3736 silly tarball no local data for minimatch@https://registry.npmjs.org/minimatch/-/minimatch-10.2.2.tgz. Extracting by manifest.
3737 silly tarball no local data for unique-filename@https://registry.npmjs.org/unique-filename/-/unique-filename-5.0.0.tgz. Extracting by manifest.
3738 silly tarball no local data for p-map@https://registry.npmjs.org/p-map/-/p-map-7.0.4.tgz. Extracting by manifest.
3739 silly tarball no local data for minipass-pipeline@https://registry.npmjs.org/minipass-pipeline/-/minipass-pipeline-1.2.4.tgz. Extracting by manifest.
3740 silly tarball no local data for minipass-flush@https://registry.npmjs.org/minipass-flush/-/minipass-flush-1.0.5.tgz. Extracting by manifest.
3741 silly tarball no local data for @npmcli/fs@https://registry.npmjs.org/@npmcli/fs/-/fs-5.0.0.tgz. Extracting by manifest.
3742 silly tarball no local data for minipass-collect@https://registry.npmjs.org/minipass-collect/-/minipass-collect-2.0.1.tgz. Extracting by manifest.
3743 silly tarball no local data for node-gyp@https://registry.npmjs.org/node-gyp/-/node-gyp-12.2.0.tgz. Extracting by manifest.
3744 silly tarball no local data for @npmcli/node-gyp@https://registry.npmjs.org/@npmcli/node-gyp/-/node-gyp-5.0.0.tgz. Extracting by manifest.
3745 silly tarball no local data for spdx-expression-parse@https://registry.npmjs.org/spdx-expression-parse/-/spdx-expression-parse-4.0.0.tgz. Extracting by manifest.
3746 silly tarball no local data for json-parse-even-better-errors@https://registry.npmjs.org/json-parse-even-better-errors/-/json-parse-even-better-errors-5.0.0.tgz. Extracting by manifest.
3747 silly tarball no local data for glob@https://registry.npmjs.org/glob/-/glob-13.0.6.tgz. Extracting by manifest.
3748 silly tarball no local data for npm-normalize-package-bin@https://registry.npmjs.org/npm-normalize-package-bin/-/npm-normalize-package-bin-5.0.0.tgz. Extracting by manifest.
3749 silly tarball no local data for tar@https://registry.npmjs.org/tar/-/tar-7.5.9.tgz. Extracting by manifest.
3750 silly tarball no local data for npm-bundled@https://registry.npmjs.org/npm-bundled/-/npm-bundled-5.0.0.tgz. Extracting by manifest.
3751 silly tarball no local data for ssri@https://registry.npmjs.org/ssri/-/ssri-13.0.1.tgz. Extracting by manifest.
3752 silly tarball no local data for sigstore@https://registry.npmjs.org/sigstore/-/sigstore-4.1.0.tgz. Extracting by manifest.
3753 silly tarball no local data for promise-retry@https://registry.npmjs.org/promise-retry/-/promise-retry-2.0.1.tgz. Extracting by manifest.
3754 silly tarball no local data for npm-pick-manifest@https://registry.npmjs.org/npm-pick-manifest/-/npm-pick-manifest-11.0.3.tgz. Extracting by manifest.
3755 silly tarball no local data for npm-packlist@https://registry.npmjs.org/npm-packlist/-/npm-packlist-10.0.4.tgz. Extracting by manifest.
3756 silly tarball no local data for npm-registry-fetch@https://registry.npmjs.org/npm-registry-fetch/-/npm-registry-fetch-19.1.1.tgz. Extracting by manifest.
3757 silly tarball no local data for minipass@https://registry.npmjs.org/minipass/-/minipass-7.1.3.tgz. Extracting by manifest.
3758 silly tarball no local data for fs-minipass@https://registry.npmjs.org/fs-minipass/-/fs-minipass-3.0.3.tgz. Extracting by manifest.
3759 silly tarball no local data for @npmcli/run-script@https://registry.npmjs.org/@npmcli/run-script/-/run-script-10.0.3.tgz. Extracting by manifest.
3760 silly tarball no local data for @npmcli/promise-spawn@https://registry.npmjs.org/@npmcli/promise-spawn/-/promise-spawn-9.0.1.tgz. Extracting by manifest.
3761 silly tarball no local data for cacache@https://registry.npmjs.org/cacache/-/cacache-20.0.3.tgz. Extracting by manifest.
3762 silly tarball no local data for @npmcli/installed-package-contents@https://registry.npmjs.org/@npmcli/installed-package-contents/-/installed-package-contents-4.0.0.tgz. Extracting by manifest.
3763 silly tarball no local data for @npmcli/package-json@https://registry.npmjs.org/@npmcli/package-json/-/package-json-7.0.5.tgz. Extracting by manifest.
3764 silly tarball no local data for @npmcli/git@https://registry.npmjs.org/@npmcli/git/-/git-7.0.1.tgz. Extracting by manifest.
3765 silly tarball no local data for stdin-discarder@https://registry.npmjs.org/stdin-discarder/-/stdin-discarder-0.2.2.tgz. Extracting by manifest.
3766 silly tarball no local data for log-symbols@https://registry.npmjs.org/log-symbols/-/log-symbols-7.0.1.tgz. Extracting by manifest.
3767 silly tarball no local data for yoctocolors@https://registry.npmjs.org/yoctocolors/-/yoctocolors-2.1.2.tgz. Extracting by manifest.
3768 silly tarball no local data for is-interactive@https://registry.npmjs.org/is-interactive/-/is-interactive-2.0.0.tgz. Extracting by manifest.
3769 silly tarball no local data for is-unicode-supported@https://registry.npmjs.org/is-unicode-supported/-/is-unicode-supported-2.1.0.tgz. Extracting by manifest.
3770 silly tarball no local data for chalk@https://registry.npmjs.org/chalk/-/chalk-5.6.2.tgz. Extracting by manifest.
3771 silly tarball no local data for wrappy@https://registry.npmjs.org/wrappy/-/wrappy-1.0.2.tgz. Extracting by manifest.
3772 silly tarball no local data for cli-spinners@https://registry.npmjs.org/cli-spinners/-/cli-spinners-3.4.0.tgz. Extracting by manifest.
3773 silly tarball no local data for ee-first@https://registry.npmjs.org/ee-first/-/ee-first-1.1.1.tgz. Extracting by manifest.
3774 silly tarball no local data for proc-log@https://registry.npmjs.org/proc-log/-/proc-log-6.1.0.tgz. Extracting by manifest.
3775 silly tarball no local data for validate-npm-package-name@https://registry.npmjs.org/validate-npm-package-name/-/validate-npm-package-name-7.0.2.tgz. Extracting by manifest.
3776 silly tarball no local data for hosted-git-info@https://registry.npmjs.org/hosted-git-info/-/hosted-git-info-9.0.2.tgz. Extracting by manifest.
3777 silly tarball no local data for detect-libc@https://registry.npmjs.org/detect-libc/-/detect-libc-2.1.2.tgz. Extracting by manifest.
3778 silly tarball no local data for msgpackr-extract@https://registry.npmjs.org/msgpackr-extract/-/msgpackr-extract-3.0.3.tgz. Extracting by manifest.
3779 silly tarball no local data for @msgpackr-extract/msgpackr-extract-win32-x64@https://registry.npmjs.org/@msgpackr-extract/msgpackr-extract-win32-x64/-/msgpackr-extract-win32-x64-3.0.3.tgz. Extracting by manifest.
3780 silly tarball no local data for mime-db@https://registry.npmjs.org/mime-db/-/mime-db-1.54.0.tgz. Extracting by manifest.
3781 silly tarball no local data for yallist@https://registry.npmjs.org/yallist/-/yallist-3.1.1.tgz. Extracting by manifest.
3782 silly tarball no local data for environment@https://registry.npmjs.org/environment/-/environment-1.1.0.tgz. Extracting by manifest.
3783 silly tarball no local data for restore-cursor@https://registry.npmjs.org/restore-cursor/-/restore-cursor-5.1.0.tgz. Extracting by manifest.
3784 silly tarball no local data for cli-cursor@https://registry.npmjs.org/cli-cursor/-/cli-cursor-5.0.0.tgz. Extracting by manifest.
3785 silly tarball no local data for strip-ansi@https://registry.npmjs.org/strip-ansi/-/strip-ansi-7.1.2.tgz. Extracting by manifest.
3786 silly tarball no local data for weak-lru-cache@https://registry.npmjs.org/weak-lru-cache/-/weak-lru-cache-1.2.2.tgz. Extracting by manifest.
3787 silly tarball no local data for ansi-escapes@https://registry.npmjs.org/ansi-escapes/-/ansi-escapes-7.3.0.tgz. Extracting by manifest.
3788 silly tarball no local data for node-gyp-build-optional-packages@https://registry.npmjs.org/node-gyp-build-optional-packages/-/node-gyp-build-optional-packages-5.2.2.tgz. Extracting by manifest.
3789 silly tarball no local data for ordered-binary@https://registry.npmjs.org/ordered-binary/-/ordered-binary-1.6.1.tgz. Extracting by manifest.
3790 silly tarball no local data for msgpackr@https://registry.npmjs.org/msgpackr/-/msgpackr-1.11.8.tgz. Extracting by manifest.
3791 silly tarball no local data for @lmdb/lmdb-win32-x64@https://registry.npmjs.org/@lmdb/lmdb-win32-x64/-/lmdb-win32-x64-3.4.4.tgz. Extracting by manifest.
3792 silly tarball no local data for node-addon-api@https://registry.npmjs.org/node-addon-api/-/node-addon-api-6.1.0.tgz. Extracting by manifest.
3793 silly tarball no local data for rfdc@https://registry.npmjs.org/rfdc/-/rfdc-1.4.1.tgz. Extracting by manifest.
3794 silly tarball no local data for string-width@https://registry.npmjs.org/string-width/-/string-width-8.2.0.tgz. Extracting by manifest.
3795 silly tarball no local data for slice-ansi@https://registry.npmjs.org/slice-ansi/-/slice-ansi-7.1.2.tgz. Extracting by manifest.
3796 silly tarball no local data for colorette@https://registry.npmjs.org/colorette/-/colorette-2.0.20.tgz. Extracting by manifest.
3797 silly tarball no local data for eventemitter3@https://registry.npmjs.org/eventemitter3/-/eventemitter3-5.0.4.tgz. Extracting by manifest.
3798 silly tarball no local data for log-update@https://registry.npmjs.org/log-update/-/log-update-6.1.0.tgz. Extracting by manifest.
3799 silly tarball no local data for cli-truncate@https://registry.npmjs.org/cli-truncate/-/cli-truncate-5.1.1.tgz. Extracting by manifest.
3800 silly tarball no local data for @csstools/color-helpers@https://registry.npmjs.org/@csstools/color-helpers/-/color-helpers-6.0.2.tgz. Extracting by manifest.
3801 silly tarball no local data for @csstools/css-tokenizer@https://registry.npmjs.org/@csstools/css-tokenizer/-/css-tokenizer-4.0.0.tgz. Extracting by manifest.
3802 silly tarball no local data for @csstools/css-parser-algorithms@https://registry.npmjs.org/@csstools/css-parser-algorithms/-/css-parser-algorithms-4.0.0.tgz. Extracting by manifest.
3803 silly tarball no local data for @csstools/css-color-parser@https://registry.npmjs.org/@csstools/css-color-parser/-/css-color-parser-4.0.2.tgz. Extracting by manifest.
3804 silly tarball no local data for @csstools/css-syntax-patches-for-csstree@https://registry.npmjs.org/@csstools/css-syntax-patches-for-csstree/-/css-syntax-patches-for-csstree-1.0.28.tgz. Extracting by manifest.
3805 silly tarball no local data for @csstools/css-calc@https://registry.npmjs.org/@csstools/css-calc/-/css-calc-3.1.1.tgz. Extracting by manifest.
3806 silly tarball no local data for @asamuzakjp/css-color@https://registry.npmjs.org/@asamuzakjp/css-color/-/css-color-4.1.2.tgz. Extracting by manifest.
3807 silly tarball no local data for source-map-js@https://registry.npmjs.org/source-map-js/-/source-map-js-1.2.1.tgz. Extracting by manifest.
3808 silly tarball no local data for mdn-data@https://registry.npmjs.org/mdn-data/-/mdn-data-2.12.2.tgz. Extracting by manifest.
3809 silly tarball no local data for css-tree@https://registry.npmjs.org/css-tree/-/css-tree-3.1.0.tgz. Extracting by manifest.
3810 silly tarball no local data for bidi-js@https://registry.npmjs.org/bidi-js/-/bidi-js-1.0.3.tgz. Extracting by manifest.
3811 silly tarball no local data for xml-name-validator@https://registry.npmjs.org/xml-name-validator/-/xml-name-validator-5.0.0.tgz. Extracting by manifest.
3812 silly tarball no local data for @asamuzakjp/nwsapi@https://registry.npmjs.org/@asamuzakjp/nwsapi/-/nwsapi-2.3.9.tgz. Extracting by manifest.
3813 silly tarball no local data for ws@https://registry.npmjs.org/ws/-/ws-8.19.0.tgz. Extracting by manifest.
3814 silly tarball no local data for whatwg-mimetype@https://registry.npmjs.org/whatwg-mimetype/-/whatwg-mimetype-4.0.0.tgz. Extracting by manifest.
3815 silly tarball no local data for webidl-conversions@https://registry.npmjs.org/webidl-conversions/-/webidl-conversions-8.0.1.tgz. Extracting by manifest.
3816 silly tarball no local data for whatwg-url@https://registry.npmjs.org/whatwg-url/-/whatwg-url-15.1.0.tgz. Extracting by manifest.
3817 silly tarball no local data for w3c-xmlserializer@https://registry.npmjs.org/w3c-xmlserializer/-/w3c-xmlserializer-5.0.0.tgz. Extracting by manifest.
3818 silly tarball no local data for tough-cookie@https://registry.npmjs.org/tough-cookie/-/tough-cookie-6.0.0.tgz. Extracting by manifest.
3819 silly tarball no local data for symbol-tree@https://registry.npmjs.org/symbol-tree/-/symbol-tree-3.2.4.tgz. Extracting by manifest.
3820 silly tarball no local data for saxes@https://registry.npmjs.org/saxes/-/saxes-6.0.0.tgz. Extracting by manifest.
3821 silly tarball no local data for is-potential-custom-element-name@https://registry.npmjs.org/is-potential-custom-element-name/-/is-potential-custom-element-name-1.0.1.tgz. Extracting by manifest.
3822 silly tarball no local data for http-proxy-agent@https://registry.npmjs.org/http-proxy-agent/-/http-proxy-agent-7.0.2.tgz. Extracting by manifest.
3823 silly tarball no local data for parse5@https://registry.npmjs.org/parse5/-/parse5-8.0.0.tgz. Extracting by manifest.
3824 silly tarball no local data for html-encoding-sniffer@https://registry.npmjs.org/html-encoding-sniffer/-/html-encoding-sniffer-6.0.0.tgz. Extracting by manifest.
3825 silly tarball no local data for @exodus/bytes@https://registry.npmjs.org/@exodus/bytes/-/bytes-1.14.1.tgz. Extracting by manifest.
3826 silly tarball no local data for decimal.js@https://registry.npmjs.org/decimal.js/-/decimal.js-10.6.0.tgz. Extracting by manifest.
3827 silly tarball no local data for data-urls@https://registry.npmjs.org/data-urls/-/data-urls-6.0.1.tgz. Extracting by manifest.
3828 silly tarball no local data for cssstyle@https://registry.npmjs.org/cssstyle/-/cssstyle-5.3.7.tgz. Extracting by manifest.
3829 silly tarball no local data for @asamuzakjp/dom-selector@https://registry.npmjs.org/@asamuzakjp/dom-selector/-/dom-selector-6.8.1.tgz. Extracting by manifest.
3830 silly tarball no local data for istanbul-lib-coverage@https://registry.npmjs.org/istanbul-lib-coverage/-/istanbul-lib-coverage-3.2.2.tgz. Extracting by manifest.
3831 silly tarball no local data for @acemir/cssom@https://registry.npmjs.org/@acemir/cssom/-/cssom-0.9.31.tgz. Extracting by manifest.
3832 silly tarball no local data for @istanbuljs/schema@https://registry.npmjs.org/@istanbuljs/schema/-/schema-0.1.3.tgz. Extracting by manifest.
3833 silly tarball no local data for agent-base@https://registry.npmjs.org/agent-base/-/agent-base-7.1.4.tgz. Extracting by manifest.
3834 silly tarball no local data for safer-buffer@https://registry.npmjs.org/safer-buffer/-/safer-buffer-2.1.2.tgz. Extracting by manifest.
3835 silly tarball no local data for setprototypeof@https://registry.npmjs.org/setprototypeof/-/setprototypeof-1.2.0.tgz. Extracting by manifest.
3836 silly tarball no local data for toidentifier@https://registry.npmjs.org/toidentifier/-/toidentifier-1.0.1.tgz. Extracting by manifest.
3837 silly tarball no local data for inherits@https://registry.npmjs.org/inherits/-/inherits-2.0.4.tgz. Extracting by manifest.
3838 silly tarball no local data for bytes@https://registry.npmjs.org/bytes/-/bytes-3.1.2.tgz. Extracting by manifest.
3839 silly tarball no local data for negotiator@https://registry.npmjs.org/negotiator/-/negotiator-1.0.0.tgz. Extracting by manifest.
3840 silly tarball no local data for ip-address@https://registry.npmjs.org/ip-address/-/ip-address-10.0.1.tgz. Extracting by manifest.
3841 silly tarball no local data for statuses@https://registry.npmjs.org/statuses/-/statuses-2.0.2.tgz. Extracting by manifest.
3842 silly tarball no local data for type-is@https://registry.npmjs.org/type-is/-/type-is-2.0.1.tgz. Extracting by manifest.
3843 silly tarball no local data for serve-static@https://registry.npmjs.org/serve-static/-/serve-static-2.2.1.tgz. Extracting by manifest.
3844 silly tarball no local data for send@https://registry.npmjs.org/send/-/send-1.2.1.tgz. Extracting by manifest.
3845 silly tarball no local data for router@https://registry.npmjs.org/router/-/router-2.2.0.tgz. Extracting by manifest.
3846 silly tarball no local data for range-parser@https://registry.npmjs.org/range-parser/-/range-parser-1.2.1.tgz. Extracting by manifest.
3847 silly tarball no local data for proxy-addr@https://registry.npmjs.org/proxy-addr/-/proxy-addr-2.0.7.tgz. Extracting by manifest.
3848 silly tarball no local data for parseurl@https://registry.npmjs.org/parseurl/-/parseurl-1.3.3.tgz. Extracting by manifest.
3849 silly tarball no local data for qs@https://registry.npmjs.org/qs/-/qs-6.15.0.tgz. Extracting by manifest.
3850 silly tarball no local data for once@https://registry.npmjs.org/once/-/once-1.4.0.tgz. Extracting by manifest.
3851 silly tarball no local data for on-finished@https://registry.npmjs.org/on-finished/-/on-finished-2.4.1.tgz. Extracting by manifest.
3852 silly tarball no local data for mime-types@https://registry.npmjs.org/mime-types/-/mime-types-3.0.2.tgz. Extracting by manifest.
3853 silly tarball no local data for merge-descriptors@https://registry.npmjs.org/merge-descriptors/-/merge-descriptors-2.0.0.tgz. Extracting by manifest.
3854 silly tarball no local data for http-errors@https://registry.npmjs.org/http-errors/-/http-errors-2.0.1.tgz. Extracting by manifest.
3855 silly tarball no local data for fresh@https://registry.npmjs.org/fresh/-/fresh-2.0.0.tgz. Extracting by manifest.
3856 silly tarball no local data for etag@https://registry.npmjs.org/etag/-/etag-1.8.1.tgz. Extracting by manifest.
3857 silly tarball no local data for finalhandler@https://registry.npmjs.org/finalhandler/-/finalhandler-2.1.1.tgz. Extracting by manifest.
3858 silly tarball no local data for escape-html@https://registry.npmjs.org/escape-html/-/escape-html-1.0.3.tgz. Extracting by manifest.
3859 silly tarball no local data for encodeurl@https://registry.npmjs.org/encodeurl/-/encodeurl-2.0.0.tgz. Extracting by manifest.
3860 silly tarball no local data for depd@https://registry.npmjs.org/depd/-/depd-2.0.0.tgz. Extracting by manifest.
3861 silly tarball no local data for cookie@https://registry.npmjs.org/cookie/-/cookie-0.7.2.tgz. Extracting by manifest.
3862 silly tarball no local data for cookie-signature@https://registry.npmjs.org/cookie-signature/-/cookie-signature-1.2.2.tgz. Extracting by manifest.
3863 silly tarball no local data for content-disposition@https://registry.npmjs.org/content-disposition/-/content-disposition-1.0.1.tgz. Extracting by manifest.
3864 silly tarball no local data for body-parser@https://registry.npmjs.org/body-parser/-/body-parser-2.2.2.tgz. Extracting by manifest.
3865 silly tarball no local data for @esbuild/win32-x64@https://registry.npmjs.org/@esbuild/win32-x64/-/win32-x64-0.27.2.tgz. Extracting by manifest.
3866 silly tarball no local data for domelementtype@https://registry.npmjs.org/domelementtype/-/domelementtype-2.3.0.tgz. Extracting by manifest.
3867 silly tarball no local data for accepts@https://registry.npmjs.org/accepts/-/accepts-2.0.0.tgz. Extracting by manifest.
3868 silly tarball no local data for ms@https://registry.npmjs.org/ms/-/ms-2.1.3.tgz. Extracting by manifest.
3869 silly tarball no local data for nth-check@https://registry.npmjs.org/nth-check/-/nth-check-2.1.1.tgz. Extracting by manifest.
3870 silly tarball no local data for entities@https://registry.npmjs.org/entities/-/entities-4.5.0.tgz. Extracting by manifest.
3871 silly tarball no local data for boolbase@https://registry.npmjs.org/boolbase/-/boolbase-1.0.0.tgz. Extracting by manifest.
3872 silly tarball no local data for domutils@https://registry.npmjs.org/domutils/-/domutils-3.2.2.tgz. Extracting by manifest.
3873 silly tarball no local data for which@https://registry.npmjs.org/which/-/which-2.0.2.tgz. Extracting by manifest.
3874 silly tarball no local data for shebang-command@https://registry.npmjs.org/shebang-command/-/shebang-command-2.0.0.tgz. Extracting by manifest.
3875 silly tarball no local data for vary@https://registry.npmjs.org/vary/-/vary-1.1.2.tgz. Extracting by manifest.
3876 silly tarball no local data for path-key@https://registry.npmjs.org/path-key/-/path-key-3.1.1.tgz. Extracting by manifest.
3877 silly tarball no local data for readdirp@https://registry.npmjs.org/readdirp/-/readdirp-5.0.0.tgz. Extracting by manifest.
3878 silly tarball no local data for object-assign@https://registry.npmjs.org/object-assign/-/object-assign-4.1.1.tgz. Extracting by manifest.
3879 silly tarball no local data for update-browserslist-db@https://registry.npmjs.org/update-browserslist-db/-/update-browserslist-db-1.2.3.tgz. Extracting by manifest.
3880 silly tarball no local data for electron-to-chromium@https://registry.npmjs.org/electron-to-chromium/-/electron-to-chromium-1.5.302.tgz. Extracting by manifest.
3881 silly tarball no local data for node-releases@https://registry.npmjs.org/node-releases/-/node-releases-2.0.27.tgz. Extracting by manifest.
3882 silly tarball no local data for baseline-browser-mapping@https://registry.npmjs.org/baseline-browser-mapping/-/baseline-browser-mapping-2.10.0.tgz. Extracting by manifest.
3883 silly tarball no local data for caniuse-lite@https://registry.npmjs.org/caniuse-lite/-/caniuse-lite-1.0.30001774.tgz. Extracting by manifest.
3884 silly tarball no local data for postcss-media-query-parser@https://registry.npmjs.org/postcss-media-query-parser/-/postcss-media-query-parser-0.2.3.tgz. Extracting by manifest.
3885 silly tarball no local data for htmlparser2@https://registry.npmjs.org/htmlparser2/-/htmlparser2-10.1.0.tgz. Extracting by manifest.
3886 silly tarball no local data for postcss@https://registry.npmjs.org/postcss/-/postcss-8.5.6.tgz. Extracting by manifest.
3887 silly tarball no local data for dom-serializer@https://registry.npmjs.org/dom-serializer/-/dom-serializer-2.0.0.tgz. Extracting by manifest.
3888 silly tarball no local data for domhandler@https://registry.npmjs.org/domhandler/-/domhandler-5.0.3.tgz. Extracting by manifest.
3889 silly tarball no local data for css-what@https://registry.npmjs.org/css-what/-/css-what-7.0.0.tgz. Extracting by manifest.
3890 silly tarball no local data for @algolia/requester-node-http@https://registry.npmjs.org/@algolia/requester-node-http/-/requester-node-http-5.46.2.tgz. Extracting by manifest.
3891 silly tarball no local data for css-select@https://registry.npmjs.org/css-select/-/css-select-6.0.0.tgz. Extracting by manifest.
3892 silly tarball no local data for @algolia/requester-fetch@https://registry.npmjs.org/@algolia/requester-fetch/-/requester-fetch-5.46.2.tgz. Extracting by manifest.
3893 silly tarball no local data for @algolia/requester-browser-xhr@https://registry.npmjs.org/@algolia/requester-browser-xhr/-/requester-browser-xhr-5.46.2.tgz. Extracting by manifest.
3894 silly tarball no local data for @algolia/recommend@https://registry.npmjs.org/@algolia/recommend/-/recommend-5.46.2.tgz. Extracting by manifest.
3895 silly tarball no local data for @algolia/monitoring@https://registry.npmjs.org/@algolia/monitoring/-/monitoring-1.46.2.tgz. Extracting by manifest.
3896 silly tarball no local data for @algolia/ingestion@https://registry.npmjs.org/@algolia/ingestion/-/ingestion-1.46.2.tgz. Extracting by manifest.
3897 silly tarball no local data for @algolia/client-search@https://registry.npmjs.org/@algolia/client-search/-/client-search-5.46.2.tgz. Extracting by manifest.
3898 silly tarball no local data for @algolia/client-personalization@https://registry.npmjs.org/@algolia/client-personalization/-/client-personalization-5.46.2.tgz. Extracting by manifest.
3899 silly tarball no local data for @algolia/client-insights@https://registry.npmjs.org/@algolia/client-insights/-/client-insights-5.46.2.tgz. Extracting by manifest.
3900 silly tarball no local data for @algolia/client-common@https://registry.npmjs.org/@algolia/client-common/-/client-common-5.46.2.tgz. Extracting by manifest.
3901 silly tarball no local data for @algolia/client-query-suggestions@https://registry.npmjs.org/@algolia/client-query-suggestions/-/client-query-suggestions-5.46.2.tgz. Extracting by manifest.
3902 silly tarball no local data for @algolia/client-abtesting@https://registry.npmjs.org/@algolia/client-abtesting/-/client-abtesting-5.46.2.tgz. Extracting by manifest.
3903 silly tarball no local data for @algolia/client-analytics@https://registry.npmjs.org/@algolia/client-analytics/-/client-analytics-5.46.2.tgz. Extracting by manifest.
3904 silly tarball no local data for @algolia/abtesting@https://registry.npmjs.org/@algolia/abtesting/-/abtesting-1.12.2.tgz. Extracting by manifest.
3905 silly tarball no local data for json-schema-traverse@https://registry.npmjs.org/json-schema-traverse/-/json-schema-traverse-1.0.0.tgz. Extracting by manifest.
3906 silly tarball no local data for require-from-string@https://registry.npmjs.org/require-from-string/-/require-from-string-2.0.2.tgz. Extracting by manifest.
3907 silly tarball no local data for fast-uri@https://registry.npmjs.org/fast-uri/-/fast-uri-3.1.0.tgz. Extracting by manifest.
3908 silly tarball no local data for fast-deep-equal@https://registry.npmjs.org/fast-deep-equal/-/fast-deep-equal-3.1.3.tgz. Extracting by manifest.
3909 silly tarball no local data for zod-to-json-schema@https://registry.npmjs.org/zod-to-json-schema/-/zod-to-json-schema-3.25.1.tgz. Extracting by manifest.
3910 silly tarball no local data for raw-body@https://registry.npmjs.org/raw-body/-/raw-body-3.0.2.tgz. Extracting by manifest.
3911 silly tarball no local data for json-schema-typed@https://registry.npmjs.org/json-schema-typed/-/json-schema-typed-8.0.2.tgz. Extracting by manifest.
3912 silly tarball no local data for pkce-challenge@https://registry.npmjs.org/pkce-challenge/-/pkce-challenge-5.0.1.tgz. Extracting by manifest.
3913 silly tarball no local data for jose@https://registry.npmjs.org/jose/-/jose-6.1.3.tgz. Extracting by manifest.
3914 silly tarball no local data for express-rate-limit@https://registry.npmjs.org/express-rate-limit/-/express-rate-limit-8.2.1.tgz. Extracting by manifest.
3915 silly tarball no local data for eventsource-parser@https://registry.npmjs.org/eventsource-parser/-/eventsource-parser-3.0.6.tgz. Extracting by manifest.
3916 silly tarball no local data for eventsource@https://registry.npmjs.org/eventsource/-/eventsource-3.0.7.tgz. Extracting by manifest.
3917 silly tarball no local data for cross-spawn@https://registry.npmjs.org/cross-spawn/-/cross-spawn-7.0.6.tgz. Extracting by manifest.
3918 silly tarball no local data for express@https://registry.npmjs.org/express/-/express-5.2.1.tgz. Extracting by manifest.
3919 silly tarball no local data for content-type@https://registry.npmjs.org/content-type/-/content-type-1.0.5.tgz. Extracting by manifest.
3920 silly tarball no local data for cors@https://registry.npmjs.org/cors/-/cors-2.8.6.tgz. Extracting by manifest.
3921 silly tarball no local data for hono@https://registry.npmjs.org/hono/-/hono-4.12.2.tgz. Extracting by manifest.
3922 silly tarball no local data for @hono/node-server@https://registry.npmjs.org/@hono/node-server/-/node-server-1.19.9.tgz. Extracting by manifest.
3923 silly tarball no local data for @jridgewell/resolve-uri@https://registry.npmjs.org/@jridgewell/resolve-uri/-/resolve-uri-3.1.2.tgz. Extracting by manifest.
3924 silly tarball no local data for iconv-lite@https://registry.npmjs.org/iconv-lite/-/iconv-lite-0.7.2.tgz. Extracting by manifest.
3925 silly tarball no local data for chardet@https://registry.npmjs.org/chardet/-/chardet-2.1.1.tgz. Extracting by manifest.
3926 silly tarball no local data for @inquirer/external-editor@https://registry.npmjs.org/@inquirer/external-editor/-/external-editor-1.0.3.tgz. Extracting by manifest.
3927 silly tarball no local data for @inquirer/select@https://registry.npmjs.org/@inquirer/select/-/select-4.4.2.tgz. Extracting by manifest.
3928 silly tarball no local data for @inquirer/search@https://registry.npmjs.org/@inquirer/search/-/search-3.2.2.tgz. Extracting by manifest.
3929 silly tarball no local data for @inquirer/rawlist@https://registry.npmjs.org/@inquirer/rawlist/-/rawlist-4.1.11.tgz. Extracting by manifest.
3930 silly tarball no local data for @inquirer/password@https://registry.npmjs.org/@inquirer/password/-/password-4.0.23.tgz. Extracting by manifest.
3931 silly tarball no local data for @inquirer/number@https://registry.npmjs.org/@inquirer/number/-/number-3.0.23.tgz. Extracting by manifest.
3932 silly tarball no local data for @inquirer/input@https://registry.npmjs.org/@inquirer/input/-/input-4.3.1.tgz. Extracting by manifest.
3933 silly tarball no local data for @inquirer/expand@https://registry.npmjs.org/@inquirer/expand/-/expand-4.0.23.tgz. Extracting by manifest.
3934 silly tarball no local data for @inquirer/checkbox@https://registry.npmjs.org/@inquirer/checkbox/-/checkbox-4.3.2.tgz. Extracting by manifest.
3935 silly tarball no local data for yoctocolors-cjs@https://registry.npmjs.org/yoctocolors-cjs/-/yoctocolors-cjs-2.1.3.tgz. Extracting by manifest.
3936 silly tarball no local data for @inquirer/editor@https://registry.npmjs.org/@inquirer/editor/-/editor-4.2.23.tgz. Extracting by manifest.
3937 silly tarball no local data for wrap-ansi@https://registry.npmjs.org/wrap-ansi/-/wrap-ansi-6.2.0.tgz. Extracting by manifest.
3938 silly tarball no local data for signal-exit@https://registry.npmjs.org/signal-exit/-/signal-exit-4.1.0.tgz. Extracting by manifest.
3939 silly tarball no local data for mute-stream@https://registry.npmjs.org/mute-stream/-/mute-stream-2.0.0.tgz. Extracting by manifest.
3940 silly tarball no local data for cli-width@https://registry.npmjs.org/cli-width/-/cli-width-4.1.0.tgz. Extracting by manifest.
3941 silly tarball no local data for @inquirer/ansi@https://registry.npmjs.org/@inquirer/ansi/-/ansi-1.0.2.tgz. Extracting by manifest.
3942 silly tarball no local data for @inquirer/figures@https://registry.npmjs.org/@inquirer/figures/-/figures-1.0.15.tgz. Extracting by manifest.
3943 silly tarball no local data for @inquirer/type@https://registry.npmjs.org/@inquirer/type/-/type-3.0.10.tgz. Extracting by manifest.
3944 silly tarball no local data for @babel/helper-string-parser@https://registry.npmjs.org/@babel/helper-string-parser/-/helper-string-parser-7.27.1.tgz. Extracting by manifest.
3945 silly tarball no local data for @babel/helper-module-imports@https://registry.npmjs.org/@babel/helper-module-imports/-/helper-module-imports-7.28.6.tgz. Extracting by manifest.
3946 silly tarball no local data for @babel/helper-globals@https://registry.npmjs.org/@babel/helper-globals/-/helper-globals-7.28.0.tgz. Extracting by manifest.
3947 silly tarball no local data for lru-cache@https://registry.npmjs.org/lru-cache/-/lru-cache-5.1.1.tgz. Extracting by manifest.
3948 silly tarball no local data for @inquirer/core@https://registry.npmjs.org/@inquirer/core/-/core-10.3.2.tgz. Extracting by manifest.
3949 silly tarball no local data for @babel/helper-validator-option@https://registry.npmjs.org/@babel/helper-validator-option/-/helper-validator-option-7.27.1.tgz. Extracting by manifest.
3950 silly tarball no local data for @babel/compat-data@https://registry.npmjs.org/@babel/compat-data/-/compat-data-7.29.0.tgz. Extracting by manifest.
3951 silly tarball no local data for jsesc@https://registry.npmjs.org/jsesc/-/jsesc-3.1.0.tgz. Extracting by manifest.
3952 silly tarball no local data for picocolors@https://registry.npmjs.org/picocolors/-/picocolors-1.1.1.tgz. Extracting by manifest.
3953 silly tarball no local data for js-tokens@https://registry.npmjs.org/js-tokens/-/js-tokens-4.0.0.tgz. Extracting by manifest.
3954 silly tarball no local data for json5@https://registry.npmjs.org/json5/-/json5-2.2.3.tgz. Extracting by manifest.
3955 silly tarball no local data for @babel/helper-validator-identifier@https://registry.npmjs.org/@babel/helper-validator-identifier/-/helper-validator-identifier-7.28.5.tgz. Extracting by manifest.
3956 silly tarball no local data for gensync@https://registry.npmjs.org/gensync/-/gensync-1.0.0-beta.2.tgz. Extracting by manifest.
3957 silly tarball no local data for debug@https://registry.npmjs.org/debug/-/debug-4.4.3.tgz. Extracting by manifest.
3958 silly tarball no local data for @jridgewell/remapping@https://registry.npmjs.org/@jridgewell/remapping/-/remapping-2.3.5.tgz. Extracting by manifest.
3959 silly tarball no local data for @babel/types@https://registry.npmjs.org/@babel/types/-/types-7.29.0.tgz. Extracting by manifest.
3960 silly tarball no local data for @babel/template@https://registry.npmjs.org/@babel/template/-/template-7.28.6.tgz. Extracting by manifest.
3961 silly tarball no local data for @babel/traverse@https://registry.npmjs.org/@babel/traverse/-/traverse-7.29.0.tgz. Extracting by manifest.
3962 silly tarball no local data for @babel/parser@https://registry.npmjs.org/@babel/parser/-/parser-7.29.0.tgz. Extracting by manifest.
3963 silly tarball no local data for @babel/helpers@https://registry.npmjs.org/@babel/helpers/-/helpers-7.28.6.tgz. Extracting by manifest.
3964 silly tarball no local data for @babel/helper-module-transforms@https://registry.npmjs.org/@babel/helper-module-transforms/-/helper-module-transforms-7.28.6.tgz. Extracting by manifest.
3965 silly tarball no local data for @babel/helper-compilation-targets@https://registry.npmjs.org/@babel/helper-compilation-targets/-/helper-compilation-targets-7.28.6.tgz. Extracting by manifest.
3966 silly tarball no local data for @babel/generator@https://registry.npmjs.org/@babel/generator/-/generator-7.29.1.tgz. Extracting by manifest.
3967 silly tarball no local data for @babel/code-frame@https://registry.npmjs.org/@babel/code-frame/-/code-frame-7.29.0.tgz. Extracting by manifest.
3968 silly tarball no local data for @standard-schema/spec@https://registry.npmjs.org/@standard-schema/spec/-/spec-1.1.0.tgz. Extracting by manifest.
3969 silly tarball no local data for reflect-metadata@https://registry.npmjs.org/reflect-metadata/-/reflect-metadata-0.2.2.tgz. Extracting by manifest.
3970 silly tarball no local data for convert-source-map@https://registry.npmjs.org/convert-source-map/-/convert-source-map-1.9.0.tgz. Extracting by manifest.
3971 silly tarball no local data for chokidar@https://registry.npmjs.org/chokidar/-/chokidar-5.0.0.tgz. Extracting by manifest.
3972 silly tarball no local data for @jridgewell/sourcemap-codec@https://registry.npmjs.org/@jridgewell/sourcemap-codec/-/sourcemap-codec-1.5.5.tgz. Extracting by manifest.
3973 silly tarball no local data for ora@https://registry.npmjs.org/ora/-/ora-9.0.0.tgz. Extracting by manifest.
3974 silly tarball no local data for zod@https://registry.npmjs.org/zod/-/zod-4.3.5.tgz. Extracting by manifest.
3975 silly tarball no local data for yargs@https://registry.npmjs.org/yargs/-/yargs-18.0.0.tgz. Extracting by manifest.
3976 silly tarball no local data for resolve@https://registry.npmjs.org/resolve/-/resolve-1.22.11.tgz. Extracting by manifest.
3977 silly tarball no local data for pacote@https://registry.npmjs.org/pacote/-/pacote-21.0.4.tgz. Extracting by manifest.
3978 silly tarball no local data for ini@https://registry.npmjs.org/ini/-/ini-6.0.0.tgz. Extracting by manifest.
3979 silly tarball no local data for npm-package-arg@https://registry.npmjs.org/npm-package-arg/-/npm-package-arg-13.0.2.tgz. Extracting by manifest.
3980 silly tarball no local data for @yarnpkg/lockfile@https://registry.npmjs.org/@yarnpkg/lockfile/-/lockfile-1.1.0.tgz. Extracting by manifest.
3981 silly tarball no local data for algoliasearch@https://registry.npmjs.org/algoliasearch/-/algoliasearch-5.46.2.tgz. Extracting by manifest.
3982 silly tarball no local data for @schematics/angular@https://registry.npmjs.org/@schematics/angular/-/angular-21.1.5.tgz. Extracting by manifest.
3983 silly tarball no local data for @modelcontextprotocol/sdk@https://registry.npmjs.org/@modelcontextprotocol/sdk/-/sdk-1.26.0.tgz. Extracting by manifest.
3984 silly tarball no local data for @listr2/prompt-adapter-inquirer@https://registry.npmjs.org/@listr2/prompt-adapter-inquirer/-/prompt-adapter-inquirer-3.0.5.tgz. Extracting by manifest.
3985 silly tarball no local data for @inquirer/prompts@https://registry.npmjs.org/@inquirer/prompts/-/prompts-7.10.1.tgz. Extracting by manifest.
3986 silly tarball no local data for @angular-devkit/schematics@https://registry.npmjs.org/@angular-devkit/schematics/-/schematics-21.1.5.tgz. Extracting by manifest.
3987 silly tarball no local data for ajv-formats@https://registry.npmjs.org/ajv-formats/-/ajv-formats-3.0.1.tgz. Extracting by manifest.
3988 silly tarball no local data for source-map@https://registry.npmjs.org/source-map/-/source-map-0.7.6.tgz. Extracting by manifest.
3989 silly tarball no local data for ajv@https://registry.npmjs.org/ajv/-/ajv-8.18.0.tgz. Extracting by manifest.
3990 silly tarball no local data for @angular-devkit/core@https://registry.npmjs.org/@angular-devkit/core/-/core-21.1.5.tgz. Extracting by manifest.
3991 silly tarball no local data for @jridgewell/trace-mapping@https://registry.npmjs.org/@jridgewell/trace-mapping/-/trace-mapping-0.3.31.tgz. Extracting by manifest.
3992 silly tarball no local data for @jridgewell/gen-mapping@https://registry.npmjs.org/@jridgewell/gen-mapping/-/gen-mapping-0.3.13.tgz. Extracting by manifest.
3993 silly tarball no local data for watchpack@https://registry.npmjs.org/watchpack/-/watchpack-2.5.0.tgz. Extracting by manifest.
3994 silly tarball no local data for undici@https://registry.npmjs.org/undici/-/undici-7.20.0.tgz. Extracting by manifest.
3995 silly tarball no local data for tinyglobby@https://registry.npmjs.org/tinyglobby/-/tinyglobby-0.2.15.tgz. Extracting by manifest.
3996 silly tarball no local data for source-map-support@https://registry.npmjs.org/source-map-support/-/source-map-support-0.5.21.tgz. Extracting by manifest.
3997 silly tarball no local data for semver@https://registry.npmjs.org/semver/-/semver-7.7.3.tgz. Extracting by manifest.
3998 silly tarball no local data for sass@https://registry.npmjs.org/sass/-/sass-1.97.1.tgz. Extracting by manifest.
3999 silly tarball no local data for rolldown@https://registry.npmjs.org/rolldown/-/rolldown-1.0.0-beta.58.tgz. Extracting by manifest.
4000 silly tarball no local data for piscina@https://registry.npmjs.org/piscina/-/piscina-5.1.4.tgz. Extracting by manifest.
4001 silly tarball no local data for picomatch@https://registry.npmjs.org/picomatch/-/picomatch-4.0.3.tgz. Extracting by manifest.
4002 silly tarball no local data for parse5-html-rewriting-stream@https://registry.npmjs.org/parse5-html-rewriting-stream/-/parse5-html-rewriting-stream-8.0.0.tgz. Extracting by manifest.
4003 silly tarball no local data for mrmime@https://registry.npmjs.org/mrmime/-/mrmime-2.0.1.tgz. Extracting by manifest.
4004 silly tarball no local data for magic-string@https://registry.npmjs.org/magic-string/-/magic-string-0.30.21.tgz. Extracting by manifest.
4005 silly tarball no local data for lmdb@https://registry.npmjs.org/lmdb/-/lmdb-3.4.4.tgz. Extracting by manifest.
4006 silly tarball no local data for listr2@https://registry.npmjs.org/listr2/-/listr2-9.0.5.tgz. Extracting by manifest.
4007 silly tarball no local data for jsonc-parser@https://registry.npmjs.org/jsonc-parser/-/jsonc-parser-3.3.1.tgz. Extracting by manifest.
4008 silly tarball no local data for esbuild@https://registry.npmjs.org/esbuild/-/esbuild-0.27.2.tgz. Extracting by manifest.
4009 silly tarball no local data for https-proxy-agent@https://registry.npmjs.org/https-proxy-agent/-/https-proxy-agent-7.0.6.tgz. Extracting by manifest.
4010 silly tarball no local data for istanbul-lib-instrument@https://registry.npmjs.org/istanbul-lib-instrument/-/istanbul-lib-instrument-6.0.3.tgz. Extracting by manifest.
4011 silly tarball no local data for browserslist@https://registry.npmjs.org/browserslist/-/browserslist-4.28.1.tgz. Extracting by manifest.
4012 silly tarball no local data for beasties@https://registry.npmjs.org/beasties/-/beasties-0.3.5.tgz. Extracting by manifest.
4013 silly tarball no local data for vite@https://registry.npmjs.org/vite/-/vite-7.3.0.tgz. Extracting by manifest.
4014 silly tarball no local data for @inquirer/confirm@https://registry.npmjs.org/@inquirer/confirm/-/confirm-5.1.21.tgz. Extracting by manifest.
4015 silly tarball no local data for @vitejs/plugin-basic-ssl@https://registry.npmjs.org/@vitejs/plugin-basic-ssl/-/plugin-basic-ssl-2.1.0.tgz. Extracting by manifest.
4016 silly tarball no local data for @babel/helper-annotate-as-pure@https://registry.npmjs.org/@babel/helper-annotate-as-pure/-/helper-annotate-as-pure-7.27.3.tgz. Extracting by manifest.
4017 silly tarball no local data for @babel/helper-split-export-declaration@https://registry.npmjs.org/@babel/helper-split-export-declaration/-/helper-split-export-declaration-7.24.7.tgz. Extracting by manifest.
4018 silly tarball no local data for @babel/core@https://registry.npmjs.org/@babel/core/-/core-7.28.5.tgz. Extracting by manifest.
4019 silly tarball no local data for @angular-devkit/architect@https://registry.npmjs.org/@angular-devkit/architect/-/architect-0.2101.5.tgz. Extracting by manifest.
4020 silly tarball no local data for vitest@https://registry.npmjs.org/vitest/-/vitest-4.0.18.tgz. Extracting by manifest.
4021 silly tarball no local data for @ampproject/remapping@https://registry.npmjs.org/@ampproject/remapping/-/remapping-2.3.0.tgz. Extracting by manifest.
4022 silly tarball no local data for jsdom@https://registry.npmjs.org/jsdom/-/jsdom-27.4.0.tgz. Extracting by manifest.
4023 silly tarball no local data for @angular/platform-browser@https://registry.npmjs.org/@angular/platform-browser/-/platform-browser-21.1.5.tgz. Extracting by manifest.
4024 silly tarball no local data for @angular/router@https://registry.npmjs.org/@angular/router/-/router-21.1.5.tgz. Extracting by manifest.
4025 silly tarball no local data for @angular/forms@https://registry.npmjs.org/@angular/forms/-/forms-21.1.5.tgz. Extracting by manifest.
4026 silly tarball no local data for @angular/core@https://registry.npmjs.org/@angular/core/-/core-21.1.5.tgz. Extracting by manifest.
4027 silly tarball no local data for rxjs@https://registry.npmjs.org/rxjs/-/rxjs-7.8.2.tgz. Extracting by manifest.
4028 silly tarball no local data for @angular/common@https://registry.npmjs.org/@angular/common/-/common-21.1.5.tgz. Extracting by manifest.
4029 silly tarball no local data for @angular/cli@https://registry.npmjs.org/@angular/cli/-/cli-21.1.5.tgz. Extracting by manifest.
4030 silly tarball no local data for @angular/compiler-cli@https://registry.npmjs.org/@angular/compiler-cli/-/compiler-cli-21.1.5.tgz. Extracting by manifest.
4031 silly tarball no local data for @angular/compiler@https://registry.npmjs.org/@angular/compiler/-/compiler-21.1.5.tgz. Extracting by manifest.
4032 silly tarball no local data for typescript@https://registry.npmjs.org/typescript/-/typescript-5.9.3.tgz. Extracting by manifest.
4033 silly tarball no local data for tslib@https://registry.npmjs.org/tslib/-/tslib-2.8.1.tgz. Extracting by manifest.
4034 http fetch POST 200 https://registry.npmjs.org/-/npm/v1/security/advisories/bulk 1152ms
4035 silly audit report {}
4036 silly tarball no local data for @angular/build@https://registry.npmjs.org/@angular/build/-/build-21.1.5.tgz. Extracting by manifest.
4037 silly tarball no local data for wrap-ansi@https://registry.npmjs.org/wrap-ansi/-/wrap-ansi-9.0.2.tgz. Extracting by manifest.
4038 silly tarball no local data for node-addon-api@https://registry.npmjs.org/node-addon-api/-/node-addon-api-7.1.1.tgz. Extracting by manifest.
4039 silly tarball no local data for string-width@https://registry.npmjs.org/string-width/-/string-width-7.2.0.tgz. Extracting by manifest.
4040 silly tarball no local data for lru-cache@https://registry.npmjs.org/lru-cache/-/lru-cache-11.2.6.tgz. Extracting by manifest.
4041 silly tarball no local data for lru-cache@https://registry.npmjs.org/lru-cache/-/lru-cache-11.2.6.tgz. Extracting by manifest.
4042 silly tarball no local data for yallist@https://registry.npmjs.org/yallist/-/yallist-4.0.0.tgz. Extracting by manifest.
4043 silly tarball no local data for minipass@https://registry.npmjs.org/minipass/-/minipass-3.3.6.tgz. Extracting by manifest.
4044 silly tarball no local data for yallist@https://registry.npmjs.org/yallist/-/yallist-4.0.0.tgz. Extracting by manifest.
4045 silly tarball no local data for which@https://registry.npmjs.org/which/-/which-6.0.1.tgz. Extracting by manifest.
4046 silly tarball no local data for minipass@https://registry.npmjs.org/minipass/-/minipass-3.3.6.tgz. Extracting by manifest.
4047 silly tarball no local data for isexe@https://registry.npmjs.org/isexe/-/isexe-4.0.0.tgz. Extracting by manifest.
4048 silly tarball no local data for yallist@https://registry.npmjs.org/yallist/-/yallist-5.0.0.tgz. Extracting by manifest.
4049 silly tarball no local data for lru-cache@https://registry.npmjs.org/lru-cache/-/lru-cache-11.2.6.tgz. Extracting by manifest.
4050 silly tarball no local data for isexe@https://registry.npmjs.org/isexe/-/isexe-4.0.0.tgz. Extracting by manifest.
4051 silly tarball no local data for which@https://registry.npmjs.org/which/-/which-6.0.1.tgz. Extracting by manifest.
4052 silly tarball no local data for isexe@https://registry.npmjs.org/isexe/-/isexe-4.0.0.tgz. Extracting by manifest.
4053 silly tarball no local data for which@https://registry.npmjs.org/which/-/which-6.0.1.tgz. Extracting by manifest.
4054 silly tarball no local data for isexe@https://registry.npmjs.org/isexe/-/isexe-4.0.0.tgz. Extracting by manifest.
4055 silly tarball no local data for which@https://registry.npmjs.org/which/-/which-6.0.1.tgz. Extracting by manifest.
4056 silly tarball no local data for lru-cache@https://registry.npmjs.org/lru-cache/-/lru-cache-11.2.6.tgz. Extracting by manifest.
4057 silly tarball no local data for lru-cache@https://registry.npmjs.org/lru-cache/-/lru-cache-11.2.6.tgz. Extracting by manifest.
4058 silly tarball no local data for string-width@https://registry.npmjs.org/string-width/-/string-width-7.2.0.tgz. Extracting by manifest.
4059 silly tarball no local data for wrap-ansi@https://registry.npmjs.org/wrap-ansi/-/wrap-ansi-9.0.2.tgz. Extracting by manifest.
4060 silly tarball no local data for lru-cache@https://registry.npmjs.org/lru-cache/-/lru-cache-11.2.6.tgz. Extracting by manifest.
4061 silly tarball no local data for entities@https://registry.npmjs.org/entities/-/entities-6.0.1.tgz. Extracting by manifest.
4062 silly tarball no local data for whatwg-mimetype@https://registry.npmjs.org/whatwg-mimetype/-/whatwg-mimetype-5.0.0.tgz. Extracting by manifest.
4063 silly tarball no local data for lru-cache@https://registry.npmjs.org/lru-cache/-/lru-cache-11.2.6.tgz. Extracting by manifest.
4064 silly tarball no local data for lru-cache@https://registry.npmjs.org/lru-cache/-/lru-cache-11.2.6.tgz. Extracting by manifest.
4065 silly tarball no local data for entities@https://registry.npmjs.org/entities/-/entities-7.0.1.tgz. Extracting by manifest.
4066 silly tarball no local data for ansi-regex@https://registry.npmjs.org/ansi-regex/-/ansi-regex-5.0.1.tgz. Extracting by manifest.
4067 silly tarball no local data for is-fullwidth-code-point@https://registry.npmjs.org/is-fullwidth-code-point/-/is-fullwidth-code-point-3.0.0.tgz. Extracting by manifest.
4068 silly tarball no local data for emoji-regex@https://registry.npmjs.org/emoji-regex/-/emoji-regex-8.0.0.tgz. Extracting by manifest.
4069 silly tarball no local data for ansi-styles@https://registry.npmjs.org/ansi-styles/-/ansi-styles-4.3.0.tgz. Extracting by manifest.
4070 silly tarball no local data for strip-ansi@https://registry.npmjs.org/strip-ansi/-/strip-ansi-6.0.1.tgz. Extracting by manifest.
4071 silly tarball no local data for string-width@https://registry.npmjs.org/string-width/-/string-width-4.2.3.tgz. Extracting by manifest.
4072 silly tarball no local data for source-map@https://registry.npmjs.org/source-map/-/source-map-0.6.1.tgz. Extracting by manifest.
4073 silly tarball no local data for string-width@https://registry.npmjs.org/string-width/-/string-width-7.2.0.tgz. Extracting by manifest.
4074 silly tarball no local data for semver@https://registry.npmjs.org/semver/-/semver-6.3.1.tgz. Extracting by manifest.
4075 silly tarball no local data for chokidar@https://registry.npmjs.org/chokidar/-/chokidar-4.0.3.tgz. Extracting by manifest.
4076 silly tarball no local data for readdirp@https://registry.npmjs.org/readdirp/-/readdirp-4.1.2.tgz. Extracting by manifest.
4077 silly tarball no local data for entities@https://registry.npmjs.org/entities/-/entities-6.0.1.tgz. Extracting by manifest.
4078 silly tarball no local data for wrap-ansi@https://registry.npmjs.org/wrap-ansi/-/wrap-ansi-9.0.2.tgz. Extracting by manifest.
4079 silly tarball no local data for string-width@https://registry.npmjs.org/string-width/-/string-width-7.2.0.tgz. Extracting by manifest.
4080 silly tarball no local data for semver@https://registry.npmjs.org/semver/-/semver-6.3.1.tgz. Extracting by manifest.
4081 silly tarball no local data for convert-source-map@https://registry.npmjs.org/convert-source-map/-/convert-source-map-2.0.0.tgz. Extracting by manifest.
4082 http fetch GET 200 https://registry.npmjs.org/color-name/-/color-name-1.1.4.tgz 1733ms (cache miss)
4083 http fetch GET 200 https://registry.npmjs.org/estree-walker/-/estree-walker-3.0.3.tgz 1820ms (cache miss)
4084 http fetch GET 200 https://registry.npmjs.org/why-is-node-running/-/why-is-node-running-2.3.0.tgz 1958ms (cache miss)
4085 http fetch GET 200 https://registry.npmjs.org/@types/deep-eql/-/deep-eql-4.0.2.tgz 2137ms (cache miss)
4086 http fetch GET 200 https://registry.npmjs.org/tinyrainbow/-/tinyrainbow-3.0.3.tgz 2127ms (cache miss)
4087 http fetch GET 200 https://registry.npmjs.org/imurmurhash/-/imurmurhash-0.1.4.tgz 2532ms (cache miss)
4088 http fetch GET 200 https://registry.npmjs.org/assertion-error/-/assertion-error-2.0.1.tgz 2654ms (cache miss)
4089 http fetch GET 200 https://registry.npmjs.org/@tufjs/canonical-json/-/canonical-json-2.0.0.tgz 2644ms (cache miss)
4090 http fetch GET 200 https://registry.npmjs.org/glob-to-regexp/-/glob-to-regexp-0.4.1.tgz 2912ms (cache miss)
4091 http fetch GET 200 https://registry.npmjs.org/spdx-exceptions/-/spdx-exceptions-2.5.0.tgz 2846ms (cache miss)
4092 http fetch GET 200 https://registry.npmjs.org/unique-slug/-/unique-slug-6.0.0.tgz 3016ms (cache miss)
4093 http fetch GET 200 https://registry.npmjs.org/buffer-from/-/buffer-from-1.1.2.tgz 2999ms (cache miss)
4094 http fetch GET 200 https://registry.npmjs.org/color-convert/-/color-convert-2.0.1.tgz 3193ms (cache miss)
4095 http fetch GET 200 https://registry.npmjs.org/siginfo/-/siginfo-2.0.0.tgz 3185ms (cache miss)
4096 http fetch GET 200 https://registry.npmjs.org/is-fullwidth-code-point/-/is-fullwidth-code-point-5.1.0.tgz 3110ms (cache miss)
4097 http fetch GET 200 https://registry.npmjs.org/math-intrinsics/-/math-intrinsics-1.1.0.tgz 3100ms (cache miss)
4098 http fetch GET 200 https://registry.npmjs.org/@types/chai/-/chai-5.2.3.tgz 3302ms (cache miss)
4099 http fetch GET 200 https://registry.npmjs.org/media-typer/-/media-typer-1.1.0.tgz 3283ms (cache miss)
4100 http fetch GET 200 https://registry.npmjs.org/get-intrinsic/-/get-intrinsic-1.3.0.tgz 3226ms (cache miss)
4101 http fetch GET 200 https://registry.npmjs.org/side-channel-weakmap/-/side-channel-weakmap-1.0.2.tgz 3226ms (cache miss)
4102 http fetch GET 200 https://registry.npmjs.org/dunder-proto/-/dunder-proto-1.0.1.tgz 3247ms (cache miss)
4103 http fetch GET 200 https://registry.npmjs.org/get-caller-file/-/get-caller-file-2.0.5.tgz 3483ms (cache miss)
4104 http fetch GET 200 https://registry.npmjs.org/punycode/-/punycode-2.3.1.tgz 3479ms (cache miss)
4105 http fetch GET 200 https://registry.npmjs.org/ansi-regex/-/ansi-regex-6.2.2.tgz 3406ms (cache miss)
4106 http fetch GET 200 https://registry.npmjs.org/side-channel-list/-/side-channel-list-1.0.0.tgz 3349ms (cache miss)
4107 http fetch GET 200 https://registry.npmjs.org/shebang-regex/-/shebang-regex-3.0.0.tgz 3350ms (cache miss)
4108 http fetch GET 200 https://registry.npmjs.org/is-glob/-/is-glob-4.0.3.tgz 3352ms (cache miss)
4109 http fetch GET 200 https://registry.npmjs.org/is-extglob/-/is-extglob-2.1.1.tgz 3358ms (cache miss)
4110 http fetch GET 200 https://registry.npmjs.org/emoji-regex/-/emoji-regex-10.6.0.tgz 3621ms (cache miss)
4111 http fetch GET 200 https://registry.npmjs.org/ansi-styles/-/ansi-styles-6.2.3.tgz 3511ms (cache miss)
4112 http fetch GET 200 https://registry.npmjs.org/is-promise/-/is-promise-4.0.0.tgz 3489ms (cache miss)
4113 http fetch GET 200 https://registry.npmjs.org/spdx-license-ids/-/spdx-license-ids-3.0.23.tgz 3681ms (cache miss)
4114 http fetch GET 200 https://registry.npmjs.org/mimic-function/-/mimic-function-5.0.1.tgz 3615ms (cache miss)
4115 http fetch GET 200 https://registry.npmjs.org/onetime/-/onetime-7.0.0.tgz 3614ms (cache miss)
4116 http fetch GET 200 https://registry.npmjs.org/path-parse/-/path-parse-1.0.7.tgz 3613ms (cache miss)
4117 http fetch GET 200 https://registry.npmjs.org/@vitest/pretty-format/-/pretty-format-4.0.18.tgz 3848ms (cache miss)
4118 http fetch GET 200 https://registry.npmjs.org/unpipe/-/unpipe-1.0.0.tgz 3747ms (cache miss)
4119 http fetch GET 200 https://registry.npmjs.org/forwarded/-/forwarded-0.2.0.tgz 3741ms (cache miss)
4120 http fetch GET 200 https://registry.npmjs.org/side-channel/-/side-channel-1.1.0.tgz 3747ms (cache miss)
4121 http fetch GET 200 https://registry.npmjs.org/err-code/-/err-code-2.0.3.tgz 3742ms (cache miss)
4122 http fetch GET 200 https://registry.npmjs.org/stackback/-/stackback-0.0.2.tgz 4103ms (cache miss)
4123 http fetch GET 200 https://registry.npmjs.org/@oxc-project/types/-/types-0.106.0.tgz 3949ms (cache miss)
4124 http fetch GET 200 https://registry.npmjs.org/npm-install-checks/-/npm-install-checks-8.0.0.tgz 3930ms (cache miss)
4125 http fetch GET 200 https://registry.npmjs.org/@types/estree/-/estree-1.0.8.tgz 4183ms (cache miss)
4126 http fetch GET 200 https://registry.npmjs.org/@npmcli/redact/-/redact-4.0.0.tgz 4088ms (cache miss)
4127 http fetch GET 200 https://registry.npmjs.org/http-cache-semantics/-/http-cache-semantics-4.2.0.tgz 4083ms (cache miss)
4128 http fetch GET 200 https://registry.npmjs.org/minipass-fetch/-/minipass-fetch-5.0.2.tgz 4089ms (cache miss)
4129 http fetch GET 200 https://registry.npmjs.org/socks-proxy-agent/-/socks-proxy-agent-8.0.5.tgz 4093ms (cache miss)
4130 http fetch GET 200 https://registry.npmjs.org/ignore-walk/-/ignore-walk-8.0.0.tgz 4100ms (cache miss)
4131 http fetch GET 200 https://registry.npmjs.org/graceful-fs/-/graceful-fs-4.2.11.tgz 4254ms (cache miss)
4132 http fetch GET 200 https://registry.npmjs.org/env-paths/-/env-paths-2.2.1.tgz 4252ms (cache miss)
4133 http fetch GET 200 https://registry.npmjs.org/brace-expansion/-/brace-expansion-5.0.3.tgz 4250ms (cache miss)
4134 http fetch GET 200 https://registry.npmjs.org/exponential-backoff/-/exponential-backoff-3.1.3.tgz 4254ms (cache miss)
4135 http fetch GET 200 https://registry.npmjs.org/chai/-/chai-6.2.2.tgz 4519ms (cache miss)
4136 http fetch GET 200 https://registry.npmjs.org/abbrev/-/abbrev-4.0.0.tgz 4391ms (cache miss)
4137 http fetch GET 200 https://registry.npmjs.org/minipass-flush/-/minipass-flush-1.0.5.tgz 4376ms (cache miss)
4138 http fetch GET 200 https://registry.npmjs.org/minipass-pipeline/-/minipass-pipeline-1.2.4.tgz 4384ms (cache miss)
4139 http fetch GET 200 https://registry.npmjs.org/isexe/-/isexe-2.0.0.tgz 4688ms (cache miss)
4140 http fetch GET 200 https://registry.npmjs.org/minipass-collect/-/minipass-collect-2.0.1.tgz 4511ms (cache miss)
4141 http fetch GET 200 https://registry.npmjs.org/npm-normalize-package-bin/-/npm-normalize-package-bin-5.0.0.tgz 4506ms (cache miss)
4142 http fetch GET 200 https://registry.npmjs.org/@npmcli/node-gyp/-/node-gyp-5.0.0.tgz 4513ms (cache miss)
4143 http fetch GET 200 https://registry.npmjs.org/unique-filename/-/unique-filename-5.0.0.tgz 4983ms (cache miss)
4144 http fetch GET 200 https://registry.npmjs.org/json-parse-even-better-errors/-/json-parse-even-better-errors-5.0.0.tgz 5266ms (cache miss)
4145 http fetch GET 200 https://registry.npmjs.org/npm-packlist/-/npm-packlist-10.0.4.tgz 5337ms (cache miss)
4146 http fetch GET 200 https://registry.npmjs.org/wrappy/-/wrappy-1.0.2.tgz 5330ms (cache miss)
4147 http fetch GET 200 https://registry.npmjs.org/p-map/-/p-map-7.0.4.tgz 5452ms (cache miss)
4148 http fetch GET 200 https://registry.npmjs.org/npm-pick-manifest/-/npm-pick-manifest-11.0.3.tgz 5558ms (cache miss)
4149 http fetch GET 200 https://registry.npmjs.org/npm-bundled/-/npm-bundled-5.0.0.tgz 5566ms (cache miss)
4150 http fetch GET 200 https://registry.npmjs.org/stdin-discarder/-/stdin-discarder-0.2.2.tgz 5548ms (cache miss)
4151 http fetch GET 200 https://registry.npmjs.org/yoctocolors/-/yoctocolors-2.1.2.tgz 5546ms (cache miss)
4152 http fetch GET 200 https://registry.npmjs.org/ee-first/-/ee-first-1.1.1.tgz 5546ms (cache miss)
4153 http fetch GET 200 https://registry.npmjs.org/promise-retry/-/promise-retry-2.0.1.tgz 5571ms (cache miss)
4154 http fetch GET 200 https://registry.npmjs.org/log-symbols/-/log-symbols-7.0.1.tgz 5556ms (cache miss)
4155 http fetch GET 200 https://registry.npmjs.org/@npmcli/package-json/-/package-json-7.0.5.tgz 5561ms (cache miss)
4156 http fetch GET 200 https://registry.npmjs.org/is-unicode-supported/-/is-unicode-supported-2.1.0.tgz 5556ms (cache miss)
4157 http fetch GET 200 https://registry.npmjs.org/proc-log/-/proc-log-6.1.0.tgz 5551ms (cache miss)
4158 http fetch GET 200 https://registry.npmjs.org/tinyexec/-/tinyexec-1.0.2.tgz 5808ms (cache miss)
4159 http fetch GET 200 https://registry.npmjs.org/@vitest/spy/-/spy-4.0.18.tgz 5798ms (cache miss)
4160 http fetch GET 200 https://registry.npmjs.org/ssri/-/ssri-13.0.1.tgz 6613ms (cache miss)
4161 http fetch GET 200 https://registry.npmjs.org/fs-minipass/-/fs-minipass-3.0.3.tgz 6606ms (cache miss)
4162 http fetch GET 200 https://registry.npmjs.org/detect-libc/-/detect-libc-2.1.2.tgz 6613ms (cache miss)
4163 http fetch GET 200 https://registry.npmjs.org/@napi-rs/nice/-/nice-1.1.1.tgz 6955ms (cache miss)
4164 http fetch GET 200 https://registry.npmjs.org/is-interactive/-/is-interactive-2.0.0.tgz 7673ms (cache miss)
4165 http fetch GET 200 https://registry.npmjs.org/yallist/-/yallist-3.1.1.tgz 7699ms (cache miss)
4166 http fetch GET 200 https://registry.npmjs.org/restore-cursor/-/restore-cursor-5.1.0.tgz 7697ms (cache miss)
4167 http fetch GET 200 https://registry.npmjs.org/strip-ansi/-/strip-ansi-7.1.2.tgz 7698ms (cache miss)
4168 http fetch GET 200 https://registry.npmjs.org/cli-cursor/-/cli-cursor-5.0.0.tgz 7701ms (cache miss)
4169 http fetch GET 200 https://registry.npmjs.org/environment/-/environment-1.1.0.tgz 7705ms (cache miss)
4170 http fetch GET 200 https://registry.npmjs.org/node-gyp-build-optional-packages/-/node-gyp-build-optional-packages-5.2.2.tgz 7699ms (cache miss)
4171 http fetch GET 200 https://registry.npmjs.org/get-east-asian-width/-/get-east-asian-width-1.5.0.tgz 7886ms (cache miss)
4172 http fetch GET 200 https://registry.npmjs.org/slice-ansi/-/slice-ansi-7.1.2.tgz 7833ms (cache miss)
4173 http fetch GET 200 https://registry.npmjs.org/string-width/-/string-width-8.2.0.tgz 7836ms (cache miss)
4174 http fetch GET 200 https://registry.npmjs.org/eventemitter3/-/eventemitter3-5.0.4.tgz 7950ms (cache miss)
4175 http fetch GET 200 https://registry.npmjs.org/cli-truncate/-/cli-truncate-5.1.1.tgz 7950ms (cache miss)
4176 http fetch GET 200 https://registry.npmjs.org/log-update/-/log-update-6.1.0.tgz 7952ms (cache miss)
4177 http fetch GET 200 https://registry.npmjs.org/fdir/-/fdir-6.5.0.tgz 8198ms (cache miss)
4178 http fetch GET 200 https://registry.npmjs.org/path-to-regexp/-/path-to-regexp-8.3.0.tgz 8129ms (cache miss)
4179 http fetch GET 200 https://registry.npmjs.org/@npmcli/promise-spawn/-/promise-spawn-9.0.1.tgz 8181ms (cache miss)
4180 http fetch GET 200 https://registry.npmjs.org/@csstools/css-calc/-/css-calc-3.1.1.tgz 8135ms (cache miss)
4181 http fetch GET 200 https://registry.npmjs.org/ipaddr.js/-/ipaddr.js-1.9.1.tgz 8276ms (cache miss)
4182 http fetch GET 200 https://registry.npmjs.org/@npmcli/installed-package-contents/-/installed-package-contents-4.0.0.tgz 8302ms (cache miss)
4183 http fetch GET 200 https://registry.npmjs.org/xml-name-validator/-/xml-name-validator-5.0.0.tgz 8259ms (cache miss)
4184 http fetch GET 200 https://registry.npmjs.org/html-encoding-sniffer/-/html-encoding-sniffer-6.0.0.tgz 8277ms (cache miss)
4185 http fetch GET 200 https://registry.npmjs.org/data-urls/-/data-urls-6.0.1.tgz 8279ms (cache miss)
4186 http fetch GET 200 https://registry.npmjs.org/is-potential-custom-element-name/-/is-potential-custom-element-name-1.0.1.tgz 8288ms (cache miss)
4187 http fetch GET 200 https://registry.npmjs.org/webidl-conversions/-/webidl-conversions-8.0.1.tgz 8395ms (cache miss)
4188 http fetch GET 200 https://registry.npmjs.org/safer-buffer/-/safer-buffer-2.1.2.tgz 8381ms (cache miss)
4189 http fetch GET 200 https://registry.npmjs.org/validate-npm-package-name/-/validate-npm-package-name-7.0.2.tgz 8544ms (cache miss)
4190 http fetch GET 200 https://registry.npmjs.org/colorette/-/colorette-2.0.20.tgz 8519ms (cache miss)
4191 http fetch GET 200 https://registry.npmjs.org/w3c-xmlserializer/-/w3c-xmlserializer-5.0.0.tgz 8494ms (cache miss)
4192 http fetch GET 200 https://registry.npmjs.org/symbol-tree/-/symbol-tree-3.2.4.tgz 8515ms (cache miss)
4193 http fetch GET 200 https://registry.npmjs.org/@istanbuljs/schema/-/schema-0.1.3.tgz 8495ms (cache miss)
4194 http fetch GET 200 https://registry.npmjs.org/toidentifier/-/toidentifier-1.0.1.tgz 8495ms (cache miss)
4195 http fetch GET 200 https://registry.npmjs.org/setprototypeof/-/setprototypeof-1.2.0.tgz 8497ms (cache miss)
4196 http fetch GET 200 https://registry.npmjs.org/bytes/-/bytes-3.1.2.tgz 8495ms (cache miss)
4197 http fetch GET 200 https://registry.npmjs.org/inherits/-/inherits-2.0.4.tgz 8499ms (cache miss)
4198 http fetch GET 200 https://registry.npmjs.org/negotiator/-/negotiator-1.0.0.tgz 8496ms (cache miss)
4199 http fetch GET 200 https://registry.npmjs.org/cli-spinners/-/cli-spinners-3.4.0.tgz 8672ms (cache miss)
4200 http fetch GET 200 https://registry.npmjs.org/std-env/-/std-env-3.10.0.tgz 8886ms (cache miss)
4201 http fetch GET 200 https://registry.npmjs.org/spdx-expression-parse/-/spdx-expression-parse-4.0.0.tgz 8754ms (cache miss)
4202 http fetch GET 200 https://registry.npmjs.org/send/-/send-1.2.1.tgz 8622ms (cache miss)
4203 http fetch GET 200 https://registry.npmjs.org/router/-/router-2.2.0.tgz 8627ms (cache miss)
4204 http fetch GET 200 https://registry.npmjs.org/range-parser/-/range-parser-1.2.1.tgz 8629ms (cache miss)
4205 http fetch GET 200 https://registry.npmjs.org/proxy-addr/-/proxy-addr-2.0.7.tgz 8629ms (cache miss)
4206 http fetch GET 200 https://registry.npmjs.org/statuses/-/statuses-2.0.2.tgz 8818ms (cache miss)
4207 http fetch GET 200 https://registry.npmjs.org/serve-static/-/serve-static-2.2.1.tgz 8816ms (cache miss)
4208 http fetch GET 200 https://registry.npmjs.org/once/-/once-1.4.0.tgz 8812ms (cache miss)
4209 http fetch GET 200 https://registry.npmjs.org/parseurl/-/parseurl-1.3.3.tgz 8815ms (cache miss)
4210 http fetch GET 200 https://registry.npmjs.org/merge-descriptors/-/merge-descriptors-2.0.0.tgz 8810ms (cache miss)
4211 http fetch GET 200 https://registry.npmjs.org/on-finished/-/on-finished-2.4.1.tgz 8815ms (cache miss)
4212 http fetch GET 200 https://registry.npmjs.org/http-errors/-/http-errors-2.0.1.tgz 8815ms (cache miss)
4213 http fetch GET 200 https://registry.npmjs.org/mime-types/-/mime-types-3.0.2.tgz 8822ms (cache miss)
4214 http fetch GET 200 https://registry.npmjs.org/fresh/-/fresh-2.0.0.tgz 8854ms (cache miss)
4215 http fetch GET 200 https://registry.npmjs.org/encodeurl/-/encodeurl-2.0.0.tgz 8982ms (cache miss)
4216 http fetch GET 200 https://registry.npmjs.org/depd/-/depd-2.0.0.tgz 8983ms (cache miss)
4217 http fetch GET 200 https://registry.npmjs.org/cookie/-/cookie-0.7.2.tgz 8983ms (cache miss)
4218 http fetch GET 200 https://registry.npmjs.org/tinybench/-/tinybench-2.9.0.tgz 9507ms (cache miss)
4219 http fetch GET 200 https://registry.npmjs.org/y18n/-/y18n-5.0.8.tgz 9561ms (cache miss)
4220 http fetch GET 200 https://registry.npmjs.org/is-core-module/-/is-core-module-2.16.1.tgz 9413ms (cache miss)
4221 http fetch GET 200 https://registry.npmjs.org/cookie-signature/-/cookie-signature-1.2.2.tgz 9268ms (cache miss)
4222 http fetch GET 200 https://registry.npmjs.org/content-disposition/-/content-disposition-1.0.1.tgz 9268ms (cache miss)
4223 http fetch GET 200 https://registry.npmjs.org/domelementtype/-/domelementtype-2.3.0.tgz 9272ms (cache miss)
4224 http fetch GET 200 https://registry.npmjs.org/ms/-/ms-2.1.3.tgz 9271ms (cache miss)
4225 http fetch GET 200 https://registry.npmjs.org/body-parser/-/body-parser-2.2.2.tgz 9279ms (cache miss)
4226 http fetch GET 200 https://registry.npmjs.org/@asamuzakjp/nwsapi/-/nwsapi-2.3.9.tgz 9487ms (cache miss)
4227 http fetch GET 200 https://registry.npmjs.org/type-is/-/type-is-2.0.1.tgz 9493ms (cache miss)
4228 http fetch GET 200 https://registry.npmjs.org/escape-html/-/escape-html-1.0.3.tgz 9480ms (cache miss)
4229 http fetch GET 200 https://registry.npmjs.org/finalhandler/-/finalhandler-2.1.1.tgz 9483ms (cache miss)
4230 http fetch GET 200 https://registry.npmjs.org/path-key/-/path-key-3.1.1.tgz 9475ms (cache miss)
4231 http fetch GET 200 https://registry.npmjs.org/shebang-command/-/shebang-command-2.0.0.tgz 9477ms (cache miss)
4232 http fetch GET 200 https://registry.npmjs.org/boolbase/-/boolbase-1.0.0.tgz 9482ms (cache miss)
4233 http fetch GET 200 https://registry.npmjs.org/vary/-/vary-1.1.2.tgz 9477ms (cache miss)
4234 http fetch GET 200 https://registry.npmjs.org/readdirp/-/readdirp-5.0.0.tgz 9479ms (cache miss)
4235 http fetch GET 200 https://registry.npmjs.org/which/-/which-2.0.2.tgz 9484ms (cache miss)
4236 http fetch GET 200 https://registry.npmjs.org/ansi-escapes/-/ansi-escapes-7.3.0.tgz 9718ms (cache miss)
4237 http fetch GET 200 https://registry.npmjs.org/update-browserslist-db/-/update-browserslist-db-1.2.3.tgz 9687ms (cache miss)
4238 http fetch GET 200 https://registry.npmjs.org/object-assign/-/object-assign-4.1.1.tgz 9689ms (cache miss)
4239 http fetch GET 200 https://registry.npmjs.org/node-releases/-/node-releases-2.0.27.tgz 9688ms (cache miss)
4240 http fetch GET 200 https://registry.npmjs.org/msgpackr-extract/-/msgpackr-extract-3.0.3.tgz 9937ms (cache miss)
4241 http fetch GET 200 https://registry.npmjs.org/@vitest/expect/-/expect-4.0.18.tgz 10174ms (cache miss)
4242 http fetch GET 200 https://registry.npmjs.org/hasown/-/hasown-2.0.2.tgz 10076ms (cache miss)
4243 http fetch GET 200 https://registry.npmjs.org/supports-preserve-symlinks-flag/-/supports-preserve-symlinks-flag-1.0.0.tgz 10093ms (cache miss)
4244 http fetch GET 200 https://registry.npmjs.org/etag/-/etag-1.8.1.tgz 9910ms (cache miss)
4245 http fetch GET 200 https://registry.npmjs.org/postcss-media-query-parser/-/postcss-media-query-parser-0.2.3.tgz 9895ms (cache miss)
4246 http fetch GET 200 https://registry.npmjs.org/dom-serializer/-/dom-serializer-2.0.0.tgz 9892ms (cache miss)
4247 http fetch GET 200 https://registry.npmjs.org/domhandler/-/domhandler-5.0.3.tgz 9893ms (cache miss)
4248 http fetch GET 200 https://registry.npmjs.org/accepts/-/accepts-2.0.0.tgz 10092ms (cache miss)
4249 http fetch GET 200 https://registry.npmjs.org/@algolia/requester-browser-xhr/-/requester-browser-xhr-5.46.2.tgz 10068ms (cache miss)
4250 http fetch GET 200 https://registry.npmjs.org/@algolia/requester-fetch/-/requester-fetch-5.46.2.tgz 10072ms (cache miss)
4251 http fetch GET 200 https://registry.npmjs.org/@csstools/css-parser-algorithms/-/css-parser-algorithms-4.0.0.tgz 10404ms (cache miss)
4252 http fetch GET 200 https://registry.npmjs.org/obug/-/obug-2.1.1.tgz 10654ms (cache miss)
4253 http fetch GET 200 https://registry.npmjs.org/cliui/-/cliui-9.0.1.tgz 10708ms (cache miss)
4254 http fetch GET 200 https://registry.npmjs.org/es-define-property/-/es-define-property-1.0.1.tgz 10622ms (cache miss)
4255 http fetch GET 200 https://registry.npmjs.org/fast-deep-equal/-/fast-deep-equal-3.1.3.tgz 10394ms (cache miss)
4256 http fetch GET 200 https://registry.npmjs.org/json-schema-traverse/-/json-schema-traverse-1.0.0.tgz 10399ms (cache miss)
4257 http fetch GET 200 https://registry.npmjs.org/require-from-string/-/require-from-string-2.0.2.tgz 10401ms (cache miss)
4258 http fetch GET 200 https://registry.npmjs.org/@csstools/css-color-parser/-/css-color-parser-4.0.2.tgz 10675ms (cache miss)
4259 http fetch GET 200 https://registry.npmjs.org/@csstools/css-tokenizer/-/css-tokenizer-4.0.0.tgz 10698ms (cache miss)
4260 http fetch GET 200 https://registry.npmjs.org/pkce-challenge/-/pkce-challenge-5.0.1.tgz 10638ms (cache miss)
4261 http fetch GET 200 https://registry.npmjs.org/raw-body/-/raw-body-3.0.2.tgz 10643ms (cache miss)
4262 http fetch GET 200 https://registry.npmjs.org/saxes/-/saxes-6.0.0.tgz 11181ms (cache miss)
4263 http fetch GET 200 https://registry.npmjs.org/cross-spawn/-/cross-spawn-7.0.6.tgz 11086ms (cache miss)
4264 http fetch GET 200 https://registry.npmjs.org/cors/-/cors-2.8.6.tgz 11084ms (cache miss)
4265 http fetch GET 200 https://registry.npmjs.org/@csstools/color-helpers/-/color-helpers-6.0.2.tgz 11456ms (cache miss)
4266 http fetch GET 200 https://registry.npmjs.org/gopd/-/gopd-1.2.0.tgz 11646ms (cache miss)
4267 http fetch GET 200 https://registry.npmjs.org/nopt/-/nopt-9.0.0.tgz 11621ms (cache miss)
4268 http fetch GET 200 https://registry.npmjs.org/@inquirer/external-editor/-/external-editor-1.0.3.tgz 11426ms (cache miss)
4269 http fetch GET 200 https://registry.npmjs.org/@csstools/css-syntax-patches-for-csstree/-/css-syntax-patches-for-csstree-1.0.28.tgz 12035ms (cache miss)
4270 http fetch GET 200 https://registry.npmjs.org/hosted-git-info/-/hosted-git-info-9.0.2.tgz 12077ms (cache miss)
4271 http fetch GET 200 https://registry.npmjs.org/side-channel-map/-/side-channel-map-1.0.1.tgz 12206ms (cache miss)
4272 http fetch GET 200 https://registry.npmjs.org/call-bound/-/call-bound-1.0.4.tgz 12225ms (cache miss)
4273 http fetch GET 200 https://registry.npmjs.org/@npmcli/agent/-/agent-4.0.0.tgz 12194ms (cache miss)
4274 http fetch GET 200 https://registry.npmjs.org/eventsource-parser/-/eventsource-parser-3.0.6.tgz 11976ms (cache miss)
4275 http fetch GET 200 https://registry.npmjs.org/yoctocolors-cjs/-/yoctocolors-cjs-2.1.3.tgz 11963ms (cache miss)
4276 http fetch GET 200 https://registry.npmjs.org/@inquirer/password/-/password-4.0.23.tgz 11973ms (cache miss)
4277 http fetch GET 200 https://registry.npmjs.org/@inquirer/search/-/search-3.2.2.tgz 11977ms (cache miss)
4278 http fetch GET 200 https://registry.npmjs.org/@inquirer/checkbox/-/checkbox-4.3.2.tgz 11985ms (cache miss)
4279 http fetch GET 200 https://registry.npmjs.org/@inquirer/number/-/number-3.0.23.tgz 11990ms (cache miss)
4280 http fetch GET 200 https://registry.npmjs.org/mime-db/-/mime-db-1.54.0.tgz 12471ms (cache miss)
4281 http fetch GET 200 https://registry.npmjs.org/escalade/-/escalade-3.2.0.tgz 12676ms (cache miss)
4282 http fetch GET 200 https://registry.npmjs.org/content-type/-/content-type-1.0.5.tgz 12355ms (cache miss)
4283 http fetch GET 200 https://registry.npmjs.org/@inquirer/rawlist/-/rawlist-4.1.11.tgz 12354ms (cache miss)
4284 http fetch GET 200 https://registry.npmjs.org/wrap-ansi/-/wrap-ansi-6.2.0.tgz 12347ms (cache miss)
4285 http fetch GET 200 https://registry.npmjs.org/@inquirer/editor/-/editor-4.2.23.tgz 12348ms (cache miss)
4286 http fetch GET 200 https://registry.npmjs.org/@inquirer/input/-/input-4.3.1.tgz 12353ms (cache miss)
4287 http fetch GET 200 https://registry.npmjs.org/mute-stream/-/mute-stream-2.0.0.tgz 12345ms (cache miss)
4288 http fetch GET 200 https://registry.npmjs.org/@inquirer/expand/-/expand-4.0.23.tgz 12355ms (cache miss)
4289 http fetch GET 200 https://registry.npmjs.org/signal-exit/-/signal-exit-4.1.0.tgz 12350ms (cache miss)
4290 http fetch GET 200 https://registry.npmjs.org/parse5-sax-parser/-/parse5-sax-parser-8.0.0.tgz 13291ms (cache miss)
4291 http fetch GET 200 https://registry.npmjs.org/cli-width/-/cli-width-4.1.0.tgz 13075ms (cache miss)
4292 http fetch GET 200 https://registry.npmjs.org/@babel/helper-globals/-/helper-globals-7.28.0.tgz 13068ms (cache miss)
4293 http fetch GET 200 https://registry.npmjs.org/@inquirer/figures/-/figures-1.0.15.tgz 13073ms (cache miss)
4294 http fetch GET 200 https://registry.npmjs.org/@inquirer/ansi/-/ansi-1.0.2.tgz 13089ms (cache miss)
4295 http fetch GET 200 https://registry.npmjs.org/@inquirer/type/-/type-3.0.10.tgz 13087ms (cache miss)
4296 http fetch GET 200 https://registry.npmjs.org/@babel/helper-module-imports/-/helper-module-imports-7.28.6.tgz 13087ms (cache miss)
4297 http fetch GET 200 https://registry.npmjs.org/@babel/helper-validator-option/-/helper-validator-option-7.27.1.tgz 13283ms (cache miss)
4298 http fetch GET 200 https://registry.npmjs.org/@babel/compat-data/-/compat-data-7.29.0.tgz 13282ms (cache miss)
4299 http fetch GET 200 https://registry.npmjs.org/lru-cache/-/lru-cache-5.1.1.tgz 13286ms (cache miss)
4300 http fetch GET 200 https://registry.npmjs.org/picocolors/-/picocolors-1.1.1.tgz 13289ms (cache miss)
4301 http fetch GET 200 https://registry.npmjs.org/@babel/helper-string-parser/-/helper-string-parser-7.27.1.tgz 13540ms (cache miss)
4302 http fetch GET 200 https://registry.npmjs.org/debug/-/debug-4.4.3.tgz 13533ms (cache miss)
4303 http fetch GET 200 https://registry.npmjs.org/gensync/-/gensync-1.0.0-beta.2.tgz 13534ms (cache miss)
4304 http fetch GET 200 https://registry.npmjs.org/@jridgewell/remapping/-/remapping-2.3.5.tgz 13534ms (cache miss)
4305 http fetch GET 200 https://registry.npmjs.org/weak-lru-cache/-/weak-lru-cache-1.2.2.tgz 13865ms (cache miss)
4306 http fetch GET 200 https://registry.npmjs.org/@babel/code-frame/-/code-frame-7.29.0.tgz 13677ms (cache miss)
4307 http fetch GET 200 https://registry.npmjs.org/@babel/helper-compilation-targets/-/helper-compilation-targets-7.28.6.tgz 13684ms (cache miss)
4308 http fetch GET 200 https://registry.npmjs.org/@standard-schema/spec/-/spec-1.1.0.tgz 13682ms (cache miss)
4309 http fetch GET 200 https://registry.npmjs.org/convert-source-map/-/convert-source-map-1.9.0.tgz 13691ms (cache miss)
4310 http fetch GET 200 https://registry.npmjs.org/rfdc/-/rfdc-1.4.1.tgz 14019ms (cache miss)
4311 http fetch GET 200 https://registry.npmjs.org/ini/-/ini-6.0.0.tgz 13848ms (cache miss)
4312 http fetch GET 200 https://registry.npmjs.org/ora/-/ora-9.0.0.tgz 13856ms (cache miss)
4313 http fetch GET 200 https://registry.npmjs.org/@inquirer/prompts/-/prompts-7.10.1.tgz 13947ms (cache miss)
4314 http fetch GET 200 https://registry.npmjs.org/@msgpackr-extract/msgpackr-extract-win32-x64/-/msgpackr-extract-win32-x64-3.0.3.tgz 14258ms (cache miss)
4315 http fetch GET 200 https://registry.npmjs.org/js-tokens/-/js-tokens-4.0.0.tgz 14079ms (cache miss)
4316 http fetch GET 200 https://registry.npmjs.org/npm-package-arg/-/npm-package-arg-13.0.2.tgz 14062ms (cache miss)
4317 http fetch GET 200 https://registry.npmjs.org/sigstore/-/sigstore-4.1.0.tgz 14416ms (cache miss)
4318 http fetch GET 200 https://registry.npmjs.org/function-bind/-/function-bind-1.1.2.tgz 14520ms (cache miss)
4319 http fetch GET 200 https://registry.npmjs.org/whatwg-mimetype/-/whatwg-mimetype-4.0.0.tgz 14567ms (cache miss)
4320 http fetch GET 200 https://registry.npmjs.org/es-module-lexer/-/es-module-lexer-1.7.0.tgz 14834ms (cache miss)
4321 http fetch GET 200 https://registry.npmjs.org/mrmime/-/mrmime-2.0.1.tgz 14404ms (cache miss)
4322 http fetch GET 200 https://registry.npmjs.org/parse5-html-rewriting-stream/-/parse5-html-rewriting-stream-8.0.0.tgz 14420ms (cache miss)
4323 http fetch GET 200 https://registry.npmjs.org/https-proxy-agent/-/https-proxy-agent-7.0.6.tgz 14412ms (cache miss)
4324 http fetch GET 200 https://registry.npmjs.org/get-proto/-/get-proto-1.0.1.tgz 14945ms (cache miss)
4325 http fetch GET 200 https://registry.npmjs.org/@inquirer/confirm/-/confirm-5.1.21.tgz 14623ms (cache miss)
4326 http fetch GET 200 https://registry.npmjs.org/@babel/helper-annotate-as-pure/-/helper-annotate-as-pure-7.27.3.tgz 14621ms (cache miss)
4327 http fetch GET 200 https://registry.npmjs.org/npm-registry-fetch/-/npm-registry-fetch-19.1.1.tgz 15026ms (cache miss)
4328 http fetch GET 200 https://registry.npmjs.org/@ampproject/remapping/-/remapping-2.3.0.tgz 14818ms (cache miss)
4329 http fetch GET 200 https://registry.npmjs.org/http-proxy-agent/-/http-proxy-agent-7.0.2.tgz 15173ms (cache miss)
4330 http fetch GET 200 https://registry.npmjs.org/@babel/helper-split-export-declaration/-/helper-split-export-declaration-7.24.7.tgz 15053ms (cache miss)
4331 http fetch GET 200 https://registry.npmjs.org/@parcel/watcher-win32-x64/-/watcher-win32-x64-2.5.6.tgz 15547ms (cache miss)
4332 http fetch GET 200 https://registry.npmjs.org/jsesc/-/jsesc-3.1.0.tgz 15281ms (cache miss)
4333 http fetch GET 200 https://registry.npmjs.org/string-width/-/string-width-7.2.0.tgz 15228ms (cache miss)
4334 http fetch GET 200 https://registry.npmjs.org/wrap-ansi/-/wrap-ansi-9.0.2.tgz 15250ms (cache miss)
4335 http fetch GET 200 https://registry.npmjs.org/yallist/-/yallist-4.0.0.tgz 15341ms (cache miss)
4336 http fetch GET 200 https://registry.npmjs.org/minipass/-/minipass-3.3.6.tgz 15341ms (cache miss)
4337 http fetch GET 200 https://registry.npmjs.org/which/-/which-6.0.1.tgz 15340ms (cache miss)
4338 http fetch GET 200 https://registry.npmjs.org/isexe/-/isexe-4.0.0.tgz 15338ms (cache miss)
4339 http fetch GET 200 https://registry.npmjs.org/yallist/-/yallist-5.0.0.tgz 15338ms (cache miss)
4340 http fetch GET 200 https://registry.npmjs.org/es-object-atoms/-/es-object-atoms-1.1.1.tgz 15848ms (cache miss)
4341 http fetch GET 200 https://registry.npmjs.org/tr46/-/tr46-6.0.0.tgz 16030ms (cache miss)
4342 http fetch GET 200 https://registry.npmjs.org/whatwg-mimetype/-/whatwg-mimetype-5.0.0.tgz 15590ms (cache miss)
4343 http fetch GET 200 https://registry.npmjs.org/is-fullwidth-code-point/-/is-fullwidth-code-point-3.0.0.tgz 15599ms (cache miss)
4344 http fetch GET 200 https://registry.npmjs.org/string-width/-/string-width-7.2.0.tgz 15668ms (cache miss)
4345 http fetch GET 200 https://registry.npmjs.org/string-width/-/string-width-7.2.0.tgz 15654ms (cache miss)
4346 http fetch GET 200 https://registry.npmjs.org/string-width/-/string-width-7.2.0.tgz 15657ms (cache miss)
4347 http fetch GET 200 https://registry.npmjs.org/wrap-ansi/-/wrap-ansi-9.0.2.tgz 15692ms (cache miss)
4348 http fetch GET 200 https://registry.npmjs.org/ansi-regex/-/ansi-regex-5.0.1.tgz 15687ms (cache miss)
4349 http fetch GET 200 https://registry.npmjs.org/wrap-ansi/-/wrap-ansi-9.0.2.tgz 15674ms (cache miss)
4350 http fetch GET 200 https://registry.npmjs.org/ansi-styles/-/ansi-styles-4.3.0.tgz 15686ms (cache miss)
4351 http fetch GET 200 https://registry.npmjs.org/emoji-regex/-/emoji-regex-8.0.0.tgz 15689ms (cache miss)
4352 http fetch GET 200 https://registry.npmjs.org/strip-ansi/-/strip-ansi-6.0.1.tgz 15695ms (cache miss)
4353 http fetch GET 200 https://registry.npmjs.org/@napi-rs/nice-win32-x64-msvc/-/nice-win32-x64-msvc-1.1.1.tgz 16155ms (cache miss)
4354 http fetch GET 200 https://registry.npmjs.org/string-width/-/string-width-4.2.3.tgz 15718ms (cache miss)
4355 http fetch GET 200 https://registry.npmjs.org/which/-/which-6.0.1.tgz 15795ms (cache miss)
4356 http fetch GET 200 https://registry.npmjs.org/which/-/which-6.0.1.tgz 15794ms (cache miss)
4357 http fetch GET 200 https://registry.npmjs.org/which/-/which-6.0.1.tgz 15791ms (cache miss)
4358 http fetch GET 200 https://registry.npmjs.org/yallist/-/yallist-4.0.0.tgz 15801ms (cache miss)
4359 http fetch GET 200 https://registry.npmjs.org/isexe/-/isexe-4.0.0.tgz 15796ms (cache miss)
4360 http fetch GET 200 https://registry.npmjs.org/istanbul-lib-coverage/-/istanbul-lib-coverage-3.2.2.tgz 16118ms (cache miss)
4361 http fetch GET 200 https://registry.npmjs.org/convert-source-map/-/convert-source-map-2.0.0.tgz 15876ms (cache miss)
4362 http fetch GET 200 https://registry.npmjs.org/yargs-parser/-/yargs-parser-22.0.0.tgz 16526ms (cache miss)
4363 http fetch GET 200 https://registry.npmjs.org/decimal.js/-/decimal.js-10.6.0.tgz 16223ms (cache miss)
4364 http fetch GET 200 https://registry.npmjs.org/minipass/-/minipass-3.3.6.tgz 15990ms (cache miss)
4365 http fetch GET 200 https://registry.npmjs.org/@vitest/snapshot/-/snapshot-4.0.18.tgz 16566ms (cache miss)
4366 http fetch GET 200 https://registry.npmjs.org/@yarnpkg/lockfile/-/lockfile-1.1.0.tgz 16143ms (cache miss)
4367 http fetch GET 200 https://registry.npmjs.org/chokidar/-/chokidar-5.0.0.tgz 16156ms (cache miss)
4368 http fetch GET 200 https://registry.npmjs.org/has-symbols/-/has-symbols-1.1.0.tgz 16615ms (cache miss)
4369 http fetch GET 200 https://registry.npmjs.org/expect-type/-/expect-type-1.3.0.tgz 16772ms (cache miss)
4370 http fetch GET 200 https://registry.npmjs.org/@listr2/prompt-adapter-inquirer/-/prompt-adapter-inquirer-3.0.5.tgz 16313ms (cache miss)
4371 http fetch GET 200 https://registry.npmjs.org/source-map-support/-/source-map-support-0.5.21.tgz 16307ms (cache miss)
4372 http fetch GET 200 https://registry.npmjs.org/@jridgewell/resolve-uri/-/resolve-uri-3.1.2.tgz 16406ms (cache miss)
4373 http fetch GET 200 https://registry.npmjs.org/@algolia/requester-node-http/-/requester-node-http-5.46.2.tgz 16690ms (cache miss)
4374 http fetch GET 200 https://registry.npmjs.org/json-schema-typed/-/json-schema-typed-8.0.2.tgz 16669ms (cache miss)
4375 http fetch GET 200 https://registry.npmjs.org/tinyglobby/-/tinyglobby-0.2.15.tgz 16562ms (cache miss)
4376 http fetch GET 200 https://registry.npmjs.org/baseline-browser-mapping/-/baseline-browser-mapping-2.10.0.tgz 16767ms (cache miss)
4377 http fetch GET 200 https://registry.npmjs.org/smart-buffer/-/smart-buffer-4.2.0.tgz 17133ms (cache miss)
4378 http fetch GET 200 https://registry.npmjs.org/semver/-/semver-6.3.1.tgz 16602ms (cache miss)
4379 http fetch GET 200 https://registry.npmjs.org/semver/-/semver-6.3.1.tgz 16600ms (cache miss)
4380 http fetch GET 200 https://registry.npmjs.org/esbuild/-/esbuild-0.27.2.tgz 16739ms (cache miss)
4381 http fetch GET 200 https://registry.npmjs.org/chownr/-/chownr-3.0.0.tgz 17223ms (cache miss)
4382 http fetch GET 200 https://registry.npmjs.org/@sigstore/tuf/-/tuf-4.0.1.tgz 17198ms (cache miss)
4383 http fetch GET 200 https://registry.npmjs.org/electron-to-chromium/-/electron-to-chromium-1.5.302.tgz 16936ms (cache miss)
4384 http fetch GET 200 https://registry.npmjs.org/@npmcli/run-script/-/run-script-10.0.3.tgz 17122ms (cache miss)
4385 http fetch GET 200 https://registry.npmjs.org/@babel/helper-validator-identifier/-/helper-validator-identifier-7.28.5.tgz 16890ms (cache miss)
4386 http fetch GET 200 https://registry.npmjs.org/express-rate-limit/-/express-rate-limit-8.2.1.tgz 16950ms (cache miss)
4387 http fetch GET 200 https://registry.npmjs.org/@vitest/runner/-/runner-4.0.18.tgz 17348ms (cache miss)
4388 http fetch GET 200 https://registry.npmjs.org/call-bind-apply-helpers/-/call-bind-apply-helpers-1.0.2.tgz 17273ms (cache miss)
4389 http fetch GET 200 https://registry.npmjs.org/pathe/-/pathe-2.0.3.tgz 17371ms (cache miss)
4390 http fetch GET 200 https://registry.npmjs.org/express/-/express-5.2.1.tgz 16977ms (cache miss)
4391 http fetch GET 200 https://registry.npmjs.org/jsonparse/-/jsonparse-1.3.1.tgz 17286ms (cache miss)
4392 http fetch GET 200 https://registry.npmjs.org/agent-base/-/agent-base-7.1.4.tgz 17140ms (cache miss)
4393 http fetch GET 200 https://registry.npmjs.org/@npmcli/fs/-/fs-5.0.0.tgz 17308ms (cache miss)
4394 http fetch GET 200 https://registry.npmjs.org/@algolia/client-common/-/client-common-5.46.2.tgz 17109ms (cache miss)
4395 http fetch GET 200 https://registry.npmjs.org/browserslist/-/browserslist-4.28.1.tgz 17051ms (cache miss)
4396 http fetch GET 200 https://registry.npmjs.org/@inquirer/select/-/select-4.4.2.tgz 17182ms (cache miss)
4397 http fetch GET 200 https://registry.npmjs.org/beasties/-/beasties-0.3.5.tgz 17097ms (cache miss)
4398 http fetch GET 200 https://registry.npmjs.org/es-errors/-/es-errors-1.3.0.tgz 17523ms (cache miss)
4399 http fetch GET 200 https://registry.npmjs.org/readdirp/-/readdirp-4.1.2.tgz 17048ms (cache miss)
4400 http fetch GET 200 https://registry.npmjs.org/@isaacs/fs-minipass/-/fs-minipass-4.0.1.tgz 17637ms (cache miss)
4401 http fetch GET 200 https://registry.npmjs.org/retry/-/retry-0.12.0.tgz 17557ms (cache miss)
4402 http fetch GET 200 https://registry.npmjs.org/minipass-sized/-/minipass-sized-2.0.0.tgz 17596ms (cache miss)
4403 http fetch GET 200 https://registry.npmjs.org/picomatch/-/picomatch-4.0.3.tgz 17245ms (cache miss)
4404 http fetch GET 200 https://registry.npmjs.org/balanced-match/-/balanced-match-4.0.4.tgz 17614ms (cache miss)
4405 http fetch GET 200 https://registry.npmjs.org/ordered-binary/-/ordered-binary-1.6.1.tgz 17558ms (cache miss)
4406 http fetch GET 200 https://registry.npmjs.org/listr2/-/listr2-9.0.5.tgz 17284ms (cache miss)
4407 http fetch GET 200 https://registry.npmjs.org/make-fetch-happen/-/make-fetch-happen-15.0.3.tgz 17668ms (cache miss)
4408 http fetch GET 200 https://registry.npmjs.org/@sigstore/bundle/-/bundle-4.0.0.tgz 17744ms (cache miss)
4409 http fetch GET 200 https://registry.npmjs.org/reflect-metadata/-/reflect-metadata-0.2.2.tgz 17408ms (cache miss)
4410 http fetch GET 200 https://registry.npmjs.org/@rolldown/pluginutils/-/pluginutils-1.0.0-beta.58.tgz 17789ms (cache miss)
4411 http fetch GET 200 https://registry.npmjs.org/chalk/-/chalk-5.6.2.tgz 17718ms (cache miss)
4412 http fetch GET 200 https://registry.npmjs.org/istanbul-lib-instrument/-/istanbul-lib-instrument-6.0.3.tgz 17422ms (cache miss)
4413 http fetch GET 200 https://registry.npmjs.org/@lmdb/lmdb-win32-x64/-/lmdb-win32-x64-3.4.4.tgz 17780ms (cache miss)
4414 http fetch GET 200 https://registry.npmjs.org/@npmcli/git/-/git-7.0.1.tgz 17907ms (cache miss)
4415 http fetch GET 200 https://registry.npmjs.org/immutable/-/immutable-5.1.4.tgz 18189ms (cache miss)
4416 http fetch GET 200 https://registry.npmjs.org/eventsource/-/eventsource-3.0.7.tgz 17976ms (cache miss)
4417 http fetch GET 200 https://registry.npmjs.org/tslib/-/tslib-2.8.1.tgz 17886ms (cache miss)
4418 http fetch GET 200 https://registry.npmjs.org/whatwg-url/-/whatwg-url-15.1.0.tgz 18309ms (cache miss)
4419 http fetch GET 200 https://registry.npmjs.org/tough-cookie/-/tough-cookie-6.0.0.tgz 18304ms (cache miss)
4420 http fetch GET 200 https://registry.npmjs.org/tuf-js/-/tuf-js-4.1.0.tgz 18550ms (cache miss)
4421 http fetch GET 200 https://registry.npmjs.org/chokidar/-/chokidar-4.0.3.tgz 18133ms (cache miss)
4422 http fetch GET 200 https://registry.npmjs.org/xmlchars/-/xmlchars-2.2.0.tgz 18616ms (cache miss)
4423 http fetch GET 200 https://registry.npmjs.org/node-addon-api/-/node-addon-api-6.1.0.tgz 18643ms (cache miss)
4424 http fetch GET 200 https://registry.npmjs.org/source-map-js/-/source-map-js-1.2.1.tgz 18666ms (cache miss)
4425 http fetch GET 200 https://registry.npmjs.org/ajv-formats/-/ajv-formats-3.0.1.tgz 18597ms (cache miss)
4426 http fetch GET 200 https://registry.npmjs.org/ws/-/ws-8.19.0.tgz 18884ms (cache miss)
4427 http fetch GET 200 https://registry.npmjs.org/bidi-js/-/bidi-js-1.0.3.tgz 18899ms (cache miss)
4428 http fetch GET 200 https://registry.npmjs.org/path-scurry/-/path-scurry-2.0.2.tgz 19064ms (cache miss)
4429 http fetch GET 200 https://registry.npmjs.org/minipass/-/minipass-7.1.3.tgz 19073ms (cache miss)
4430 http fetch GET 200 https://registry.npmjs.org/nanoid/-/nanoid-3.3.11.tgz 19136ms (cache miss)
4431 http fetch GET 200 https://registry.npmjs.org/magic-string/-/magic-string-0.30.21.tgz 18803ms (cache miss)
4432 http fetch GET 200 https://registry.npmjs.org/cacache/-/cacache-20.0.3.tgz 19211ms (cache miss)
4433 http fetch GET 200 https://registry.npmjs.org/@vitejs/plugin-basic-ssl/-/plugin-basic-ssl-2.1.0.tgz 18898ms (cache miss)
4434 http fetch GET 200 https://registry.npmjs.org/watchpack/-/watchpack-2.5.0.tgz 19060ms (cache miss)
4435 http fetch GET 200 https://registry.npmjs.org/qs/-/qs-6.15.0.tgz 19350ms (cache miss)
4436 http fetch GET 200 https://registry.npmjs.org/@babel/helper-module-transforms/-/helper-module-transforms-7.28.6.tgz 19276ms (cache miss)
4437 http fetch GET 200 https://registry.npmjs.org/@babel/template/-/template-7.28.6.tgz 19459ms (cache miss)
4438 http fetch GET 200 https://registry.npmjs.org/@vitest/mocker/-/mocker-4.0.18.tgz 19937ms (cache miss)
4439 http fetch GET 200 https://registry.npmjs.org/source-map/-/source-map-0.7.6.tgz 19562ms (cache miss)
4440 http fetch GET 200 https://registry.npmjs.org/pacote/-/pacote-21.0.4.tgz 19656ms (cache miss)
4441 http fetch GET 200 https://registry.npmjs.org/node-addon-api/-/node-addon-api-7.1.1.tgz 19620ms (cache miss)
4442 http fetch GET 200 https://registry.npmjs.org/json5/-/json5-2.2.3.tgz 19827ms (cache miss)
4443 http fetch GET 200 https://registry.npmjs.org/minizlib/-/minizlib-3.1.0.tgz 20215ms (cache miss)
4444 http fetch GET 200 https://registry.npmjs.org/@angular/platform-browser/-/platform-browser-21.1.5.tgz 20168ms (cache miss)
4445 http fetch GET 200 https://registry.npmjs.org/@asamuzakjp/dom-selector/-/dom-selector-6.8.1.tgz 20501ms (cache miss)
4446 http fetch GET 200 https://registry.npmjs.org/object-inspect/-/object-inspect-1.13.4.tgz 21027ms (cache miss)
4447 http fetch GET 200 https://registry.npmjs.org/mdn-data/-/mdn-data-2.12.2.tgz 20886ms (cache miss)
4448 http fetch GET 200 https://registry.npmjs.org/@jridgewell/sourcemap-codec/-/sourcemap-codec-1.5.5.tgz 20668ms (cache miss)
4449 http fetch GET 200 https://registry.npmjs.org/@rollup/rollup-win32-x64-gnu/-/rollup-win32-x64-gnu-4.59.0.tgz 21248ms (cache miss)
4450 http fetch GET 200 https://registry.npmjs.org/jsonc-parser/-/jsonc-parser-3.3.1.tgz 20872ms (cache miss)
4451 http fetch GET 200 https://registry.npmjs.org/@babel/parser/-/parser-7.29.0.tgz 21060ms (cache miss)
4452 http fetch GET 200 https://registry.npmjs.org/nth-check/-/nth-check-2.1.1.tgz 21198ms (cache miss)
4453 http fetch GET 200 https://registry.npmjs.org/source-map/-/source-map-0.6.1.tgz 21044ms (cache miss)
4454 http fetch GET 200 https://registry.npmjs.org/@vitest/utils/-/utils-4.0.18.tgz 21694ms (cache miss)
4455 http fetch GET 200 https://registry.npmjs.org/@angular/router/-/router-21.1.5.tgz 21223ms (cache miss)
4456 http fetch GET 200 https://registry.npmjs.org/fast-uri/-/fast-uri-3.1.0.tgz 21440ms (cache miss)
4457 http fetch GET 200 https://registry.npmjs.org/iconv-lite/-/iconv-lite-0.7.2.tgz 21463ms (cache miss)
4458 http fetch GET 200 https://registry.npmjs.org/lru-cache/-/lru-cache-11.2.6.tgz 21333ms (cache miss)
4459 http fetch GET 200 https://registry.npmjs.org/lru-cache/-/lru-cache-11.2.6.tgz 21337ms (cache miss)
4460 http fetch GET 200 https://registry.npmjs.org/@rollup/rollup-win32-x64-msvc/-/rollup-win32-x64-msvc-4.59.0.tgz 21888ms (cache miss)
4461 http fetch GET 200 https://registry.npmjs.org/lru-cache/-/lru-cache-11.2.6.tgz 21344ms (cache miss)
4462 http fetch GET 200 https://registry.npmjs.org/lru-cache/-/lru-cache-11.2.6.tgz 21361ms (cache miss)
4463 http fetch GET 200 https://registry.npmjs.org/lru-cache/-/lru-cache-11.2.6.tgz 21402ms (cache miss)
4464 http fetch GET 200 https://registry.npmjs.org/lru-cache/-/lru-cache-11.2.6.tgz 21420ms (cache miss)
4465 http fetch GET 200 https://registry.npmjs.org/@jridgewell/gen-mapping/-/gen-mapping-0.3.13.tgz 21528ms (cache miss)
4466 http fetch GET 200 https://registry.npmjs.org/lru-cache/-/lru-cache-11.2.6.tgz 21465ms (cache miss)
4467 http fetch GET 200 https://registry.npmjs.org/lru-cache/-/lru-cache-11.2.6.tgz 21478ms (cache miss)
4468 http fetch GET 200 https://registry.npmjs.org/@angular/forms/-/forms-21.1.5.tgz 21574ms (cache miss)
4469 http fetch GET 200 https://registry.npmjs.org/@algolia/client-personalization/-/client-personalization-5.46.2.tgz 21760ms (cache miss)
4470 http fetch GET 200 https://registry.npmjs.org/@algolia/client-insights/-/client-insights-5.46.2.tgz 21817ms (cache miss)
4471 http fetch GET 200 https://registry.npmjs.org/@algolia/client-query-suggestions/-/client-query-suggestions-5.46.2.tgz 21872ms (cache miss)
4472 http fetch GET 200 https://registry.npmjs.org/@algolia/monitoring/-/monitoring-1.46.2.tgz 21885ms (cache miss)
4473 http fetch GET 200 https://registry.npmjs.org/@algolia/client-abtesting/-/client-abtesting-5.46.2.tgz 21879ms (cache miss)
4474 http fetch GET 200 https://registry.npmjs.org/socks/-/socks-2.8.7.tgz 22198ms (cache miss)
4475 http fetch GET 200 https://registry.npmjs.org/@algolia/abtesting/-/abtesting-1.12.2.tgz 21974ms (cache miss)
4476 http fetch GET 200 https://registry.npmjs.org/@tufjs/models/-/models-4.1.0.tgz 22800ms (cache miss)
4477 http fetch GET 200 https://registry.npmjs.org/@algolia/recommend/-/recommend-5.46.2.tgz 22617ms (cache miss)
4478 http fetch GET 200 https://registry.npmjs.org/parse5/-/parse5-8.0.0.tgz 22879ms (cache miss)
4479 http fetch GET 200 https://registry.npmjs.org/@acemir/cssom/-/cssom-0.9.31.tgz 22892ms (cache miss)
4480 http fetch GET 200 https://registry.npmjs.org/@parcel/watcher/-/watcher-2.5.6.tgz 23928ms (cache miss)
4481 http fetch GET 200 https://registry.npmjs.org/@algolia/client-analytics/-/client-analytics-5.46.2.tgz 23744ms (cache miss)
4482 http fetch GET 200 https://registry.npmjs.org/msgpackr/-/msgpackr-1.11.8.tgz 24145ms (cache miss)
4483 http fetch GET 200 https://registry.npmjs.org/chardet/-/chardet-2.1.1.tgz 24031ms (cache miss)
4484 http fetch GET 200 https://registry.npmjs.org/css-what/-/css-what-7.0.0.tgz 24733ms (cache miss)
4485 http fetch GET 200 https://registry.npmjs.org/@sigstore/core/-/core-3.1.0.tgz 25067ms (cache miss)
4486 http fetch GET 200 https://registry.npmjs.org/semver/-/semver-7.7.3.tgz 24726ms (cache miss)
4487 http fetch GET 200 https://registry.npmjs.org/ip-address/-/ip-address-10.0.1.tgz 25060ms (cache miss)
4488 http fetch GET 200 https://registry.npmjs.org/htmlparser2/-/htmlparser2-10.1.0.tgz 25170ms (cache miss)
4489 http fetch GET 200 https://registry.npmjs.org/@sigstore/verify/-/verify-3.1.0.tgz 25472ms (cache miss)
4490 http fetch GET 200 https://registry.npmjs.org/@jridgewell/trace-mapping/-/trace-mapping-0.3.31.tgz 25063ms (cache miss)
4491 http fetch GET 200 https://registry.npmjs.org/@sigstore/protobuf-specs/-/protobuf-specs-0.5.0.tgz 25576ms (cache miss)
4492 http fetch GET 200 https://registry.npmjs.org/postcss/-/postcss-8.5.6.tgz 25388ms (cache miss)
4493 http fetch GET 200 https://registry.npmjs.org/@angular/compiler/-/compiler-21.1.5.tgz 25226ms (cache miss)
4494 http fetch GET 200 https://registry.npmjs.org/@algolia/ingestion/-/ingestion-1.46.2.tgz 25501ms (cache miss)
4495 http fetch GET 200 https://registry.npmjs.org/isexe/-/isexe-4.0.0.tgz 25317ms (cache miss)
4496 http fetch GET 200 https://registry.npmjs.org/rolldown/-/rolldown-1.0.0-beta.58.tgz 25374ms (cache miss)
4497 http fetch GET 200 https://registry.npmjs.org/isexe/-/isexe-4.0.0.tgz 25317ms (cache miss)
4498 http fetch GET 200 https://registry.npmjs.org/rollup/-/rollup-4.59.0.tgz 26328ms (cache miss)
4499 http fetch GET 200 https://registry.npmjs.org/@hono/node-server/-/node-server-1.19.9.tgz 25965ms (cache miss)
4500 http fetch GET 200 https://registry.npmjs.org/@babel/generator/-/generator-7.29.1.tgz 26130ms (cache miss)
4501 http fetch GET 200 https://registry.npmjs.org/@exodus/bytes/-/bytes-1.14.1.tgz 26433ms (cache miss)
4502 http fetch GET 200 https://registry.npmjs.org/algoliasearch/-/algoliasearch-5.46.2.tgz 26773ms (cache miss)
4503 http fetch GET 200 https://registry.npmjs.org/@algolia/client-search/-/client-search-5.46.2.tgz 27054ms (cache miss)
4504 http fetch GET 200 https://registry.npmjs.org/yargs/-/yargs-18.0.0.tgz 27031ms (cache miss)
4505 http fetch GET 200 https://registry.npmjs.org/tldts/-/tldts-7.0.23.tgz 27573ms (cache miss)
4506 http fetch GET 200 https://registry.npmjs.org/minimatch/-/minimatch-10.2.2.tgz 27482ms (cache miss)
4507 http fetch GET 200 https://registry.npmjs.org/vite/-/vite-7.3.0.tgz 27636ms (cache miss)
4508 http fetch GET 200 https://registry.npmjs.org/domutils/-/domutils-3.2.2.tgz 27888ms (cache miss)
4509 http fetch GET 200 https://registry.npmjs.org/@sigstore/sign/-/sign-4.1.0.tgz 28679ms (cache miss)
4510 http fetch GET 200 https://registry.npmjs.org/entities/-/entities-4.5.0.tgz 28532ms (cache miss)
4511 http fetch GET 200 https://registry.npmjs.org/@babel/traverse/-/traverse-7.29.0.tgz 28575ms (cache miss)
4512 http fetch GET 200 https://registry.npmjs.org/glob/-/glob-13.0.6.tgz 29096ms (cache miss)
4513 http fetch GET 200 https://registry.npmjs.org/tldts-core/-/tldts-core-7.0.23.tgz 29460ms (cache miss)
4514 http fetch GET 200 https://registry.npmjs.org/sass/-/sass-1.97.1.tgz 29068ms (cache miss)
4515 http fetch GET 200 https://registry.npmjs.org/@asamuzakjp/css-color/-/css-color-4.1.2.tgz 29392ms (cache miss)
4516 http fetch GET 200 https://registry.npmjs.org/entities/-/entities-6.0.1.tgz 29749ms (cache miss)
4517 http fetch GET 200 https://registry.npmjs.org/entities/-/entities-6.0.1.tgz 29768ms (cache miss)
4518 http fetch GET 200 https://registry.npmjs.org/@inquirer/core/-/core-10.3.2.tgz 29978ms (cache miss)
4519 http fetch GET 200 https://registry.npmjs.org/cssstyle/-/cssstyle-5.3.7.tgz 30180ms (cache miss)
4520 http fetch GET 200 https://registry.npmjs.org/@angular-devkit/architect/-/architect-0.2101.5.tgz 29997ms (cache miss)
4521 http fetch GET 200 https://registry.npmjs.org/resolve/-/resolve-1.22.11.tgz 30193ms (cache miss)
4522 http fetch GET 200 https://registry.npmjs.org/@esbuild/win32-x64/-/win32-x64-0.27.2.tgz 30900ms (cache miss)
4523 http fetch GET 200 https://registry.npmjs.org/vitest/-/vitest-4.0.18.tgz 30721ms (cache miss)
4524 http fetch GET 200 https://registry.npmjs.org/entities/-/entities-7.0.1.tgz 31312ms (cache miss)
4525 http fetch GET 200 https://registry.npmjs.org/piscina/-/piscina-5.1.4.tgz 31550ms (cache miss)
4526 http fetch GET 200 https://registry.npmjs.org/jose/-/jose-6.1.3.tgz 31700ms (cache miss)
4527 http fetch GET 200 https://registry.npmjs.org/node-gyp/-/node-gyp-12.2.0.tgz 32005ms (cache miss)
4528 http fetch GET 200 https://registry.npmjs.org/@babel/core/-/core-7.28.5.tgz 31844ms (cache miss)
4529 http fetch GET 200 https://registry.npmjs.org/css-select/-/css-select-6.0.0.tgz 32212ms (cache miss)
4530 http fetch GET 200 https://registry.npmjs.org/@angular/core/-/core-21.1.5.tgz 32217ms (cache miss)
4531 http fetch GET 200 https://registry.npmjs.org/zod-to-json-schema/-/zod-to-json-schema-3.25.1.tgz 32510ms (cache miss)
4532 http fetch GET 200 https://registry.npmjs.org/@angular-devkit/schematics/-/schematics-21.1.5.tgz 33115ms (cache miss)
4533 http fetch GET 200 https://registry.npmjs.org/lmdb/-/lmdb-3.4.4.tgz 33272ms (cache miss)
4534 http fetch GET 200 https://registry.npmjs.org/@angular-devkit/core/-/core-21.1.5.tgz 33562ms (cache miss)
4535 http fetch GET 200 https://registry.npmjs.org/@babel/types/-/types-7.29.0.tgz 34214ms (cache miss)
4536 http fetch GET 200 https://registry.npmjs.org/@rolldown/binding-win32-x64-msvc/-/binding-win32-x64-msvc-1.0.0-beta.58.tgz 34602ms (cache miss)
4537 http fetch GET 200 https://registry.npmjs.org/undici/-/undici-7.20.0.tgz 34638ms (cache miss)
4538 http fetch GET 200 https://registry.npmjs.org/@babel/helpers/-/helpers-7.28.6.tgz 35465ms (cache miss)
4539 http fetch GET 200 https://registry.npmjs.org/tar/-/tar-7.5.9.tgz 35920ms (cache miss)
4540 http fetch GET 200 https://registry.npmjs.org/typescript/-/typescript-5.9.3.tgz 36560ms (cache miss)
4541 http fetch GET 200 https://registry.npmjs.org/css-tree/-/css-tree-3.1.0.tgz 37389ms (cache miss)
4542 http fetch GET 200 https://registry.npmjs.org/@schematics/angular/-/angular-21.1.5.tgz 41344ms (cache miss)
4543 http fetch GET 200 https://registry.npmjs.org/@angular/cli/-/cli-21.1.5.tgz 41323ms (cache miss)
4544 http fetch GET 200 https://registry.npmjs.org/ajv/-/ajv-8.18.0.tgz 42585ms (cache miss)
4545 http fetch GET 200 https://registry.npmjs.org/@angular/compiler-cli/-/compiler-cli-21.1.5.tgz 42916ms (cache miss)
4546 http fetch GET 200 https://registry.npmjs.org/hono/-/hono-4.12.2.tgz 44521ms (cache miss)
4547 http fetch GET 200 https://registry.npmjs.org/@angular/build/-/build-21.1.5.tgz 44942ms (cache miss)
4548 http fetch GET 200 https://registry.npmjs.org/zod/-/zod-4.3.5.tgz 45181ms (cache miss)
4549 http fetch GET 200 https://registry.npmjs.org/jsdom/-/jsdom-27.4.0.tgz 45146ms (cache miss)
4550 http fetch GET 200 https://registry.npmjs.org/caniuse-lite/-/caniuse-lite-1.0.30001774.tgz 45596ms (cache miss)
4551 http fetch GET 200 https://registry.npmjs.org/@modelcontextprotocol/sdk/-/sdk-1.26.0.tgz 45917ms (cache miss)
4552 http fetch GET 200 https://registry.npmjs.org/rxjs/-/rxjs-7.8.2.tgz 53839ms (cache miss)
4553 http fetch GET 200 https://registry.npmjs.org/@angular/common/-/common-21.1.5.tgz 59302ms (cache miss)
4554 silly ADD node_modules/color-name
4555 silly ADD node_modules/color-convert
4556 silly ADD node_modules/emoji-regex
4557 silly ADD node_modules/yargs-parser
4558 silly ADD node_modules/y18n
4559 silly ADD node_modules/get-caller-file
4560 silly ADD node_modules/cliui
4561 silly ADD node_modules/cliui/node_modules/wrap-ansi
4562 silly ADD node_modules/cliui/node_modules/string-width
4563 silly ADD node_modules/stackback
4564 silly ADD node_modules/siginfo
4565 silly ADD node_modules/isexe
4566 silly ADD node_modules/punycode
4567 silly ADD node_modules/tr46
4568 silly ADD node_modules/glob-to-regexp
4569 silly ADD node_modules/estree-walker
4570 silly ADD node_modules/assertion-error
4571 silly ADD node_modules/@types/deep-eql
4572 silly ADD node_modules/chai
4573 silly ADD node_modules/@types/chai
4574 silly ADD node_modules/why-is-node-running
4575 silly ADD node_modules/tinyrainbow
4576 silly ADD node_modules/tinyexec
4577 silly ADD node_modules/tinybench
4578 silly ADD node_modules/std-env
4579 silly ADD node_modules/pathe
4580 silly ADD node_modules/obug
4581 silly ADD node_modules/expect-type
4582 silly ADD node_modules/es-module-lexer
4583 silly ADD node_modules/@vitest/utils
4584 silly ADD node_modules/@vitest/spy
4585 silly ADD node_modules/@vitest/snapshot
4586 silly ADD node_modules/@vitest/runner
4587 silly ADD node_modules/@vitest/pretty-format
4588 silly ADD node_modules/@vitest/mocker
4589 silly ADD node_modules/@vitest/expect
4590 silly ADD node_modules/@types/estree
4591 silly ADD node_modules/@rollup/rollup-win32-x64-msvc
4592 silly ADD node_modules/@rollup/rollup-win32-x64-gnu
4593 silly ADD node_modules/rollup
4594 silly ADD node_modules/escalade
4595 silly ADD node_modules/imurmurhash
4596 silly ADD node_modules/unique-slug
4597 silly ADD node_modules/media-typer
4598 silly ADD node_modules/@tufjs/canonical-json
4599 silly ADD node_modules/@tufjs/models
4600 silly ADD node_modules/tldts-core
4601 silly ADD node_modules/tldts
4602 silly ADD node_modules/fdir
4603 silly ADD node_modules/chownr
4604 silly ADD node_modules/@isaacs/fs-minipass
4605 silly ADD node_modules/ansi-regex
4606 silly ADD node_modules/spdx-license-ids
4607 silly ADD node_modules/spdx-exceptions
4608 silly ADD node_modules/buffer-from
4609 silly ADD node_modules/smart-buffer
4610 silly ADD node_modules/socks
4611 silly ADD node_modules/get-east-asian-width
4612 silly ADD node_modules/is-fullwidth-code-point
4613 silly ADD node_modules/ansi-styles
4614 silly ADD node_modules/tuf-js
4615 silly ADD node_modules/@sigstore/verify
4616 silly ADD node_modules/@sigstore/tuf
4617 silly ADD node_modules/@sigstore/sign
4618 silly ADD node_modules/@sigstore/protobuf-specs
4619 silly ADD node_modules/@sigstore/core
4620 silly ADD node_modules/@sigstore/bundle
4621 silly ADD node_modules/dunder-proto
4622 silly ADD node_modules/math-intrinsics
4623 silly ADD node_modules/has-symbols
4624 silly ADD node_modules/gopd
4625 silly ADD node_modules/get-proto
4626 silly ADD node_modules/es-object-atoms
4627 silly ADD node_modules/es-define-property
4628 silly ADD node_modules/call-bind-apply-helpers
4629 silly ADD node_modules/get-intrinsic
4630 silly ADD node_modules/call-bound
4631 silly ADD node_modules/side-channel-weakmap
4632 silly ADD node_modules/side-channel-map
4633 silly ADD node_modules/side-channel-list
4634 silly ADD node_modules/object-inspect
4635 silly ADD node_modules/es-errors
4636 silly ADD node_modules/shebang-regex
4637 silly ADD node_modules/xmlchars
4638 silly ADD node_modules/is-extglob
4639 silly ADD node_modules/is-glob
4640 silly ADD node_modules/@parcel/watcher-win32-x64
4641 silly ADD node_modules/immutable
4642 silly ADD node_modules/@parcel/watcher
4643 silly ADD node_modules/@parcel/watcher/node_modules/node-addon-api
4644 silly ADD node_modules/path-to-regexp
4645 silly ADD node_modules/is-promise
4646 silly ADD node_modules/@rolldown/pluginutils
4647 silly ADD node_modules/@rolldown/binding-win32-x64-msvc
4648 silly ADD node_modules/@oxc-project/types
4649 silly ADD node_modules/mimic-function
4650 silly ADD node_modules/onetime
4651 silly ADD node_modules/function-bind
4652 silly ADD node_modules/hasown
4653 silly ADD node_modules/supports-preserve-symlinks-flag
4654 silly ADD node_modules/path-parse
4655 silly ADD node_modules/is-core-module
4656 silly ADD node_modules/unpipe
4657 silly ADD node_modules/side-channel
4658 silly ADD node_modules/ipaddr.js
4659 silly ADD node_modules/forwarded
4660 silly ADD node_modules/retry
4661 silly ADD node_modules/err-code
4662 silly ADD node_modules/nanoid
4663 silly ADD node_modules/@napi-rs/nice-win32-x64-msvc
4664 silly ADD node_modules/@napi-rs/nice
4665 silly ADD node_modules/parse5-sax-parser
4666 silly ADD node_modules/jsonparse
4667 silly ADD node_modules/@npmcli/redact
4668 silly ADD node_modules/npm-install-checks
4669 silly ADD node_modules/ignore-walk
4670 silly ADD node_modules/abbrev
4671 silly ADD node_modules/minizlib
4672 silly ADD node_modules/minipass-sized
4673 silly ADD node_modules/socks-proxy-agent
4674 silly ADD node_modules/minipass-fetch
4675 silly ADD node_modules/http-cache-semantics
4676 silly ADD node_modules/@npmcli/agent
4677 silly ADD node_modules/@npmcli/agent/node_modules/lru-cache
4678 silly ADD node_modules/nopt
4679 silly ADD node_modules/make-fetch-happen
4680 silly ADD node_modules/graceful-fs
4681 silly ADD node_modules/exponential-backoff
4682 silly ADD node_modules/env-paths
4683 silly ADD node_modules/balanced-match
4684 silly ADD node_modules/brace-expansion
4685 silly ADD node_modules/path-scurry
4686 silly ADD node_modules/path-scurry/node_modules/lru-cache
4687 silly ADD node_modules/minimatch
4688 silly ADD node_modules/unique-filename
4689 silly ADD node_modules/p-map
4690 silly ADD node_modules/minipass-pipeline
4691 silly ADD node_modules/minipass-pipeline/node_modules/yallist
4692 silly ADD node_modules/minipass-pipeline/node_modules/minipass
4693 silly ADD node_modules/minipass-flush
4694 silly ADD node_modules/minipass-flush/node_modules/yallist
4695 silly ADD node_modules/minipass-flush/node_modules/minipass
4696 silly ADD node_modules/minipass-collect
4697 silly ADD node_modules/@npmcli/fs
4698 silly ADD node_modules/node-gyp
4699 silly ADD node_modules/node-gyp/node_modules/isexe
4700 silly ADD node_modules/node-gyp/node_modules/which
4701 silly ADD node_modules/@npmcli/node-gyp
4702 silly ADD node_modules/spdx-expression-parse
4703 silly ADD node_modules/json-parse-even-better-errors
4704 silly ADD node_modules/glob
4705 silly ADD node_modules/npm-normalize-package-bin
4706 silly ADD node_modules/npm-bundled
4707 silly ADD node_modules/tar
4708 silly ADD node_modules/tar/node_modules/yallist
4709 silly ADD node_modules/ssri
4710 silly ADD node_modules/sigstore
4711 silly ADD node_modules/promise-retry
4712 silly ADD node_modules/npm-registry-fetch
4713 silly ADD node_modules/npm-pick-manifest
4714 silly ADD node_modules/npm-packlist
4715 silly ADD node_modules/minipass
4716 silly ADD node_modules/fs-minipass
4717 silly ADD node_modules/cacache
4718 silly ADD node_modules/cacache/node_modules/lru-cache
4719 silly ADD node_modules/@npmcli/run-script
4720 silly ADD node_modules/@npmcli/run-script/node_modules/isexe
4721 silly ADD node_modules/@npmcli/run-script/node_modules/which
4722 silly ADD node_modules/@npmcli/promise-spawn
4723 silly ADD node_modules/@npmcli/promise-spawn/node_modules/isexe
4724 silly ADD node_modules/@npmcli/promise-spawn/node_modules/which
4725 silly ADD node_modules/@npmcli/package-json
4726 silly ADD node_modules/@npmcli/installed-package-contents
4727 silly ADD node_modules/@npmcli/git
4728 silly ADD node_modules/@npmcli/git/node_modules/isexe
4729 silly ADD node_modules/@npmcli/git/node_modules/which
4730 silly ADD node_modules/@npmcli/git/node_modules/lru-cache
4731 silly ADD node_modules/yoctocolors
4732 silly ADD node_modules/stdin-discarder
4733 silly ADD node_modules/log-symbols
4734 silly ADD node_modules/is-unicode-supported
4735 silly ADD node_modules/is-interactive
4736 silly ADD node_modules/cli-spinners
4737 silly ADD node_modules/chalk
4738 silly ADD node_modules/wrappy
4739 silly ADD node_modules/ee-first
4740 silly ADD node_modules/validate-npm-package-name
4741 silly ADD node_modules/proc-log
4742 silly ADD node_modules/hosted-git-info
4743 silly ADD node_modules/hosted-git-info/node_modules/lru-cache
4744 silly ADD node_modules/detect-libc
4745 silly ADD node_modules/@msgpackr-extract/msgpackr-extract-win32-x64
4746 silly ADD node_modules/msgpackr-extract
4747 silly ADD node_modules/mime-db
4748 silly ADD node_modules/yallist
4749 silly ADD node_modules/restore-cursor
4750 silly ADD node_modules/environment
4751 silly ADD node_modules/strip-ansi
4752 silly ADD node_modules/cli-cursor
4753 silly ADD node_modules/ansi-escapes
4754 silly ADD node_modules/weak-lru-cache
4755 silly ADD node_modules/ordered-binary
4756 silly ADD node_modules/node-gyp-build-optional-packages
4757 silly ADD node_modules/node-addon-api
4758 silly ADD node_modules/msgpackr
4759 silly ADD node_modules/@lmdb/lmdb-win32-x64
4760 silly ADD node_modules/string-width
4761 silly ADD node_modules/slice-ansi
4762 silly ADD node_modules/rfdc
4763 silly ADD node_modules/log-update
4764 silly ADD node_modules/log-update/node_modules/string-width
4765 silly ADD node_modules/log-update/node_modules/wrap-ansi
4766 silly ADD node_modules/eventemitter3
4767 silly ADD node_modules/colorette
4768 silly ADD node_modules/cli-truncate
4769 silly ADD node_modules/@csstools/color-helpers
4770 silly ADD node_modules/@csstools/css-color-parser
4771 silly ADD node_modules/@csstools/css-tokenizer
4772 silly ADD node_modules/@csstools/css-parser-algorithms
4773 silly ADD node_modules/@csstools/css-calc
4774 silly ADD node_modules/@csstools/css-syntax-patches-for-csstree
4775 silly ADD node_modules/@asamuzakjp/css-color
4776 silly ADD node_modules/@asamuzakjp/css-color/node_modules/lru-cache
4777 silly ADD node_modules/source-map-js
4778 silly ADD node_modules/mdn-data
4779 silly ADD node_modules/css-tree
4780 silly ADD node_modules/bidi-js
4781 silly ADD node_modules/@asamuzakjp/nwsapi
4782 silly ADD node_modules/xml-name-validator
4783 silly ADD node_modules/ws
4784 silly ADD node_modules/whatwg-url
4785 silly ADD node_modules/whatwg-mimetype
4786 silly ADD node_modules/webidl-conversions
4787 silly ADD node_modules/w3c-xmlserializer
4788 silly ADD node_modules/tough-cookie
4789 silly ADD node_modules/symbol-tree
4790 silly ADD node_modules/saxes
4791 silly ADD node_modules/parse5
4792 silly ADD node_modules/parse5/node_modules/entities
4793 silly ADD node_modules/is-potential-custom-element-name
4794 silly ADD node_modules/http-proxy-agent
4795 silly ADD node_modules/html-encoding-sniffer
4796 silly ADD node_modules/decimal.js
4797 silly ADD node_modules/data-urls
4798 silly ADD node_modules/data-urls/node_modules/whatwg-mimetype
4799 silly ADD node_modules/cssstyle
4800 silly ADD node_modules/cssstyle/node_modules/lru-cache
4801 silly ADD node_modules/@exodus/bytes
4802 silly ADD node_modules/@asamuzakjp/dom-selector
4803 silly ADD node_modules/@asamuzakjp/dom-selector/node_modules/lru-cache
4804 silly ADD node_modules/@acemir/cssom
4805 silly ADD node_modules/istanbul-lib-coverage
4806 silly ADD node_modules/@istanbuljs/schema
4807 silly ADD node_modules/safer-buffer
4808 silly ADD node_modules/agent-base
4809 silly ADD node_modules/toidentifier
4810 silly ADD node_modules/setprototypeof
4811 silly ADD node_modules/inherits
4812 silly ADD node_modules/ip-address
4813 silly ADD node_modules/bytes
4814 silly ADD node_modules/negotiator
4815 silly ADD node_modules/type-is
4816 silly ADD node_modules/statuses
4817 silly ADD node_modules/serve-static
4818 silly ADD node_modules/send
4819 silly ADD node_modules/router
4820 silly ADD node_modules/range-parser
4821 silly ADD node_modules/qs
4822 silly ADD node_modules/proxy-addr
4823 silly ADD node_modules/parseurl
4824 silly ADD node_modules/once
4825 silly ADD node_modules/on-finished
4826 silly ADD node_modules/mime-types
4827 silly ADD node_modules/merge-descriptors
4828 silly ADD node_modules/http-errors
4829 silly ADD node_modules/fresh
4830 silly ADD node_modules/finalhandler
4831 silly ADD node_modules/etag
4832 silly ADD node_modules/escape-html
4833 silly ADD node_modules/encodeurl
4834 silly ADD node_modules/depd
4835 silly ADD node_modules/cookie-signature
4836 silly ADD node_modules/cookie
4837 silly ADD node_modules/content-disposition
4838 silly ADD node_modules/body-parser
4839 silly ADD node_modules/accepts
4840 silly ADD node_modules/@esbuild/win32-x64
4841 silly ADD node_modules/entities
4842 silly ADD node_modules/domelementtype
4843 silly ADD node_modules/ms
4844 silly ADD node_modules/nth-check
4845 silly ADD node_modules/domutils
4846 silly ADD node_modules/boolbase
4847 silly ADD node_modules/which
4848 silly ADD node_modules/shebang-command
4849 silly ADD node_modules/path-key
4850 silly ADD node_modules/vary
4851 silly ADD node_modules/object-assign
4852 silly ADD node_modules/readdirp
4853 silly ADD node_modules/update-browserslist-db
4854 silly ADD node_modules/node-releases
4855 silly ADD node_modules/electron-to-chromium
4856 silly ADD node_modules/caniuse-lite
4857 silly ADD node_modules/baseline-browser-mapping
4858 silly ADD node_modules/postcss-media-query-parser
4859 silly ADD node_modules/postcss
4860 silly ADD node_modules/htmlparser2
4861 silly ADD node_modules/htmlparser2/node_modules/entities
4862 silly ADD node_modules/domhandler
4863 silly ADD node_modules/dom-serializer
4864 silly ADD node_modules/css-what
4865 silly ADD node_modules/css-select
4866 silly ADD node_modules/@algolia/requester-node-http
4867 silly ADD node_modules/@algolia/requester-fetch
4868 silly ADD node_modules/@algolia/requester-browser-xhr
4869 silly ADD node_modules/@algolia/recommend
4870 silly ADD node_modules/@algolia/monitoring
4871 silly ADD node_modules/@algolia/ingestion
4872 silly ADD node_modules/@algolia/client-search
4873 silly ADD node_modules/@algolia/client-query-suggestions
4874 silly ADD node_modules/@algolia/client-personalization
4875 silly ADD node_modules/@algolia/client-insights
4876 silly ADD node_modules/@algolia/client-common
4877 silly ADD node_modules/@algolia/client-analytics
4878 silly ADD node_modules/@algolia/client-abtesting
4879 silly ADD node_modules/@algolia/abtesting
4880 silly ADD node_modules/require-from-string
4881 silly ADD node_modules/json-schema-traverse
4882 silly ADD node_modules/fast-uri
4883 silly ADD node_modules/fast-deep-equal
4884 silly ADD node_modules/zod-to-json-schema
4885 silly ADD node_modules/raw-body
4886 silly ADD node_modules/pkce-challenge
4887 silly ADD node_modules/json-schema-typed
4888 silly ADD node_modules/jose
4889 silly ADD node_modules/express-rate-limit
4890 silly ADD node_modules/express
4891 silly ADD node_modules/eventsource-parser
4892 silly ADD node_modules/eventsource
4893 silly ADD node_modules/cross-spawn
4894 silly ADD node_modules/cors
4895 silly ADD node_modules/content-type
4896 silly ADD node_modules/hono
4897 silly ADD node_modules/@hono/node-server
4898 silly ADD node_modules/@jridgewell/resolve-uri
4899 silly ADD node_modules/iconv-lite
4900 silly ADD node_modules/chardet
4901 silly ADD node_modules/@inquirer/external-editor
4902 silly ADD node_modules/@inquirer/select
4903 silly ADD node_modules/@inquirer/search
4904 silly ADD node_modules/@inquirer/rawlist
4905 silly ADD node_modules/@inquirer/password
4906 silly ADD node_modules/@inquirer/number
4907 silly ADD node_modules/@inquirer/input
4908 silly ADD node_modules/@inquirer/expand
4909 silly ADD node_modules/@inquirer/editor
4910 silly ADD node_modules/@inquirer/checkbox
4911 silly ADD node_modules/yoctocolors-cjs
4912 silly ADD node_modules/wrap-ansi
4913 silly ADD node_modules/wrap-ansi/node_modules/ansi-regex
4914 silly ADD node_modules/wrap-ansi/node_modules/is-fullwidth-code-point
4915 silly ADD node_modules/wrap-ansi/node_modules/emoji-regex
4916 silly ADD node_modules/wrap-ansi/node_modules/strip-ansi
4917 silly ADD node_modules/wrap-ansi/node_modules/string-width
4918 silly ADD node_modules/wrap-ansi/node_modules/ansi-styles
4919 silly ADD node_modules/signal-exit
4920 silly ADD node_modules/mute-stream
4921 silly ADD node_modules/cli-width
4922 silly ADD node_modules/@inquirer/figures
4923 silly ADD node_modules/@inquirer/ansi
4924 silly ADD node_modules/@inquirer/type
4925 silly ADD node_modules/@inquirer/core
4926 silly ADD node_modules/@babel/helper-string-parser
4927 silly ADD node_modules/@babel/helper-globals
4928 silly ADD node_modules/@babel/helper-module-imports
4929 silly ADD node_modules/lru-cache
4930 silly ADD node_modules/@babel/helper-validator-option
4931 silly ADD node_modules/@babel/compat-data
4932 silly ADD node_modules/jsesc
4933 silly ADD node_modules/picocolors
4934 silly ADD node_modules/js-tokens
4935 silly ADD node_modules/@babel/helper-validator-identifier
4936 silly ADD node_modules/json5
4937 silly ADD node_modules/gensync
4938 silly ADD node_modules/debug
4939 silly ADD node_modules/@jridgewell/remapping
4940 silly ADD node_modules/@babel/types
4941 silly ADD node_modules/@babel/traverse
4942 silly ADD node_modules/@babel/template
4943 silly ADD node_modules/@babel/parser
4944 silly ADD node_modules/@babel/helpers
4945 silly ADD node_modules/@babel/helper-module-transforms
4946 silly ADD node_modules/@babel/helper-compilation-targets
4947 silly ADD node_modules/@babel/helper-compilation-targets/node_modules/semver
4948 silly ADD node_modules/@babel/generator
4949 silly ADD node_modules/@babel/code-frame
4950 silly ADD node_modules/@standard-schema/spec
4951 silly ADD node_modules/reflect-metadata
4952 silly ADD node_modules/convert-source-map
4953 silly ADD node_modules/chokidar
4954 silly ADD node_modules/@jridgewell/sourcemap-codec
4955 silly ADD node_modules/ora
4956 silly ADD node_modules/zod
4957 silly ADD node_modules/yargs
4958 silly ADD node_modules/yargs/node_modules/string-width
4959 silly ADD node_modules/resolve
4960 silly ADD node_modules/pacote
4961 silly ADD node_modules/npm-package-arg
4962 silly ADD node_modules/ini
4963 silly ADD node_modules/algoliasearch
4964 silly ADD node_modules/@yarnpkg/lockfile
4965 silly ADD node_modules/@schematics/angular
4966 silly ADD node_modules/@modelcontextprotocol/sdk
4967 silly ADD node_modules/@listr2/prompt-adapter-inquirer
4968 silly ADD node_modules/@inquirer/prompts
4969 silly ADD node_modules/@angular-devkit/schematics
4970 silly ADD node_modules/source-map
4971 silly ADD node_modules/ajv-formats
4972 silly ADD node_modules/ajv
4973 silly ADD node_modules/@angular-devkit/core
4974 silly ADD node_modules/@jridgewell/trace-mapping
4975 silly ADD node_modules/@jridgewell/gen-mapping
4976 silly ADD node_modules/watchpack
4977 silly ADD node_modules/undici
4978 silly ADD node_modules/tinyglobby
4979 silly ADD node_modules/source-map-support
4980 silly ADD node_modules/source-map-support/node_modules/source-map
4981 silly ADD node_modules/semver
4982 silly ADD node_modules/sass
4983 silly ADD node_modules/sass/node_modules/readdirp
4984 silly ADD node_modules/sass/node_modules/chokidar
4985 silly ADD node_modules/rolldown
4986 silly ADD node_modules/piscina
4987 silly ADD node_modules/picomatch
4988 silly ADD node_modules/parse5-html-rewriting-stream
4989 silly ADD node_modules/parse5-html-rewriting-stream/node_modules/entities
4990 silly ADD node_modules/mrmime
4991 silly ADD node_modules/magic-string
4992 silly ADD node_modules/lmdb
4993 silly ADD node_modules/listr2
4994 silly ADD node_modules/listr2/node_modules/string-width
4995 silly ADD node_modules/listr2/node_modules/wrap-ansi
4996 silly ADD node_modules/jsonc-parser
4997 silly ADD node_modules/istanbul-lib-instrument
4998 silly ADD node_modules/https-proxy-agent
4999 silly ADD node_modules/esbuild
5000 silly ADD node_modules/browserslist
5001 silly ADD node_modules/beasties
5002 silly ADD node_modules/vite
5003 silly ADD node_modules/@vitejs/plugin-basic-ssl
5004 silly ADD node_modules/@inquirer/confirm
5005 silly ADD node_modules/@babel/helper-split-export-declaration
5006 silly ADD node_modules/@babel/helper-annotate-as-pure
5007 silly ADD node_modules/@babel/core
5008 silly ADD node_modules/@babel/core/node_modules/semver
5009 silly ADD node_modules/@babel/core/node_modules/convert-source-map
5010 silly ADD node_modules/@angular-devkit/architect
5011 silly ADD node_modules/@ampproject/remapping
5012 silly ADD node_modules/vitest
5013 silly ADD node_modules/jsdom
5014 silly ADD node_modules/@angular/router
5015 silly ADD node_modules/@angular/platform-browser
5016 silly ADD node_modules/@angular/forms
5017 silly ADD node_modules/@angular/core
5018 silly ADD node_modules/rxjs
5019 silly ADD node_modules/@angular/common
5020 silly ADD node_modules/@angular/cli
5021 silly ADD node_modules/@angular/compiler-cli
5022 silly ADD node_modules/@angular/compiler
5023 silly ADD node_modules/typescript
5024 silly ADD node_modules/tslib
5025 silly ADD node_modules/@angular/build
5026 verbose cwd C:\Users\Maurice Ogada\cholesterol
5027 verbose os Windows_NT 10.0.26200
5028 verbose node v24.13.1
5029 verbose npm  v11.8.0
5030 notice
5030 notice New minor version of npm available! 11.8.0 -> 11.10.1
5030 notice Changelog: https://github.com/npm/cli/releases/tag/v11.10.1
5030 notice To update run: npm install -g npm@11.10.1
5030 notice  { force: true, Symbol(proc-log.meta): true }
5031 verbose exit 0
5032 info ok
